dates,datetimes,hour_of_day,cash_type,card,sales,coffee_name,time_of_day,weekdays,month_name,weekday_sort,month_sort
2024-03-01,2024-03-01 10:15:51,10,card,ANON-0000-0000-0001,38.7,Latte,Morning,Fri,Mar,5,3
2024-03-01,2024-03-01 12:19:23,12,card,ANON-0000-0000-0002,38.7,Hot Chocolate,Afternoon,Fri,Mar,5,3
2024-03-01,2024-03-01 12:20:18,12,card,ANON-0000-0000-0002,38.7,Hot Chocolate,Afternoon,Fri,Mar,5,3
2024-03-01,2024-03-01 13:46:33,13,card,ANON-0000-0000-0003,28.9,Americano,Afternoon,Fri,Mar,5,3
2024-03-01,2024-03-01 13:48:15,13,card,ANON-0000-0000-0004,38.7,Latte,Afternoon,Fri,Mar,5,3
2024-03-01,2024-03-01 15:39:48,15,card,ANON-0000-0000-0005,33.8,Americano with Milk,Afternoon,Fri,Mar,5,3
2024-03-01,2024-03-01 16:19:03,16,card,ANON-0000-0000-0006,38.7,Hot Chocolate,Afternoon,Fri,Mar,5,3
2024-03-01,2024-03-01 18:39:04,18,card,ANON-0000-0000-0007,33.8,Americano with Milk,Night,Fri,Mar,5,3
2024-03-01,2024-03-01 19:22:02,19,card,ANON-0000-0000-0008,38.7,Cocoa,Night,Fri,Mar,5,3
2024-03-01,2024-03-01 19:23:16,19,card,ANON-0000-0000-0008,33.8,Americano with Milk,Night,Fri,Mar,5,3
2024-03-01,2024-03-01 19:29:17,19,card,ANON-0000-0000-0009,33.8,Americano with Milk,Night,Fri,Mar,5,3
2024-03-02,2024-03-02 10:22:07,10,card,ANON-0000-0000-0010,28.9,Americano,Morning,Sat,Mar,6,3
2024-03-02,2024-03-02 10:30:36,10,cash,,40,Latte,Morning,Sat,Mar,6,3
2024-03-02,2024-03-02 10:41:41,10,card,ANON-0000-0000-0011,33.8,Americano with Milk,Morning,Sat,Mar,6,3
2024-03-02,2024-03-02 11:59:45,11,card,ANON-0000-0000-0012,33.8,Americano with Milk,Morning,Sat,Mar,6,3
2024-03-02,2024-03-02 14:38:36,14,card,ANON-0000-0000-0013,28.9,Americano,Afternoon,Sat,Mar,6,3
2024-03-02,2024-03-02 16:37:24,16,card,ANON-0000-0000-0014,33.8,Americano with Milk,Afternoon,Sat,Mar,6,3
2024-03-02,2024-03-02 17:34:55,17,card,ANON-0000-0000-0004,28.9,Americano,Night,Sat,Mar,6,3
2024-03-03,2024-03-03 10:10:44,10,cash,,40,Latte,Morning,Sun,Mar,7,3
2024-03-03,2024-03-03 10:27:19,10,card,ANON-0000-0000-0015,38.7,Latte,Morning,Sun,Mar,7,3
2024-03-03,2024-03-03 11:33:56,11,card,ANON-0000-0000-0016,28.9,Cortado,Morning,Sun,Mar,7,3
2024-03-03,2024-03-03 12:26:56,12,card,ANON-0000-0000-0012,28.9,Americano,Afternoon,Sun,Mar,7,3
2024-03-03,2024-03-03 13:09:36,13,card,ANON-0000-0000-0017,38.7,Hot Chocolate,Afternoon,Sun,Mar,7,3
2024-03-03,2024-03-03 17:06:40,17,card,ANON-0000-0000-0018,38.7,Cocoa,Night,Sun,Mar,7,3
2024-03-03,2024-03-03 17:08:46,17,card,ANON-0000-0000-0019,28.9,Cortado,Night,Sun,Mar,7,3
2024-03-03,2024-03-03 18:03:23,18,card,ANON-0000-0000-0020,33.8,Americano with Milk,Night,Sun,Mar,7,3
2024-03-03,2024-03-03 18:04:28,18,card,ANON-0000-0000-0020,33.8,Americano with Milk,Night,Sun,Mar,7,3
2024-03-03,2024-03-03 18:08:05,18,card,ANON-0000-0000-0020,38.7,Hot Chocolate,Night,Sun,Mar,7,3
2024-03-04,2024-03-04 10:03:52,10,card,ANON-0000-0000-0001,38.7,Latte,Morning,Mon,Mar,1,3
2024-03-04,2024-03-04 10:54:51,10,card,ANON-0000-0000-0021,38.7,Latte,Morning,Mon,Mar,1,3
2024-03-04,2024-03-04 11:05:16,11,card,ANON-0000-0000-0012,33.8,Americano with Milk,Morning,Mon,Mar,1,3
2024-03-04,2024-03-04 14:04:38,14,card,ANON-0000-0000-0022,24,Espresso,Afternoon,Mon,Mar,1,3
2024-03-05,2024-03-05 09:59:53,9,card,ANON-0000-0000-0001,38.7,Latte,Morning,Tue,Mar,2,3
2024-03-05,2024-03-05 14:34:56,14,card,ANON-0000-0000-0023,38.7,Latte,Afternoon,Tue,Mar,2,3
2024-03-05,2024-03-05 17:34:06,17,card,ANON-0000-0000-0024,38.7,Latte,Night,Tue,Mar,2,3
2024-03-05,2024-03-05 17:35:25,17,card,ANON-0000-0000-0025,38.7,Hot Chocolate,Night,Tue,Mar,2,3
2024-03-05,2024-03-05 17:36:29,17,card,ANON-0000-0000-0026,38.7,Cocoa,Night,Tue,Mar,2,3
2024-03-05,2024-03-05 17:37:14,17,card,ANON-0000-0000-0027,38.7,Hot Chocolate,Night,Tue,Mar,2,3
2024-03-05,2024-03-05 17:38:09,17,card,ANON-0000-0000-0009,38.7,Hot Chocolate,Night,Tue,Mar,2,3
2024-03-05,2024-03-05 17:56:16,17,card,ANON-0000-0000-0028,28.9,Cortado,Night,Tue,Mar,2,3
2024-03-05,2024-03-05 18:01:31,18,card,ANON-0000-0000-0028,38.7,Hot Chocolate,Night,Tue,Mar,2,3
2024-03-06,2024-03-06 12:30:27,12,cash,,35,Americano with Milk,Afternoon,Wed,Mar,3,3
2024-03-06,2024-03-06 13:24:08,13,card,ANON-0000-0000-0012,28.9,Americano,Afternoon,Wed,Mar,3,3
2024-03-06,2024-03-06 13:25:14,13,card,ANON-0000-0000-0012,28.9,Cortado,Afternoon,Wed,Mar,3,3
2024-03-06,2024-03-06 14:52:02,14,card,ANON-0000-0000-0029,38.7,Cappuccino,Afternoon,Wed,Mar,3,3
2024-03-06,2024-03-06 14:53:18,14,card,ANON-0000-0000-0029,38.7,Cappuccino,Afternoon,Wed,Mar,3,3
2024-03-07,2024-03-07 10:08:59,10,cash,,40,Latte,Morning,Thu,Mar,4,3
2024-03-07,2024-03-07 10:18:41,10,card,ANON-0000-0000-0030,38.7,Hot Chocolate,Morning,Thu,Mar,4,3
2024-03-07,2024-03-07 11:03:59,11,card,ANON-0000-0000-0031,38.7,Latte,Morning,Thu,Mar,4,3
2024-03-07,2024-03-07 11:25:44,11,cash,,40,Latte,Morning,Thu,Mar,4,3
2024-03-07,2024-03-07 15:40:23,15,card,ANON-0000-0000-0032,28.9,Americano,Afternoon,Thu,Mar,4,3
2024-03-07,2024-03-07 15:41:29,15,card,ANON-0000-0000-0033,33.8,Americano with Milk,Afternoon,Thu,Mar,4,3
2024-03-08,2024-03-08 10:34:41,10,card,ANON-0000-0000-0012,28.9,Cortado,Morning,Fri,Mar,5,3
2024-03-08,2024-03-08 12:22:29,12,card,ANON-0000-0000-0034,38.7,Cappuccino,Afternoon,Fri,Mar,5,3
2024-03-08,2024-03-08 13:53:02,13,card,ANON-0000-0000-0035,28.9,Americano,Afternoon,Fri,Mar,5,3
2024-03-08,2024-03-08 14:44:13,14,card,ANON-0000-0000-0012,28.9,Americano,Afternoon,Fri,Mar,5,3
2024-03-08,2024-03-08 14:45:11,14,card,ANON-0000-0000-0033,28.9,Americano,Afternoon,Fri,Mar,5,3
2024-03-08,2024-03-08 14:46:11,14,card,ANON-0000-0000-0012,33.8,Americano with Milk,Afternoon,Fri,Mar,5,3
2024-03-08,2024-03-08 18:57:51,18,card,ANON-0000-0000-0036,38.7,Latte,Night,Fri,Mar,5,3
2024-03-08,2024-03-08 18:59:25,18,card,ANON-0000-0000-0037,38.7,Latte,Night,Fri,Mar,5,3
2024-03-09,2024-03-09 11:49:37,11,cash,,40,Hot Chocolate,Morning,Sat,Mar,6,3
2024-03-09,2024-03-09 12:05:16,12,card,ANON-0000-0000-0038,24,Espresso,Afternoon,Sat,Mar,6,3
2024-03-09,2024-03-09 12:07:38,12,card,ANON-0000-0000-0039,28.9,Americano,Afternoon,Sat,Mar,6,3
2024-03-09,2024-03-09 12:09:48,12,card,ANON-0000-0000-0012,38.7,Cappuccino,Afternoon,Sat,Mar,6,3
2024-03-09,2024-03-09 12:13:04,12,card,ANON-0000-0000-0040,28.9,Americano,Afternoon,Sat,Mar,6,3
2024-03-09,2024-03-09 12:14:26,12,card,ANON-0000-0000-0040,28.9,Americano,Afternoon,Sat,Mar,6,3
2024-03-09,2024-03-09 13:09:22,13,card,ANON-0000-0000-0041,38.7,Latte,Afternoon,Sat,Mar,6,3
2024-03-09,2024-03-09 13:41:06,13,card,ANON-0000-0000-0042,33.8,Americano with Milk,Afternoon,Sat,Mar,6,3
2024-03-09,2024-03-09 13:53:10,13,card,ANON-0000-0000-0043,28.9,Cortado,Afternoon,Sat,Mar,6,3
2024-03-09,2024-03-09 13:54:37,13,card,ANON-0000-0000-0043,38.7,Cappuccino,Afternoon,Sat,Mar,6,3
2024-03-09,2024-03-09 14:08:02,14,card,ANON-0000-0000-0009,33.8,Americano with Milk,Afternoon,Sat,Mar,6,3
2024-03-09,2024-03-09 14:26:53,14,card,ANON-0000-0000-0044,38.7,Hot Chocolate,Afternoon,Sat,Mar,6,3
2024-03-09,2024-03-09 19:17:58,19,card,ANON-0000-0000-0009,38.7,Cappuccino,Night,Sat,Mar,6,3
2024-03-09,2024-03-09 19:19:10,19,card,ANON-0000-0000-0009,38.7,Hot Chocolate,Night,Sat,Mar,6,3
2024-03-10,2024-03-10 07:44:19,7,cash,,30,Americano,Morning,Sun,Mar,7,3
2024-03-10,2024-03-10 07:45:29,7,cash,,35,Americano with Milk,Morning,Sun,Mar,7,3
2024-03-10,2024-03-10 10:06:03,10,cash,,40,Latte,Morning,Sun,Mar,7,3
2024-03-10,2024-03-10 11:19:21,11,card,ANON-0000-0000-0045,24,Espresso,Morning,Sun,Mar,7,3
2024-03-10,2024-03-10 17:51:03,17,cash,,35,Americano with Milk,Night,Sun,Mar,7,3
2024-03-10,2024-03-10 19:34:00,19,card,ANON-0000-0000-0046,38.7,Latte,Night,Sun,Mar,7,3
2024-03-10,2024-03-10 19:35:55,19,card,ANON-0000-0000-0046,28.9,Cortado,Night,Sun,Mar,7,3
2024-03-11,2024-03-11 10:18:47,10,cash,,40,Latte,Morning,Mon,Mar,1,3
2024-03-11,2024-03-11 11:24:15,11,cash,,40,Cappuccino,Morning,Mon,Mar,1,3
2024-03-11,2024-03-11 11:24:52,11,cash,,30,Cortado,Morning,Mon,Mar,1,3
2024-03-11,2024-03-11 11:26:44,11,cash,,30,Americano,Morning,Mon,Mar,1,3
2024-03-11,2024-03-11 11:32:59,11,card,ANON-0000-0000-0035,38.7,Cappuccino,Morning,Mon,Mar,1,3
2024-03-11,2024-03-11 16:24:26,16,card,ANON-0000-0000-0047,28.9,Americano,Afternoon,Mon,Mar,1,3
2024-03-11,2024-03-11 16:25:46,16,card,ANON-0000-0000-0047,38.7,Latte,Afternoon,Mon,Mar,1,3
2024-03-11,2024-03-11 16:50:50,16,card,ANON-0000-0000-0048,28.9,Cortado,Afternoon,Mon,Mar,1,3
2024-03-12,2024-03-12 10:15:00,10,cash,,40,Latte,Morning,Tue,Mar,2,3
2024-03-12,2024-03-12 10:15:35,10,card,ANON-0000-0000-0033,28.9,Americano,Morning,Tue,Mar,2,3
2024-03-12,2024-03-12 10:16:25,10,card,ANON-0000-0000-0033,28.9,Cortado,Morning,Tue,Mar,2,3
2024-03-12,2024-03-12 11:20:46,11,card,ANON-0000-0000-0049,38.7,Hot Chocolate,Morning,Tue,Mar,2,3
2024-03-12,2024-03-12 12:46:23,12,card,ANON-0000-0000-0004,33.8,Americano with Milk,Afternoon,Tue,Mar,2,3
2024-03-12,2024-03-12 12:47:26,12,card,ANON-0000-0000-0004,28.9,Americano,Afternoon,Tue,Mar,2,3
2024-03-12,2024-03-12 16:15:43,16,card,ANON-0000-0000-0050,28.9,Americano,Afternoon,Tue,Mar,2,3
2024-03-13,2024-03-13 11:06:43,11,card,ANON-0000-0000-0048,38.7,Hot Chocolate,Morning,Wed,Mar,3,3
2024-03-13,2024-03-13 11:48:17,11,card,ANON-0000-0000-0004,28.9,Americano,Morning,Wed,Mar,3,3
2024-03-13,2024-03-13 12:18:06,12,card,ANON-0000-0000-0051,28.9,Americano,Afternoon,Wed,Mar,3,3
2024-03-13,2024-03-13 12:19:05,12,card,ANON-0000-0000-0051,28.9,Americano,Afternoon,Wed,Mar,3,3
2024-03-13,2024-03-13 12:34:30,12,cash,,25,Espresso,Afternoon,Wed,Mar,3,3
2024-03-13,2024-03-13 14:26:41,14,card,ANON-0000-0000-0052,33.8,Americano with Milk,Afternoon,Wed,Mar,3,3
2024-03-13,2024-03-13 15:40:22,15,card,ANON-0000-0000-0053,24,Espresso,Afternoon,Wed,Mar,3,3
2024-03-13,2024-03-13 15:41:20,15,card,ANON-0000-0000-0053,24,Espresso,Afternoon,Wed,Mar,3,3
2024-03-13,2024-03-13 16:47:09,16,card,ANON-0000-0000-0054,24,Espresso,Afternoon,Wed,Mar,3,3
2024-03-14,2024-03-14 10:02:12,10,cash,,40,Latte,Morning,Thu,Mar,4,3
2024-03-14,2024-03-14 10:28:33,10,card,ANON-0000-0000-0055,38.7,Latte,Morning,Thu,Mar,4,3
2024-03-14,2024-03-14 10:29:34,10,card,ANON-0000-0000-0055,38.7,Hot Chocolate,Morning,Thu,Mar,4,3
2024-03-14,2024-03-14 13:27:30,13,card,ANON-0000-0000-0012,28.9,Cortado,Afternoon,Thu,Mar,4,3
2024-03-14,2024-03-14 13:28:25,13,card,ANON-0000-0000-0012,28.9,Americano,Afternoon,Thu,Mar,4,3
2024-03-14,2024-03-14 13:52:00,13,card,ANON-0000-0000-0056,33.8,Americano with Milk,Afternoon,Thu,Mar,4,3
2024-03-14,2024-03-14 13:52:56,13,card,ANON-0000-0000-0057,24,Espresso,Afternoon,Thu,Mar,4,3
2024-03-14,2024-03-14 15:20:38,15,card,ANON-0000-0000-0058,38.7,Latte,Afternoon,Thu,Mar,4,3
2024-03-14,2024-03-14 16:04:10,16,card,ANON-0000-0000-0059,33.8,Americano with Milk,Afternoon,Thu,Mar,4,3
2024-03-14,2024-03-14 16:54:38,16,card,ANON-0000-0000-0050,24,Espresso,Afternoon,Thu,Mar,4,3
2024-03-14,2024-03-14 18:58:56,18,card,ANON-0000-0000-0019,38.7,Hot Chocolate,Night,Thu,Mar,4,3
2024-03-14,2024-03-14 19:00:09,19,card,ANON-0000-0000-0012,28.9,Cortado,Night,Thu,Mar,4,3
2024-03-15,2024-03-15 10:02:17,10,cash,,40,Latte,Morning,Fri,Mar,5,3
2024-03-15,2024-03-15 10:53:02,10,card,ANON-0000-0000-0060,38.7,Hot Chocolate,Morning,Fri,Mar,5,3
2024-03-15,2024-03-15 18:19:28,18,card,ANON-0000-0000-0012,28.9,Americano,Night,Fri,Mar,5,3
2024-03-16,2024-03-16 12:06:55,12,card,ANON-0000-0000-0061,33.8,Americano with Milk,Afternoon,Sat,Mar,6,3
2024-03-16,2024-03-16 12:07:54,12,card,ANON-0000-0000-0061,28.9,Americano,Afternoon,Sat,Mar,6,3
2024-03-16,2024-03-16 15:58:18,15,card,ANON-0000-0000-0009,28.9,Cortado,Afternoon,Sat,Mar,6,3
2024-03-16,2024-03-16 16:03:22,16,card,ANON-0000-0000-0009,28.9,Cortado,Afternoon,Sat,Mar,6,3
2024-03-16,2024-03-16 16:04:11,16,card,ANON-0000-0000-0012,28.9,Cortado,Afternoon,Sat,Mar,6,3
2024-03-16,2024-03-16 17:58:07,17,card,ANON-0000-0000-0062,33.8,Americano with Milk,Night,Sat,Mar,6,3
2024-03-17,2024-03-17 10:10:21,10,cash,,40,Latte,Morning,Sun,Mar,7,3
2024-03-17,2024-03-17 12:55:26,12,card,ANON-0000-0000-0063,28.9,Cortado,Afternoon,Sun,Mar,7,3
2024-03-18,2024-03-18 11:18:00,11,card,ANON-0000-0000-0064,28.9,Cortado,Morning,Mon,Mar,1,3
2024-03-18,2024-03-18 15:31:40,15,card,ANON-0000-0000-0003,28.9,Americano,Afternoon,Mon,Mar,1,3
2024-03-18,2024-03-18 15:32:38,15,card,ANON-0000-0000-0003,28.9,Americano,Afternoon,Mon,Mar,1,3
2024-03-18,2024-03-18 15:33:37,15,card,ANON-0000-0000-0003,28.9,Americano,Afternoon,Mon,Mar,1,3
2024-03-19,2024-03-19 10:20:26,10,cash,,30,Cortado,Morning,Tue,Mar,2,3
2024-03-19,2024-03-19 14:02:22,14,card,ANON-0000-0000-0065,38.7,Latte,Afternoon,Tue,Mar,2,3
2024-03-19,2024-03-19 14:03:20,14,card,ANON-0000-0000-0065,38.7,Latte,Afternoon,Tue,Mar,2,3
2024-03-19,2024-03-19 15:04:36,15,card,ANON-0000-0000-0049,38.7,Hot Chocolate,Afternoon,Tue,Mar,2,3
2024-03-19,2024-03-19 16:53:49,16,card,ANON-0000-0000-0066,33.8,Americano with Milk,Afternoon,Tue,Mar,2,3
2024-03-19,2024-03-19 19:26:33,19,cash,,40,Hot Chocolate,Night,Tue,Mar,2,3
2024-03-20,2024-03-20 11:41:16,11,card,ANON-0000-0000-0012,28.9,Cortado,Morning,Wed,Mar,3,3
2024-03-20,2024-03-20 12:21:08,12,cash,,40,Latte,Afternoon,Wed,Mar,3,3
2024-03-20,2024-03-20 12:30:49,12,card,ANON-0000-0000-0049,28.9,Cortado,Afternoon,Wed,Mar,3,3
2024-03-20,2024-03-20 13:16:47,13,card,ANON-0000-0000-0067,38.7,Cappuccino,Afternoon,Wed,Mar,3,3
2024-03-20,2024-03-20 16:42:38,16,card,ANON-0000-0000-0050,38.7,Cocoa,Afternoon,Wed,Mar,3,3
2024-03-20,2024-03-20 17:50:29,17,card,ANON-0000-0000-0068,38.7,Latte,Night,Wed,Mar,3,3
2024-03-21,2024-03-21 10:18:57,10,cash,,40,Cappuccino,Morning,Thu,Mar,4,3
2024-03-21,2024-03-21 12:25:09,12,card,ANON-0000-0000-0012,28.9,Cortado,Afternoon,Thu,Mar,4,3
2024-03-21,2024-03-21 12:26:17,12,card,ANON-0000-0000-0012,38.7,Cappuccino,Afternoon,Thu,Mar,4,3
2024-03-21,2024-03-21 17:21:01,17,cash,,30,Americano,Night,Thu,Mar,4,3
2024-03-21,2024-03-21 17:22:01,17,card,ANON-0000-0000-0012,28.9,Cortado,Night,Thu,Mar,4,3
2024-03-21,2024-03-21 19:20:37,19,card,ANON-0000-0000-0069,38.7,Latte,Night,Thu,Mar,4,3
2024-03-22,2024-03-22 10:35:54,10,card,ANON-0000-0000-0070,33.8,Americano with Milk,Morning,Fri,Mar,5,3
2024-03-22,2024-03-22 13:29:20,13,card,ANON-0000-0000-0071,33.8,Americano with Milk,Afternoon,Fri,Mar,5,3
2024-03-22,2024-03-22 16:15:14,16,cash,,40,Cappuccino,Afternoon,Fri,Mar,5,3
2024-03-22,2024-03-22 17:17:04,17,card,ANON-0000-0000-0012,28.9,Americano,Night,Fri,Mar,5,3
2024-03-22,2024-03-22 17:17:59,17,card,ANON-0000-0000-0012,24,Espresso,Night,Fri,Mar,5,3
2024-03-22,2024-03-22 17:20:49,17,card,ANON-0000-0000-0050,28.9,Americano,Night,Fri,Mar,5,3
2024-03-23,2024-03-23 10:44:00,10,card,ANON-0000-0000-0072,38.7,Latte,Morning,Sat,Mar,6,3
2024-03-23,2024-03-23 10:45:07,10,card,ANON-0000-0000-0073,33.8,Americano with Milk,Morning,Sat,Mar,6,3
2024-03-23,2024-03-23 13:10:08,13,card,ANON-0000-0000-0074,38.7,Cappuccino,Afternoon,Sat,Mar,6,3
2024-03-23,2024-03-23 13:11:12,13,card,ANON-0000-0000-0074,38.7,Cocoa,Afternoon,Sat,Mar,6,3
2024-03-23,2024-03-23 14:44:41,14,card,ANON-0000-0000-0075,33.8,Americano with Milk,Afternoon,Sat,Mar,6,3
2024-03-23,2024-03-23 15:47:19,15,card,ANON-0000-0000-0076,38.7,Latte,Afternoon,Sat,Mar,6,3
2024-03-23,2024-03-23 15:49:34,15,card,ANON-0000-0000-0076,33.8,Americano with Milk,Afternoon,Sat,Mar,6,3
2024-03-23,2024-03-23 16:00:58,16,card,ANON-0000-0000-0009,28.9,Cortado,Afternoon,Sat,Mar,6,3
2024-03-24,2024-03-24 10:03:56,10,cash,,40,Latte,Morning,Sun,Mar,7,3
2024-03-24,2024-03-24 18:45:08,18,card,ANON-0000-0000-0077,38.7,Latte,Night,Sun,Mar,7,3
2024-03-25,2024-03-25 10:31:47,10,card,ANON-0000-0000-0009,38.7,Latte,Morning,Mon,Mar,1,3
2024-03-25,2024-03-25 11:16:26,11,cash,,35,Americano with Milk,Morning,Mon,Mar,1,3
2024-03-25,2024-03-25 14:27:09,14,card,ANON-0000-0000-0078,38.7,Latte,Afternoon,Mon,Mar,1,3
2024-03-25,2024-03-25 14:29:25,14,card,ANON-0000-0000-0017,38.7,Latte,Afternoon,Mon,Mar,1,3
2024-03-25,2024-03-25 18:37:31,18,card,ANON-0000-0000-0024,33.8,Americano with Milk,Night,Mon,Mar,1,3
2024-03-25,2024-03-25 19:34:25,19,card,ANON-0000-0000-0079,38.7,Cappuccino,Night,Mon,Mar,1,3
2024-03-26,2024-03-26 10:35:50,10,card,ANON-0000-0000-0055,38.7,Cocoa,Morning,Tue,Mar,2,3
2024-03-26,2024-03-26 10:36:36,10,card,ANON-0000-0000-0055,38.7,Latte,Morning,Tue,Mar,2,3
2024-03-26,2024-03-26 10:42:30,10,card,ANON-0000-0000-0080,38.7,Latte,Morning,Tue,Mar,2,3
2024-03-26,2024-03-26 11:11:47,11,card,ANON-0000-0000-0009,28.9,Cortado,Morning,Tue,Mar,2,3
2024-03-26,2024-03-26 13:35:53,13,card,ANON-0000-0000-0003,28.9,Americano,Afternoon,Tue,Mar,2,3
2024-03-26,2024-03-26 13:36:50,13,card,ANON-0000-0000-0032,28.9,Cortado,Afternoon,Tue,Mar,2,3
2024-03-26,2024-03-26 13:38:00,13,card,ANON-0000-0000-0059,28.9,Cortado,Afternoon,Tue,Mar,2,3
2024-03-26,2024-03-26 13:57:54,13,card,ANON-0000-0000-0050,28.9,Americano,Afternoon,Tue,Mar,2,3
2024-03-26,2024-03-26 15:48:02,15,card,ANON-0000-0000-0081,38.7,Latte,Afternoon,Tue,Mar,2,3
2024-03-26,2024-03-26 18:33:39,18,card,ANON-0000-0000-0024,38.7,Latte,Night,Tue,Mar,2,3
2024-03-26,2024-03-26 18:34:55,18,card,ANON-0000-0000-0009,38.7,Hot Chocolate,Night,Tue,Mar,2,3
2024-03-27,2024-03-27 11:04:51,11,card,ANON-0000-0000-0003,28.9,Cortado,Morning,Wed,Mar,3,3
2024-03-27,2024-03-27 11:05:58,11,card,ANON-0000-0000-0003,33.8,Americano with Milk,Morning,Wed,Mar,3,3
2024-03-27,2024-03-27 12:57:00,12,card,ANON-0000-0000-0082,33.8,Americano with Milk,Afternoon,Wed,Mar,3,3
2024-03-27,2024-03-27 13:35:20,13,card,ANON-0000-0000-0083,38.7,Hot Chocolate,Afternoon,Wed,Mar,3,3
2024-03-27,2024-03-27 14:22:32,14,card,ANON-0000-0000-0012,38.7,Cappuccino,Afternoon,Wed,Mar,3,3
2024-03-27,2024-03-27 14:23:35,14,card,ANON-0000-0000-0012,28.9,Americano,Afternoon,Wed,Mar,3,3
2024-03-27,2024-03-27 18:30:12,18,card,ANON-0000-0000-0084,28.9,Cortado,Night,Wed,Mar,3,3
2024-03-27,2024-03-27 19:31:12,19,cash,,40,Latte,Night,Wed,Mar,3,3
2024-03-28,2024-03-28 14:24:47,14,card,ANON-0000-0000-0085,28.9,Cortado,Afternoon,Thu,Mar,4,3
2024-03-28,2024-03-28 17:24:46,17,card,ANON-0000-0000-0012,28.9,Cortado,Night,Thu,Mar,4,3
2024-03-28,2024-03-28 17:27:05,17,card,ANON-0000-0000-0012,28.9,Americano,Night,Thu,Mar,4,3
2024-03-28,2024-03-28 17:32:45,17,card,ANON-0000-0000-0086,38.7,Latte,Night,Thu,Mar,4,3
2024-03-29,2024-03-29 10:56:19,10,card,ANON-0000-0000-0087,38.7,Latte,Morning,Fri,Mar,5,3
2024-03-29,2024-03-29 12:34:17,12,card,ANON-0000-0000-0088,38.7,Cappuccino,Afternoon,Fri,Mar,5,3
2024-03-29,2024-03-29 12:41:32,12,card,ANON-0000-0000-0088,38.7,Cappuccino,Afternoon,Fri,Mar,5,3
2024-03-29,2024-03-29 13:22:45,13,cash,,40,Cappuccino,Afternoon,Fri,Mar,5,3
2024-03-30,2024-03-30 11:59:20,11,card,ANON-0000-0000-0069,38.7,Latte,Morning,Sat,Mar,6,3
2024-03-30,2024-03-30 13:49:26,13,cash,,40,Cappuccino,Afternoon,Sat,Mar,6,3
2024-03-30,2024-03-30 16:12:32,16,card,ANON-0000-0000-0017,38.7,Latte,Afternoon,Sat,Mar,6,3
2024-03-30,2024-03-30 16:36:41,16,card,ANON-0000-0000-0009,38.7,Latte,Afternoon,Sat,Mar,6,3
2024-03-30,2024-03-30 16:37:58,16,card,ANON-0000-0000-0009,33.8,Americano with Milk,Afternoon,Sat,Mar,6,3
2024-03-31,2024-03-31 10:40:05,10,card,ANON-0000-0000-0089,38.7,Cappuccino,Morning,Sun,Mar,7,3
2024-03-31,2024-03-31 19:36:45,19,cash,,30,Americano,Night,Sun,Mar,7,3
2024-04-01,2024-04-01 10:28:48,10,card,ANON-0000-0000-0004,28.9,Americano,Morning,Mon,Apr,1,4
2024-04-01,2024-04-01 10:29:42,10,card,ANON-0000-0000-0004,33.8,Americano with Milk,Morning,Mon,Apr,1,4
2024-04-01,2024-04-01 10:30:44,10,card,ANON-0000-0000-0004,33.8,Americano with Milk,Morning,Mon,Apr,1,4
2024-04-01,2024-04-01 11:15:44,11,card,ANON-0000-0000-0009,33.8,Americano with Milk,Morning,Mon,Apr,1,4
2024-04-01,2024-04-01 17:01:43,17,cash,,40,Cappuccino,Night,Mon,Apr,1,4
2024-04-01,2024-04-01 18:18:42,18,card,ANON-0000-0000-0024,33.8,Americano with Milk,Night,Mon,Apr,1,4
2024-04-01,2024-04-01 18:45:27,18,card,ANON-0000-0000-0090,38.7,Hot Chocolate,Night,Mon,Apr,1,4
2024-04-02,2024-04-02 10:01:14,10,card,ANON-0000-0000-0001,38.7,Latte,Morning,Tue,Apr,2,4
2024-04-02,2024-04-02 16:18:34,16,card,ANON-0000-0000-0003,28.9,Americano,Afternoon,Tue,Apr,2,4
2024-04-02,2024-04-02 16:19:28,16,card,ANON-0000-0000-0003,28.9,Cortado,Afternoon,Tue,Apr,2,4
2024-04-02,2024-04-02 19:59:32,19,cash,,40,Cappuccino,Night,Tue,Apr,2,4
2024-04-03,2024-04-03 10:19:14,10,card,ANON-0000-0000-0003,28.9,Cortado,Morning,Wed,Apr,3,4
2024-04-03,2024-04-03 10:20:08,10,card,ANON-0000-0000-0003,28.9,Americano,Morning,Wed,Apr,3,4
2024-04-03,2024-04-03 13:12:05,13,card,ANON-0000-0000-0012,38.7,Cappuccino,Afternoon,Wed,Apr,3,4
2024-04-03,2024-04-03 15:36:12,15,cash,,30,Cortado,Afternoon,Wed,Apr,3,4
2024-04-04,2024-04-04 10:44:56,10,card,ANON-0000-0000-0091,38.7,Latte,Morning,Thu,Apr,4,4
2024-04-04,2024-04-04 11:26:38,11,card,ANON-0000-0000-0092,38.7,Latte,Morning,Thu,Apr,4,4
2024-04-04,2024-04-04 11:27:48,11,card,ANON-0000-0000-0093,38.7,Cappuccino,Morning,Thu,Apr,4,4
2024-04-04,2024-04-04 12:23:02,12,card,ANON-0000-0000-0094,28.9,Cortado,Afternoon,Thu,Apr,4,4
2024-04-04,2024-04-04 19:42:08,19,cash,,40,Latte,Night,Thu,Apr,4,4
2024-04-05,2024-04-05 10:40:43,10,card,ANON-0000-0000-0095,28.9,Americano,Morning,Fri,Apr,5,4
2024-04-05,2024-04-05 10:42:06,10,card,ANON-0000-0000-0012,28.9,Americano,Morning,Fri,Apr,5,4
2024-04-05,2024-04-05 11:06:15,11,card,ANON-0000-0000-0096,28.9,Cortado,Morning,Fri,Apr,5,4
2024-04-05,2024-04-05 12:14:28,12,card,ANON-0000-0000-0097,33.8,Americano with Milk,Afternoon,Fri,Apr,5,4
2024-04-05,2024-04-05 14:23:40,14,card,ANON-0000-0000-0098,38.7,Latte,Afternoon,Fri,Apr,5,4
2024-04-05,2024-04-05 14:24:50,14,card,ANON-0000-0000-0098,28.9,Cortado,Afternoon,Fri,Apr,5,4
2024-04-05,2024-04-05 15:30:50,15,cash,,40,Latte,Afternoon,Fri,Apr,5,4
2024-04-05,2024-04-05 15:54:16,15,cash,,40,Cappuccino,Afternoon,Fri,Apr,5,4
2024-04-05,2024-04-05 15:55:31,15,cash,,30,Americano,Afternoon,Fri,Apr,5,4
2024-04-05,2024-04-05 16:17:44,16,cash,,40,Cocoa,Afternoon,Fri,Apr,5,4
2024-04-05,2024-04-05 16:18:24,16,card,ANON-0000-0000-0003,24,Espresso,Afternoon,Fri,Apr,5,4
2024-04-06,2024-04-06 12:32:31,12,card,ANON-0000-0000-0099,33.8,Americano with Milk,Afternoon,Sat,Apr,6,4
2024-04-06,2024-04-06 14:13:19,14,card,ANON-0000-0000-0040,38.7,Cappuccino,Afternoon,Sat,Apr,6,4
2024-04-06,2024-04-06 14:14:27,14,card,ANON-0000-0000-0040,28.9,Americano,Afternoon,Sat,Apr,6,4
2024-04-06,2024-04-06 14:49:50,14,card,ANON-0000-0000-0009,38.7,Latte,Afternoon,Sat,Apr,6,4
2024-04-07,2024-04-07 10:12:53,10,card,ANON-0000-0000-0091,38.7,Latte,Morning,Sun,Apr,7,4
2024-04-07,2024-04-07 12:44:32,12,card,ANON-0000-0000-0040,38.7,Cappuccino,Afternoon,Sun,Apr,7,4
2024-04-07,2024-04-07 12:46:05,12,card,ANON-0000-0000-0040,38.7,Cappuccino,Afternoon,Sun,Apr,7,4
2024-04-07,2024-04-07 14:16:25,14,card,ANON-0000-0000-0100,28.9,Cortado,Afternoon,Sun,Apr,7,4
2024-04-07,2024-04-07 14:17:31,14,card,ANON-0000-0000-0100,24,Espresso,Afternoon,Sun,Apr,7,4
2024-04-07,2024-04-07 18:01:17,18,card,ANON-0000-0000-0101,38.7,Hot Chocolate,Night,Sun,Apr,7,4
2024-04-07,2024-04-07 18:02:04,18,card,ANON-0000-0000-0101,33.8,Americano with Milk,Night,Sun,Apr,7,4
2024-04-08,2024-04-08 10:58:21,10,card,ANON-0000-0000-0102,33.8,Americano with Milk,Morning,Mon,Apr,1,4
2024-04-08,2024-04-08 10:59:28,10,card,ANON-0000-0000-0103,38.7,Cappuccino,Morning,Mon,Apr,1,4
2024-04-08,2024-04-08 11:01:20,11,card,ANON-0000-0000-0012,28.9,Americano,Morning,Mon,Apr,1,4
2024-04-08,2024-04-08 11:04:47,11,card,ANON-0000-0000-0104,38.7,Cappuccino,Morning,Mon,Apr,1,4
2024-04-08,2024-04-08 12:54:26,12,cash,,25,Espresso,Afternoon,Mon,Apr,1,4
2024-04-08,2024-04-08 15:43:37,15,cash,,35,Americano with Milk,Afternoon,Mon,Apr,1,4
2024-04-08,2024-04-08 16:41:38,16,card,ANON-0000-0000-0017,38.7,Latte,Afternoon,Mon,Apr,1,4
2024-04-08,2024-04-08 18:18:10,18,card,ANON-0000-0000-0105,28.9,Americano,Night,Mon,Apr,1,4
2024-04-08,2024-04-08 19:22:27,19,card,ANON-0000-0000-0024,33.8,Americano with Milk,Night,Mon,Apr,1,4
2024-04-08,2024-04-08 19:23:59,19,card,ANON-0000-0000-0106,38.7,Cappuccino,Night,Mon,Apr,1,4
2024-04-09,2024-04-09 10:22:27,10,cash,,40,Cappuccino,Morning,Tue,Apr,2,4
2024-04-09,2024-04-09 10:24:10,10,cash,,30,Americano,Morning,Tue,Apr,2,4
2024-04-09,2024-04-09 11:42:28,11,card,ANON-0000-0000-0091,38.7,Latte,Morning,Tue,Apr,2,4
2024-04-09,2024-04-09 15:11:49,15,card,ANON-0000-0000-0107,38.7,Hot Chocolate,Afternoon,Tue,Apr,2,4
2024-04-09,2024-04-09 17:25:24,17,card,ANON-0000-0000-0049,38.7,Hot Chocolate,Night,Tue,Apr,2,4
2024-04-10,2024-04-10 10:21:26,10,cash,,25,Espresso,Morning,Wed,Apr,3,4
2024-04-10,2024-04-10 17:55:07,17,cash,,40,Hot Chocolate,Night,Wed,Apr,3,4
2024-04-10,2024-04-10 17:55:31,17,card,ANON-0000-0000-0108,24,Espresso,Night,Wed,Apr,3,4
2024-04-10,2024-04-10 18:24:59,18,card,ANON-0000-0000-0009,38.7,Cappuccino,Night,Wed,Apr,3,4
2024-04-10,2024-04-10 20:04:05,20,card,ANON-0000-0000-0109,38.7,Latte,Night,Wed,Apr,3,4
2024-04-11,2024-04-11 10:41:23,10,card,ANON-0000-0000-0110,28.9,Americano,Morning,Thu,Apr,4,4
2024-04-11,2024-04-11 10:42:59,10,card,ANON-0000-0000-0110,28.9,Americano,Morning,Thu,Apr,4,4
2024-04-11,2024-04-11 16:35:23,16,card,ANON-0000-0000-0017,38.7,Latte,Afternoon,Thu,Apr,4,4
2024-04-11,2024-04-11 19:16:57,19,card,ANON-0000-0000-0106,38.7,Cappuccino,Night,Thu,Apr,4,4
2024-04-11,2024-04-11 19:18:37,19,card,ANON-0000-0000-0024,33.8,Americano with Milk,Night,Thu,Apr,4,4
2024-04-12,2024-04-12 19:03:43,19,card,ANON-0000-0000-0019,38.7,Hot Chocolate,Night,Fri,Apr,5,4
2024-04-12,2024-04-12 19:38:23,19,card,ANON-0000-0000-0009,28.9,Cortado,Night,Fri,Apr,5,4
2024-04-13,2024-04-13 12:29:20,12,card,ANON-0000-0000-0009,38.7,Latte,Afternoon,Sat,Apr,6,4
2024-04-13,2024-04-13 12:43:02,12,card,ANON-0000-0000-0012,28.9,Americano,Afternoon,Sat,Apr,6,4
2024-04-13,2024-04-13 15:06:52,15,cash,,40,Hot Chocolate,Afternoon,Sat,Apr,6,4
2024-04-13,2024-04-13 15:07:56,15,cash,,40,Hot Chocolate,Afternoon,Sat,Apr,6,4
2024-04-13,2024-04-13 16:18:04,16,card,ANON-0000-0000-0111,38.7,Cappuccino,Afternoon,Sat,Apr,6,4
2024-04-13,2024-04-13 16:19:40,16,card,ANON-0000-0000-0111,38.7,Latte,Afternoon,Sat,Apr,6,4
2024-04-13,2024-04-13 17:51:26,17,card,ANON-0000-0000-0112,38.7,Cappuccino,Night,Sat,Apr,6,4
2024-04-13,2024-04-13 17:53:19,17,card,ANON-0000-0000-0012,38.7,Cappuccino,Night,Sat,Apr,6,4
2024-04-14,2024-04-14 10:55:27,10,cash,,40,Latte,Morning,Sun,Apr,7,4
2024-04-14,2024-04-14 12:24:39,12,card,ANON-0000-0000-0113,38.7,Cappuccino,Afternoon,Sun,Apr,7,4
2024-04-14,2024-04-14 12:27:09,12,cash,,30,Cortado,Afternoon,Sun,Apr,7,4
2024-04-14,2024-04-14 12:29:07,12,cash,,30,Cortado,Afternoon,Sun,Apr,7,4
2024-04-14,2024-04-14 12:31:36,12,cash,,35,Americano with Milk,Afternoon,Sun,Apr,7,4
2024-04-14,2024-04-14 13:21:50,13,card,ANON-0000-0000-0114,28.9,Cortado,Afternoon,Sun,Apr,7,4
2024-04-14,2024-04-14 14:23:32,14,card,ANON-0000-0000-0012,28.9,Americano,Afternoon,Sun,Apr,7,4
2024-04-14,2024-04-14 14:24:27,14,card,ANON-0000-0000-0012,28.9,Americano,Afternoon,Sun,Apr,7,4
2024-04-14,2024-04-14 14:25:18,14,card,ANON-0000-0000-0012,28.9,Americano,Afternoon,Sun,Apr,7,4
2024-04-14,2024-04-14 15:46:28,15,card,ANON-0000-0000-0017,38.7,Cappuccino,Afternoon,Sun,Apr,7,4
2024-04-14,2024-04-14 16:59:55,16,card,ANON-0000-0000-0012,28.9,Cortado,Afternoon,Sun,Apr,7,4
2024-04-14,2024-04-14 17:00:45,17,card,ANON-0000-0000-0019,38.7,Latte,Night,Sun,Apr,7,4
2024-04-14,2024-04-14 18:38:20,18,card,ANON-0000-0000-0115,38.7,Cappuccino,Night,Sun,Apr,7,4
2024-04-15,2024-04-15 11:45:25,11,card,ANON-0000-0000-0064,28.9,Americano,Morning,Mon,Apr,1,4
2024-04-15,2024-04-15 17:01:46,17,card,ANON-0000-0000-0003,28.9,Americano,Night,Mon,Apr,1,4
2024-04-15,2024-04-15 17:02:50,17,card,ANON-0000-0000-0004,33.8,Americano with Milk,Night,Mon,Apr,1,4
2024-04-15,2024-04-15 19:33:03,19,card,ANON-0000-0000-0009,33.8,Americano with Milk,Night,Mon,Apr,1,4
2024-04-15,2024-04-15 19:41:58,19,cash,,25,Espresso,Night,Mon,Apr,1,4
2024-04-16,2024-04-16 10:43:50,10,cash,,35,Americano with Milk,Morning,Tue,Apr,2,4
2024-04-16,2024-04-16 10:46:26,10,card,ANON-0000-0000-0116,33.8,Americano with Milk,Morning,Tue,Apr,2,4
2024-04-16,2024-04-16 12:40:48,12,card,ANON-0000-0000-0117,38.7,Cocoa,Afternoon,Tue,Apr,2,4
2024-04-16,2024-04-16 12:52:08,12,card,ANON-0000-0000-0064,28.9,Cortado,Afternoon,Tue,Apr,2,4
2024-04-16,2024-04-16 15:03:17,15,card,ANON-0000-0000-0118,28.9,Americano,Afternoon,Tue,Apr,2,4
2024-04-16,2024-04-16 17:42:04,17,card,ANON-0000-0000-0024,33.8,Americano with Milk,Night,Tue,Apr,2,4
2024-04-16,2024-04-16 17:43:23,17,card,ANON-0000-0000-0009,38.7,Cappuccino,Night,Tue,Apr,2,4
2024-04-16,2024-04-16 18:09:05,18,card,ANON-0000-0000-0050,38.7,Cocoa,Night,Tue,Apr,2,4
2024-04-17,2024-04-17 13:33:00,13,card,ANON-0000-0000-0012,28.9,Americano,Afternoon,Wed,Apr,3,4
2024-04-17,2024-04-17 13:44:00,13,card,ANON-0000-0000-0119,24,Espresso,Afternoon,Wed,Apr,3,4
2024-04-17,2024-04-17 16:13:24,16,cash,,40,Cappuccino,Afternoon,Wed,Apr,3,4
2024-04-17,2024-04-17 17:01:35,17,card,ANON-0000-0000-0120,38.7,Cappuccino,Night,Wed,Apr,3,4
2024-04-17,2024-04-17 17:02:41,17,card,ANON-0000-0000-0120,38.7,Cappuccino,Night,Wed,Apr,3,4
2024-04-17,2024-04-17 18:14:03,18,card,ANON-0000-0000-0121,28.9,Cortado,Night,Wed,Apr,3,4
2024-04-18,2024-04-18 11:19:02,11,card,ANON-0000-0000-0003,28.9,Americano,Morning,Thu,Apr,4,4
2024-04-18,2024-04-18 11:20:06,11,card,ANON-0000-0000-0003,28.9,Americano,Morning,Thu,Apr,4,4
2024-04-18,2024-04-18 13:49:13,13,card,ANON-0000-0000-0122,33.8,Americano with Milk,Afternoon,Thu,Apr,4,4
2024-04-18,2024-04-18 13:50:17,13,card,ANON-0000-0000-0122,28.9,Cortado,Afternoon,Thu,Apr,4,4
2024-04-18,2024-04-18 14:34:20,14,card,ANON-0000-0000-0123,38.7,Cappuccino,Afternoon,Thu,Apr,4,4
2024-04-18,2024-04-18 14:35:49,14,card,ANON-0000-0000-0123,38.7,Latte,Afternoon,Thu,Apr,4,4
2024-04-18,2024-04-18 17:44:16,17,card,ANON-0000-0000-0069,38.7,Latte,Night,Thu,Apr,4,4
2024-04-18,2024-04-18 18:21:06,18,card,ANON-0000-0000-0085,38.7,Cappuccino,Night,Thu,Apr,4,4
2024-04-18,2024-04-18 19:39:51,19,card,ANON-0000-0000-0024,38.7,Hot Chocolate,Night,Thu,Apr,4,4
2024-04-18,2024-04-18 19:40:49,19,card,ANON-0000-0000-0009,38.7,Hot Chocolate,Night,Thu,Apr,4,4
2024-04-19,2024-04-19 10:10:36,10,card,ANON-0000-0000-0001,38.7,Latte,Morning,Fri,Apr,5,4
2024-04-19,2024-04-19 13:11:48,13,card,ANON-0000-0000-0040,33.8,Americano with Milk,Afternoon,Fri,Apr,5,4
2024-04-19,2024-04-19 13:13:21,13,card,ANON-0000-0000-0040,38.7,Cappuccino,Afternoon,Fri,Apr,5,4
2024-04-19,2024-04-19 13:58:54,13,card,ANON-0000-0000-0124,38.7,Hot Chocolate,Afternoon,Fri,Apr,5,4
2024-04-19,2024-04-19 13:59:50,13,card,ANON-0000-0000-0124,38.7,Cappuccino,Afternoon,Fri,Apr,5,4
2024-04-19,2024-04-19 18:23:19,18,card,ANON-0000-0000-0024,38.7,Cocoa,Night,Fri,Apr,5,4
2024-04-19,2024-04-19 18:25:33,18,card,ANON-0000-0000-0009,33.8,Americano with Milk,Night,Fri,Apr,5,4
2024-04-20,2024-04-20 11:24:43,11,cash,,35,Americano with Milk,Morning,Sat,Apr,6,4
2024-04-20,2024-04-20 12:08:36,12,card,ANON-0000-0000-0125,33.8,Americano with Milk,Afternoon,Sat,Apr,6,4
2024-04-20,2024-04-20 12:09:43,12,card,ANON-0000-0000-0125,33.8,Americano with Milk,Afternoon,Sat,Apr,6,4
2024-04-20,2024-04-20 13:08:37,13,card,ANON-0000-0000-0118,28.9,Americano,Afternoon,Sat,Apr,6,4
2024-04-20,2024-04-20 13:09:48,13,card,ANON-0000-0000-0118,33.8,Americano with Milk,Afternoon,Sat,Apr,6,4
2024-04-20,2024-04-20 13:10:55,13,card,ANON-0000-0000-0118,38.7,Hot Chocolate,Afternoon,Sat,Apr,6,4
2024-04-20,2024-04-20 14:44:18,14,card,ANON-0000-0000-0040,38.7,Cappuccino,Afternoon,Sat,Apr,6,4
2024-04-20,2024-04-20 15:11:00,15,card,ANON-0000-0000-0009,33.8,Americano with Milk,Afternoon,Sat,Apr,6,4
2024-04-20,2024-04-20 15:22:41,15,card,ANON-0000-0000-0012,32.82,Americano with Milk,Afternoon,Sat,Apr,6,4
2024-04-20,2024-04-20 15:49:25,15,card,ANON-0000-0000-0126,32.82,Americano with Milk,Afternoon,Sat,Apr,6,4
2024-04-20,2024-04-20 17:07:58,17,cash,,39,Cocoa,Night,Sat,Apr,6,4
2024-04-20,2024-04-20 18:27:41,18,card,ANON-0000-0000-0127,37.72,Cappuccino,Night,Sat,Apr,6,4
2024-04-20,2024-04-20 18:28:47,18,card,ANON-0000-0000-0127,37.72,Cappuccino,Night,Sat,Apr,6,4
2024-04-20,2024-04-20 19:30:55,19,card,ANON-0000-0000-0128,37.72,Latte,Night,Sat,Apr,6,4
2024-04-21,2024-04-21 11:16:46,11,card,ANON-0000-0000-0001,37.72,Latte,Morning,Sun,Apr,7,4
2024-04-21,2024-04-21 14:15:38,14,card,ANON-0000-0000-0099,27.92,Americano,Afternoon,Sun,Apr,7,4
2024-04-21,2024-04-21 17:09:03,17,cash,,39,Cappuccino,Night,Sun,Apr,7,4
2024-04-22,2024-04-22 11:09:16,11,card,ANON-0000-0000-0012,27.92,Americano,Morning,Mon,Apr,1,4
2024-04-22,2024-04-22 11:29:27,11,card,ANON-0000-0000-0129,32.82,Americano with Milk,Morning,Mon,Apr,1,4
2024-04-22,2024-04-22 18:40:33,18,cash,,39,Latte,Night,Mon,Apr,1,4
2024-04-22,2024-04-22 19:39:05,19,card,ANON-0000-0000-0009,37.72,Latte,Night,Mon,Apr,1,4
2024-04-22,2024-04-22 20:02:29,20,cash,,39,Cappuccino,Night,Mon,Apr,1,4
2024-04-23,2024-04-23 14:22:36,14,card,ANON-0000-0000-0025,37.72,Cappuccino,Afternoon,Tue,Apr,2,4
2024-04-23,2024-04-23 14:23:53,14,card,ANON-0000-0000-0024,32.82,Americano with Milk,Afternoon,Tue,Apr,2,4
2024-04-23,2024-04-23 14:24:58,14,card,ANON-0000-0000-0009,37.72,Cappuccino,Afternoon,Tue,Apr,2,4
2024-04-23,2024-04-23 19:42:28,19,card,ANON-0000-0000-0130,32.82,Americano with Milk,Night,Tue,Apr,2,4
2024-04-23,2024-04-23 19:43:26,19,card,ANON-0000-0000-0130,32.82,Americano with Milk,Night,Tue,Apr,2,4
2024-04-24,2024-04-24 10:19:38,10,card,ANON-0000-0000-0001,37.72,Latte,Morning,Wed,Apr,3,4
2024-04-24,2024-04-24 10:21:27,10,card,ANON-0000-0000-0131,32.82,Americano with Milk,Morning,Wed,Apr,3,4
2024-04-24,2024-04-24 11:23:46,11,card,ANON-0000-0000-0132,32.82,Americano with Milk,Morning,Wed,Apr,3,4
2024-04-24,2024-04-24 11:33:26,11,card,ANON-0000-0000-0133,32.82,Americano with Milk,Morning,Wed,Apr,3,4
2024-04-24,2024-04-24 12:39:09,12,card,ANON-0000-0000-0059,32.82,Americano with Milk,Afternoon,Wed,Apr,3,4
2024-04-24,2024-04-24 16:39:07,16,card,ANON-0000-0000-0009,32.82,Americano with Milk,Afternoon,Wed,Apr,3,4
2024-04-24,2024-04-24 19:39:50,19,card,ANON-0000-0000-0134,32.82,Americano with Milk,Night,Wed,Apr,3,4
2024-04-24,2024-04-24 19:40:54,19,card,ANON-0000-0000-0134,37.72,Cappuccino,Night,Wed,Apr,3,4
2024-04-25,2024-04-25 10:46:08,10,card,ANON-0000-0000-0135,27.92,Americano,Morning,Thu,Apr,4,4
2024-04-25,2024-04-25 15:18:27,15,card,ANON-0000-0000-0009,37.72,Latte,Afternoon,Thu,Apr,4,4
2024-04-25,2024-04-25 17:09:44,17,card,ANON-0000-0000-0012,27.92,Americano,Night,Thu,Apr,4,4
2024-04-25,2024-04-25 17:10:49,17,card,ANON-0000-0000-0012,27.92,Americano,Night,Thu,Apr,4,4
2024-04-26,2024-04-26 10:12:51,10,card,ANON-0000-0000-0001,37.72,Latte,Morning,Fri,Apr,5,4
2024-04-26,2024-04-26 12:01:31,12,card,ANON-0000-0000-0136,37.72,Latte,Afternoon,Fri,Apr,5,4
2024-04-26,2024-04-26 13:31:28,13,card,ANON-0000-0000-0137,37.72,Cappuccino,Afternoon,Fri,Apr,5,4
2024-04-26,2024-04-26 15:32:35,15,card,ANON-0000-0000-0012,27.92,Americano,Afternoon,Fri,Apr,5,4
2024-04-26,2024-04-26 15:33:33,15,card,ANON-0000-0000-0012,27.92,Americano,Afternoon,Fri,Apr,5,4
2024-04-26,2024-04-26 16:23:27,16,card,ANON-0000-0000-0138,27.92,Cortado,Afternoon,Fri,Apr,5,4
2024-04-26,2024-04-26 16:24:34,16,card,ANON-0000-0000-0139,27.92,Americano,Afternoon,Fri,Apr,5,4
2024-04-26,2024-04-26 19:32:07,19,card,ANON-0000-0000-0009,37.72,Hot Chocolate,Night,Fri,Apr,5,4
2024-04-26,2024-04-26 19:33:30,19,card,ANON-0000-0000-0009,37.72,Cocoa,Night,Fri,Apr,5,4
2024-04-27,2024-04-27 15:27:01,15,card,ANON-0000-0000-0009,37.72,Cappuccino,Afternoon,Sat,Apr,6,4
2024-04-28,2024-04-28 10:32:52,10,card,ANON-0000-0000-0001,37.72,Latte,Morning,Sun,Apr,7,4
2024-04-28,2024-04-28 12:30:10,12,card,ANON-0000-0000-0140,37.72,Cappuccino,Afternoon,Sun,Apr,7,4
2024-04-28,2024-04-28 18:27:08,18,card,ANON-0000-0000-0012,27.92,Americano,Night,Sun,Apr,7,4
2024-04-28,2024-04-28 18:28:11,18,card,ANON-0000-0000-0012,27.92,Americano,Night,Sun,Apr,7,4
2024-04-28,2024-04-28 18:29:02,18,card,ANON-0000-0000-0019,37.72,Latte,Night,Sun,Apr,7,4
2024-04-29,2024-04-29 11:26:32,11,card,ANON-0000-0000-0141,27.92,Cortado,Morning,Mon,Apr,1,4
2024-04-29,2024-04-29 13:27:57,13,card,ANON-0000-0000-0003,27.92,Americano,Afternoon,Mon,Apr,1,4
2024-04-29,2024-04-29 13:28:54,13,card,ANON-0000-0000-0003,27.92,Cortado,Afternoon,Mon,Apr,1,4
2024-04-29,2024-04-29 13:53:36,13,card,ANON-0000-0000-0141,27.92,Cortado,Afternoon,Mon,Apr,1,4
2024-04-29,2024-04-29 13:54:24,13,card,ANON-0000-0000-0141,32.82,Americano with Milk,Afternoon,Mon,Apr,1,4
2024-04-29,2024-04-29 18:37:48,18,card,ANON-0000-0000-0140,37.72,Cappuccino,Night,Mon,Apr,1,4
2024-04-29,2024-04-29 19:12:33,19,card,ANON-0000-0000-0134,37.72,Cappuccino,Night,Mon,Apr,1,4
2024-04-29,2024-04-29 19:13:38,19,card,ANON-0000-0000-0134,37.72,Cappuccino,Night,Mon,Apr,1,4
2024-04-30,2024-04-30 10:16:41,10,card,ANON-0000-0000-0142,37.72,Latte,Morning,Tue,Apr,2,4
2024-04-30,2024-04-30 10:34:52,10,card,ANON-0000-0000-0142,32.82,Americano with Milk,Morning,Tue,Apr,2,4
2024-04-30,2024-04-30 10:35:48,10,card,ANON-0000-0000-0142,32.82,Americano with Milk,Morning,Tue,Apr,2,4
2024-04-30,2024-04-30 13:41:52,13,card,ANON-0000-0000-0142,27.92,Americano,Afternoon,Tue,Apr,2,4
2024-04-30,2024-04-30 13:43:00,13,card,ANON-0000-0000-0142,32.82,Americano with Milk,Afternoon,Tue,Apr,2,4
2024-04-30,2024-04-30 19:19:18,19,card,ANON-0000-0000-0142,37.72,Cappuccino,Night,Tue,Apr,2,4
2024-04-30,2024-04-30 19:30:04,19,card,ANON-0000-0000-0142,32.82,Americano with Milk,Night,Tue,Apr,2,4
2024-04-30,2024-04-30 19:31:21,19,card,ANON-0000-0000-0142,37.72,Latte,Night,Tue,Apr,2,4
2024-05-02,2024-05-02 10:33:56,10,card,ANON-0000-0000-0143,27.92,Americano,Morning,Thu,May,4,5
2024-05-02,2024-05-02 11:29:57,11,cash,,39,Latte,Morning,Thu,May,4,5
2024-05-02,2024-05-02 13:49:40,13,card,ANON-0000-0000-0133,32.82,Americano with Milk,Afternoon,Thu,May,4,5
2024-05-02,2024-05-02 18:36:22,18,card,ANON-0000-0000-0144,37.72,Cappuccino,Night,Thu,May,4,5
2024-05-02,2024-05-02 18:41:11,18,card,ANON-0000-0000-0024,32.82,Americano with Milk,Night,Thu,May,4,5
2024-05-02,2024-05-02 19:18:33,19,card,ANON-0000-0000-0145,37.72,Latte,Night,Thu,May,4,5
2024-05-02,2024-05-02 19:19:56,19,card,ANON-0000-0000-0145,37.72,Cappuccino,Night,Thu,May,4,5
2024-05-03,2024-05-03 10:11:53,10,cash,,39,Latte,Morning,Fri,May,5,5
2024-05-03,2024-05-03 14:30:01,14,card,ANON-0000-0000-0146,37.72,Latte,Afternoon,Fri,May,5,5
2024-05-03,2024-05-03 17:03:25,17,card,ANON-0000-0000-0147,37.72,Latte,Night,Fri,May,5,5
2024-05-06,2024-05-06 10:05:18,10,card,ANON-0000-0000-0148,27.92,Americano,Morning,Mon,May,1,5
2024-05-06,2024-05-06 10:06:52,10,card,ANON-0000-0000-0149,37.72,Cappuccino,Morning,Mon,May,1,5
2024-05-06,2024-05-06 10:08:06,10,card,ANON-0000-0000-0149,32.82,Americano with Milk,Morning,Mon,May,1,5
2024-05-06,2024-05-06 10:09:08,10,card,ANON-0000-0000-0150,27.92,Americano,Morning,Mon,May,1,5
2024-05-06,2024-05-06 10:39:13,10,card,ANON-0000-0000-0141,27.92,Cortado,Morning,Mon,May,1,5
2024-05-06,2024-05-06 11:34:21,11,cash,,29,Americano,Morning,Mon,May,1,5
2024-05-06,2024-05-06 13:18:11,13,card,ANON-0000-0000-0148,27.92,Cortado,Afternoon,Mon,May,1,5
2024-05-06,2024-05-06 13:19:01,13,card,ANON-0000-0000-0148,27.92,Americano,Afternoon,Mon,May,1,5
2024-05-06,2024-05-06 19:18:13,19,card,ANON-0000-0000-0151,37.72,Cappuccino,Night,Mon,May,1,5
2024-05-06,2024-05-06 19:19:50,19,card,ANON-0000-0000-0151,37.72,Cappuccino,Night,Mon,May,1,5
2024-05-07,2024-05-07 10:44:56,10,card,ANON-0000-0000-0148,37.72,Cocoa,Morning,Tue,May,2,5
2024-05-07,2024-05-07 11:21:58,11,card,ANON-0000-0000-0141,27.92,Cortado,Morning,Tue,May,2,5
2024-05-07,2024-05-07 13:23:35,13,card,ANON-0000-0000-0077,27.92,Cortado,Afternoon,Tue,May,2,5
2024-05-07,2024-05-07 16:42:08,16,card,ANON-0000-0000-0148,37.72,Cocoa,Afternoon,Tue,May,2,5
2024-05-07,2024-05-07 16:55:39,16,card,ANON-0000-0000-0152,27.92,Americano,Afternoon,Tue,May,2,5
2024-05-07,2024-05-07 17:37:46,17,card,ANON-0000-0000-0153,37.72,Cappuccino,Night,Tue,May,2,5
2024-05-07,2024-05-07 17:38:48,17,card,ANON-0000-0000-0153,37.72,Latte,Night,Tue,May,2,5
2024-05-07,2024-05-07 18:35:37,18,cash,,34,Americano with Milk,Night,Tue,May,2,5
2024-05-07,2024-05-07 19:12:13,19,card,ANON-0000-0000-0154,37.72,Cappuccino,Night,Tue,May,2,5
2024-05-07,2024-05-07 19:13:12,19,card,ANON-0000-0000-0154,37.72,Cappuccino,Night,Tue,May,2,5
2024-05-08,2024-05-08 10:07:29,10,card,ANON-0000-0000-0001,37.72,Latte,Morning,Wed,May,3,5
2024-05-09,2024-05-09 12:54:22,12,card,ANON-0000-0000-0155,37.72,Cappuccino,Afternoon,Thu,May,4,5
2024-05-09,2024-05-09 13:03:59,13,card,ANON-0000-0000-0156,27.92,Americano,Afternoon,Thu,May,4,5
2024-05-09,2024-05-09 13:04:58,13,card,ANON-0000-0000-0156,37.72,Latte,Afternoon,Thu,May,4,5
2024-05-09,2024-05-09 13:06:11,13,card,ANON-0000-0000-0156,37.72,Latte,Afternoon,Thu,May,4,5
2024-05-09,2024-05-09 13:07:16,13,card,ANON-0000-0000-0156,37.72,Latte,Afternoon,Thu,May,4,5
2024-05-09,2024-05-09 16:55:15,16,card,ANON-0000-0000-0118,27.92,Americano,Afternoon,Thu,May,4,5
2024-05-09,2024-05-09 16:56:15,16,card,ANON-0000-0000-0118,27.92,Americano,Afternoon,Thu,May,4,5
2024-05-09,2024-05-09 18:01:30,18,card,ANON-0000-0000-0157,27.92,Americano,Night,Thu,May,4,5
2024-05-09,2024-05-09 18:13:56,18,card,ANON-0000-0000-0143,32.82,Americano with Milk,Night,Thu,May,4,5
2024-05-10,2024-05-10 10:09:22,10,cash,,39,Latte,Morning,Fri,May,5,5
2024-05-10,2024-05-10 15:46:22,15,card,ANON-0000-0000-0158,37.72,Latte,Afternoon,Fri,May,5,5
2024-05-10,2024-05-10 15:47:33,15,card,ANON-0000-0000-0158,37.72,Latte,Afternoon,Fri,May,5,5
2024-05-10,2024-05-10 16:20:15,16,cash,,34,Americano with Milk,Afternoon,Fri,May,5,5
2024-05-11,2024-05-11 11:39:53,11,card,ANON-0000-0000-0069,37.72,Latte,Morning,Sat,May,6,5
2024-05-11,2024-05-11 17:02:44,17,cash,,39,Latte,Night,Sat,May,6,5
2024-05-11,2024-05-11 17:20:30,17,card,ANON-0000-0000-0009,32.82,Americano with Milk,Night,Sat,May,6,5
2024-05-11,2024-05-11 17:21:56,17,card,ANON-0000-0000-0026,37.72,Cocoa,Night,Sat,May,6,5
2024-05-11,2024-05-11 17:23:57,17,card,ANON-0000-0000-0040,37.72,Cappuccino,Night,Sat,May,6,5
2024-05-11,2024-05-11 17:28:54,17,card,ANON-0000-0000-0012,32.82,Americano with Milk,Night,Sat,May,6,5
2024-05-11,2024-05-11 18:35:40,18,card,ANON-0000-0000-0115,37.72,Cappuccino,Night,Sat,May,6,5
2024-05-11,2024-05-11 19:38:16,19,card,ANON-0000-0000-0159,37.72,Latte,Night,Sat,May,6,5
2024-05-12,2024-05-12 10:20:43,10,card,ANON-0000-0000-0001,37.72,Latte,Morning,Sun,May,7,5
2024-05-12,2024-05-12 13:24:03,13,card,ANON-0000-0000-0160,37.72,Latte,Afternoon,Sun,May,7,5
2024-05-12,2024-05-12 13:27:39,13,card,ANON-0000-0000-0161,27.92,Americano,Afternoon,Sun,May,7,5
2024-05-12,2024-05-12 15:16:20,15,card,ANON-0000-0000-0077,37.72,Latte,Afternoon,Sun,May,7,5
2024-05-12,2024-05-12 15:38:02,15,card,ANON-0000-0000-0162,32.82,Americano with Milk,Afternoon,Sun,May,7,5
2024-05-12,2024-05-12 15:52:15,15,card,ANON-0000-0000-0163,32.82,Americano with Milk,Afternoon,Sun,May,7,5
2024-05-12,2024-05-12 16:04:21,16,card,ANON-0000-0000-0012,32.82,Americano with Milk,Afternoon,Sun,May,7,5
2024-05-12,2024-05-12 19:41:31,19,card,ANON-0000-0000-0009,32.82,Americano with Milk,Night,Sun,May,7,5
2024-05-13,2024-05-13 11:03:53,11,card,ANON-0000-0000-0164,32.82,Americano with Milk,Morning,Mon,May,1,5
2024-05-13,2024-05-13 15:31:11,15,cash,,29,Americano,Afternoon,Mon,May,1,5
2024-05-13,2024-05-13 15:31:51,15,cash,,29,Americano,Afternoon,Mon,May,1,5
2024-05-14,2024-05-14 08:38:15,8,card,ANON-0000-0000-0012,27.92,Americano,Morning,Tue,May,2,5
2024-05-14,2024-05-14 08:39:25,8,card,ANON-0000-0000-0012,27.92,Americano,Morning,Tue,May,2,5
2024-05-14,2024-05-14 08:40:17,8,card,ANON-0000-0000-0012,27.92,Americano,Morning,Tue,May,2,5
2024-05-14,2024-05-14 10:19:23,10,card,ANON-0000-0000-0012,37.72,Cappuccino,Morning,Tue,May,2,5
2024-05-14,2024-05-14 11:32:29,11,card,ANON-0000-0000-0165,37.72,Latte,Morning,Tue,May,2,5
2024-05-14,2024-05-14 11:34:13,11,card,ANON-0000-0000-0165,37.72,Cappuccino,Morning,Tue,May,2,5
2024-05-14,2024-05-14 14:04:55,14,card,ANON-0000-0000-0025,37.72,Cappuccino,Afternoon,Tue,May,2,5
2024-05-14,2024-05-14 14:06:00,14,card,ANON-0000-0000-0009,32.82,Americano with Milk,Afternoon,Tue,May,2,5
2024-05-14,2024-05-14 15:01:55,15,card,ANON-0000-0000-0040,27.92,Americano,Afternoon,Tue,May,2,5
2024-05-14,2024-05-14 16:57:57,16,card,ANON-0000-0000-0166,32.82,Americano with Milk,Afternoon,Tue,May,2,5
2024-05-14,2024-05-14 16:59:10,16,card,ANON-0000-0000-0166,37.72,Cappuccino,Afternoon,Tue,May,2,5
2024-05-14,2024-05-14 22:51:25,22,card,ANON-0000-0000-0167,37.72,Hot Chocolate,Night,Tue,May,2,5
2024-05-15,2024-05-15 08:40:06,8,card,ANON-0000-0000-0168,37.72,Latte,Morning,Wed,May,3,5
2024-05-15,2024-05-15 11:14:19,11,card,ANON-0000-0000-0012,23.02,Espresso,Morning,Wed,May,3,5
2024-05-15,2024-05-15 11:19:10,11,card,ANON-0000-0000-0012,27.92,Americano,Morning,Wed,May,3,5
2024-05-15,2024-05-15 13:34:35,13,card,ANON-0000-0000-0003,27.92,Americano,Afternoon,Wed,May,3,5
2024-05-15,2024-05-15 13:35:29,13,card,ANON-0000-0000-0003,27.92,Americano,Afternoon,Wed,May,3,5
2024-05-15,2024-05-15 13:36:27,13,card,ANON-0000-0000-0003,27.92,Americano,Afternoon,Wed,May,3,5
2024-05-15,2024-05-15 13:55:29,13,card,ANON-0000-0000-0164,32.82,Americano with Milk,Afternoon,Wed,May,3,5
2024-05-15,2024-05-15 14:38:11,14,cash,,29,Americano,Afternoon,Wed,May,3,5
2024-05-15,2024-05-15 14:38:52,14,card,ANON-0000-0000-0169,27.92,Cortado,Afternoon,Wed,May,3,5
2024-05-15,2024-05-15 14:39:44,14,card,ANON-0000-0000-0012,27.92,Cortado,Afternoon,Wed,May,3,5
2024-05-15,2024-05-15 17:28:59,17,card,ANON-0000-0000-0170,23.02,Espresso,Night,Wed,May,3,5
2024-05-15,2024-05-15 20:20:35,20,card,ANON-0000-0000-0171,37.72,Cappuccino,Night,Wed,May,3,5
2024-05-16,2024-05-16 10:38:42,10,card,ANON-0000-0000-0097,32.82,Americano with Milk,Morning,Thu,May,4,5
2024-05-16,2024-05-16 10:39:49,10,card,ANON-0000-0000-0172,32.82,Americano with Milk,Morning,Thu,May,4,5
2024-05-16,2024-05-16 11:42:50,11,cash,,39,Latte,Morning,Thu,May,4,5
2024-05-16,2024-05-16 11:44:21,11,cash,,39,Cappuccino,Morning,Thu,May,4,5
2024-05-16,2024-05-16 12:14:00,12,card,ANON-0000-0000-0173,32.82,Americano with Milk,Afternoon,Thu,May,4,5
2024-05-16,2024-05-16 15:15:16,15,card,ANON-0000-0000-0174,37.72,Hot Chocolate,Afternoon,Thu,May,4,5
2024-05-16,2024-05-16 17:44:32,17,card,ANON-0000-0000-0069,37.72,Latte,Night,Thu,May,4,5
2024-05-16,2024-05-16 18:12:57,18,card,ANON-0000-0000-0175,37.72,Hot Chocolate,Night,Thu,May,4,5
2024-05-16,2024-05-16 18:13:58,18,card,ANON-0000-0000-0175,37.72,Latte,Night,Thu,May,4,5
2024-05-17,2024-05-17 09:00:48,9,card,ANON-0000-0000-0033,27.92,Americano,Morning,Fri,May,5,5
2024-05-17,2024-05-17 11:30:28,11,card,ANON-0000-0000-0164,32.82,Americano with Milk,Morning,Fri,May,5,5
2024-05-17,2024-05-17 14:58:03,14,cash,,34,Americano with Milk,Afternoon,Fri,May,5,5
2024-05-17,2024-05-17 19:55:19,19,card,ANON-0000-0000-0012,32.82,Americano with Milk,Night,Fri,May,5,5
2024-05-17,2024-05-17 19:56:47,19,card,ANON-0000-0000-0009,37.72,Cappuccino,Night,Fri,May,5,5
2024-05-17,2024-05-17 20:37:53,20,card,ANON-0000-0000-0176,37.72,Cappuccino,Night,Fri,May,5,5
2024-05-17,2024-05-17 22:34:51,22,card,ANON-0000-0000-0177,27.92,Americano,Night,Fri,May,5,5
2024-05-17,2024-05-17 22:36:33,22,card,ANON-0000-0000-0178,37.72,Latte,Night,Fri,May,5,5
2024-05-17,2024-05-17 22:37:43,22,card,ANON-0000-0000-0179,37.72,Latte,Night,Fri,May,5,5
2024-05-18,2024-05-18 08:01:38,8,card,ANON-0000-0000-0180,37.72,Cappuccino,Morning,Sat,May,6,5
2024-05-18,2024-05-18 08:02:40,8,card,ANON-0000-0000-0180,37.72,Cappuccino,Morning,Sat,May,6,5
2024-05-18,2024-05-18 11:15:56,11,card,ANON-0000-0000-0181,32.82,Americano with Milk,Morning,Sat,May,6,5
2024-05-18,2024-05-18 16:48:29,16,card,ANON-0000-0000-0172,32.82,Americano with Milk,Afternoon,Sat,May,6,5
2024-05-18,2024-05-18 16:49:27,16,card,ANON-0000-0000-0097,32.82,Americano with Milk,Afternoon,Sat,May,6,5
2024-05-18,2024-05-18 19:58:44,19,card,ANON-0000-0000-0040,32.82,Americano with Milk,Night,Sat,May,6,5
2024-05-18,2024-05-18 20:22:53,20,card,ANON-0000-0000-0009,37.72,Latte,Night,Sat,May,6,5
2024-05-18,2024-05-18 22:05:27,22,cash,,39,Cappuccino,Night,Sat,May,6,5
2024-05-19,2024-05-19 07:58:38,7,card,ANON-0000-0000-0182,27.92,Americano,Morning,Sun,May,7,5
2024-05-19,2024-05-19 07:59:34,7,card,ANON-0000-0000-0182,27.92,Americano,Morning,Sun,May,7,5
2024-05-19,2024-05-19 08:00:35,8,card,ANON-0000-0000-0183,37.72,Cappuccino,Morning,Sun,May,7,5
2024-05-19,2024-05-19 09:28:50,9,cash,,24,Espresso,Morning,Sun,May,7,5
2024-05-19,2024-05-19 12:14:27,12,card,ANON-0000-0000-0184,32.82,Americano with Milk,Afternoon,Sun,May,7,5
2024-05-19,2024-05-19 14:43:40,14,card,ANON-0000-0000-0012,27.92,Americano,Afternoon,Sun,May,7,5
2024-05-19,2024-05-19 15:58:58,15,card,ANON-0000-0000-0185,32.82,Americano with Milk,Afternoon,Sun,May,7,5
2024-05-19,2024-05-19 18:12:36,18,card,ANON-0000-0000-0186,32.82,Americano with Milk,Night,Sun,May,7,5
2024-05-19,2024-05-19 18:13:48,18,card,ANON-0000-0000-0186,23.02,Espresso,Night,Sun,May,7,5
2024-05-19,2024-05-19 18:16:30,18,card,ANON-0000-0000-0186,37.72,Hot Chocolate,Night,Sun,May,7,5
2024-05-19,2024-05-19 19:51:07,19,card,ANON-0000-0000-0187,37.72,Cappuccino,Night,Sun,May,7,5
2024-05-19,2024-05-19 21:15:42,21,card,ANON-0000-0000-0188,37.72,Cappuccino,Night,Sun,May,7,5
2024-05-19,2024-05-19 21:18:36,21,card,ANON-0000-0000-0189,37.72,Cappuccino,Night,Sun,May,7,5
2024-05-20,2024-05-20 10:05:59,10,card,ANON-0000-0000-0190,32.82,Americano with Milk,Morning,Mon,May,1,5
2024-05-20,2024-05-20 10:17:52,10,card,ANON-0000-0000-0191,37.72,Latte,Morning,Mon,May,1,5
2024-05-20,2024-05-20 10:58:48,10,card,ANON-0000-0000-0001,37.72,Latte,Morning,Mon,May,1,5
2024-05-20,2024-05-20 11:15:16,11,card,ANON-0000-0000-0143,27.92,Americano,Morning,Mon,May,1,5
2024-05-20,2024-05-20 11:16:20,11,card,ANON-0000-0000-0143,27.92,Americano,Morning,Mon,May,1,5
2024-05-20,2024-05-20 13:27:13,13,card,ANON-0000-0000-0003,27.92,Americano,Afternoon,Mon,May,1,5
2024-05-20,2024-05-20 13:28:10,13,card,ANON-0000-0000-0003,27.92,Americano,Afternoon,Mon,May,1,5
2024-05-20,2024-05-20 14:13:19,14,card,ANON-0000-0000-0192,32.82,Americano with Milk,Afternoon,Mon,May,1,5
2024-05-20,2024-05-20 14:14:31,14,card,ANON-0000-0000-0192,37.72,Cappuccino,Afternoon,Mon,May,1,5
2024-05-20,2024-05-20 14:32:21,14,cash,,29,Americano,Afternoon,Mon,May,1,5
2024-05-20,2024-05-20 17:12:51,17,card,ANON-0000-0000-0120,37.72,Latte,Night,Mon,May,1,5
2024-05-20,2024-05-20 17:13:57,17,card,ANON-0000-0000-0193,37.72,Latte,Night,Mon,May,1,5
2024-05-20,2024-05-20 20:36:48,20,card,ANON-0000-0000-0194,32.82,Americano with Milk,Night,Mon,May,1,5
2024-05-20,2024-05-20 20:37:57,20,card,ANON-0000-0000-0194,37.72,Cocoa,Night,Mon,May,1,5
2024-05-20,2024-05-20 20:46:52,20,card,ANON-0000-0000-0195,27.92,Cortado,Night,Mon,May,1,5
2024-05-20,2024-05-20 21:36:54,21,card,ANON-0000-0000-0012,32.82,Americano with Milk,Night,Mon,May,1,5
2024-05-20,2024-05-20 21:37:58,21,card,ANON-0000-0000-0012,32.82,Americano with Milk,Night,Mon,May,1,5
2024-05-21,2024-05-21 08:27:38,8,card,ANON-0000-0000-0196,37.72,Latte,Morning,Tue,May,2,5
2024-05-21,2024-05-21 09:43:51,9,cash,,29,Americano,Morning,Tue,May,2,5
2024-05-21,2024-05-21 09:44:40,9,cash,,34,Americano with Milk,Morning,Tue,May,2,5
2024-05-21,2024-05-21 09:46:09,9,cash,,39,Cocoa,Morning,Tue,May,2,5
2024-05-21,2024-05-21 10:05:08,10,cash,,39,Latte,Morning,Tue,May,2,5
2024-05-21,2024-05-21 16:10:20,16,card,ANON-0000-0000-0197,37.72,Latte,Afternoon,Tue,May,2,5
2024-05-21,2024-05-21 18:13:24,18,card,ANON-0000-0000-0012,23.02,Espresso,Night,Tue,May,2,5
2024-05-21,2024-05-21 19:11:09,19,card,ANON-0000-0000-0198,37.72,Cappuccino,Night,Tue,May,2,5
2024-05-21,2024-05-21 20:13:48,20,card,ANON-0000-0000-0199,37.72,Cappuccino,Night,Tue,May,2,5
2024-05-22,2024-05-22 09:34:42,9,card,ANON-0000-0000-0200,37.72,Cappuccino,Morning,Wed,May,3,5
2024-05-22,2024-05-22 10:49:47,10,card,ANON-0000-0000-0191,32.82,Americano with Milk,Morning,Wed,May,3,5
2024-05-22,2024-05-22 11:18:14,11,card,ANON-0000-0000-0141,27.92,Cortado,Morning,Wed,May,3,5
2024-05-22,2024-05-22 11:34:55,11,card,ANON-0000-0000-0097,32.82,Americano with Milk,Morning,Wed,May,3,5
2024-05-22,2024-05-22 12:29:51,12,card,ANON-0000-0000-0012,27.92,Americano,Afternoon,Wed,May,3,5
2024-05-22,2024-05-22 12:30:43,12,card,ANON-0000-0000-0012,27.92,Americano,Afternoon,Wed,May,3,5
2024-05-22,2024-05-22 14:00:20,14,card,ANON-0000-0000-0009,32.82,Americano with Milk,Afternoon,Wed,May,3,5
2024-05-22,2024-05-22 19:24:58,19,card,ANON-0000-0000-0134,37.72,Cappuccino,Night,Wed,May,3,5
2024-05-22,2024-05-22 19:25:59,19,card,ANON-0000-0000-0134,37.72,Cappuccino,Night,Wed,May,3,5
2024-05-22,2024-05-22 21:23:53,21,card,ANON-0000-0000-0180,37.72,Hot Chocolate,Night,Wed,May,3,5
2024-05-22,2024-05-22 21:24:50,21,card,ANON-0000-0000-0180,37.72,Cappuccino,Night,Wed,May,3,5
2024-05-23,2024-05-23 10:10:20,10,card,ANON-0000-0000-0201,37.72,Cappuccino,Morning,Thu,May,4,5
2024-05-23,2024-05-23 12:22:07,12,card,ANON-0000-0000-0202,23.02,Espresso,Afternoon,Thu,May,4,5
2024-05-23,2024-05-23 15:55:17,15,card,ANON-0000-0000-0180,37.72,Cappuccino,Afternoon,Thu,May,4,5
2024-05-23,2024-05-23 15:56:27,15,card,ANON-0000-0000-0203,37.72,Cappuccino,Afternoon,Thu,May,4,5
2024-05-23,2024-05-23 16:18:14,16,card,ANON-0000-0000-0180,37.72,Cappuccino,Afternoon,Thu,May,4,5
2024-05-23,2024-05-23 16:41:00,16,card,ANON-0000-0000-0077,37.72,Latte,Afternoon,Thu,May,4,5
2024-05-23,2024-05-23 17:14:33,17,card,ANON-0000-0000-0153,37.72,Cappuccino,Night,Thu,May,4,5
2024-05-23,2024-05-23 17:15:45,17,card,ANON-0000-0000-0153,37.72,Latte,Night,Thu,May,4,5
2024-05-23,2024-05-23 19:03:54,19,card,ANON-0000-0000-0204,27.92,Cortado,Night,Thu,May,4,5
2024-05-23,2024-05-23 19:17:28,19,card,ANON-0000-0000-0134,37.72,Cappuccino,Night,Thu,May,4,5
2024-05-23,2024-05-23 19:18:26,19,card,ANON-0000-0000-0205,37.72,Cappuccino,Night,Thu,May,4,5
2024-05-23,2024-05-23 19:42:32,19,card,ANON-0000-0000-0206,37.72,Cappuccino,Night,Thu,May,4,5
2024-05-23,2024-05-23 20:15:01,20,card,ANON-0000-0000-0207,37.72,Cappuccino,Night,Thu,May,4,5
2024-05-23,2024-05-23 20:16:24,20,card,ANON-0000-0000-0207,37.72,Latte,Night,Thu,May,4,5
2024-05-23,2024-05-23 22:48:11,22,card,ANON-0000-0000-0208,32.82,Americano with Milk,Night,Thu,May,4,5
2024-05-23,2024-05-23 22:55:37,22,cash,,39,Hot Chocolate,Night,Thu,May,4,5
2024-05-24,2024-05-24 11:11:59,11,card,ANON-0000-0000-0141,27.92,Cortado,Morning,Fri,May,5,5
2024-05-24,2024-05-24 11:15:08,11,card,ANON-0000-0000-0012,27.92,Americano,Morning,Fri,May,5,5
2024-05-24,2024-05-24 11:16:13,11,card,ANON-0000-0000-0012,27.92,Americano,Morning,Fri,May,5,5
2024-05-24,2024-05-24 16:07:20,16,card,ANON-0000-0000-0081,37.72,Hot Chocolate,Afternoon,Fri,May,5,5
2024-05-24,2024-05-24 18:17:40,18,card,ANON-0000-0000-0209,27.92,Cortado,Night,Fri,May,5,5
2024-05-24,2024-05-24 18:18:37,18,card,ANON-0000-0000-0209,27.92,Cortado,Night,Fri,May,5,5
2024-05-24,2024-05-24 22:30:40,22,card,ANON-0000-0000-0210,32.82,Americano with Milk,Night,Fri,May,5,5
2024-05-25,2024-05-25 07:40:59,7,cash,,29,Americano,Morning,Sat,May,6,5
2024-05-25,2024-05-25 12:13:53,12,card,ANON-0000-0000-0211,37.72,Latte,Afternoon,Sat,May,6,5
2024-05-25,2024-05-25 12:40:24,12,cash,,29,Americano,Afternoon,Sat,May,6,5
2024-05-25,2024-05-25 12:42:10,12,card,ANON-0000-0000-0212,32.82,Americano with Milk,Afternoon,Sat,May,6,5
2024-05-25,2024-05-25 12:43:13,12,card,ANON-0000-0000-0212,32.82,Americano with Milk,Afternoon,Sat,May,6,5
2024-05-25,2024-05-25 12:58:12,12,card,ANON-0000-0000-0213,32.82,Americano with Milk,Afternoon,Sat,May,6,5
2024-05-25,2024-05-25 16:47:10,16,card,ANON-0000-0000-0040,32.82,Americano with Milk,Afternoon,Sat,May,6,5
2024-05-25,2024-05-25 16:48:17,16,card,ANON-0000-0000-0040,27.92,Americano,Afternoon,Sat,May,6,5
2024-05-26,2024-05-26 10:20:02,10,card,ANON-0000-0000-0001,37.72,Latte,Morning,Sun,May,7,5
2024-05-26,2024-05-26 14:24:50,14,card,ANON-0000-0000-0214,32.82,Americano with Milk,Afternoon,Sun,May,7,5
2024-05-26,2024-05-26 14:26:05,14,card,ANON-0000-0000-0215,27.92,Cortado,Afternoon,Sun,May,7,5
2024-05-26,2024-05-26 14:40:59,14,card,ANON-0000-0000-0216,32.82,Americano with Milk,Afternoon,Sun,May,7,5
2024-05-26,2024-05-26 17:19:16,17,card,ANON-0000-0000-0217,37.72,Cappuccino,Night,Sun,May,7,5
2024-05-26,2024-05-26 18:09:53,18,card,ANON-0000-0000-0218,37.72,Hot Chocolate,Night,Sun,May,7,5
2024-05-26,2024-05-26 18:11:02,18,card,ANON-0000-0000-0218,37.72,Hot Chocolate,Night,Sun,May,7,5
2024-05-26,2024-05-26 18:13:14,18,card,ANON-0000-0000-0218,27.92,Americano,Night,Sun,May,7,5
2024-05-26,2024-05-26 18:39:19,18,card,ANON-0000-0000-0219,37.72,Latte,Night,Sun,May,7,5
2024-05-26,2024-05-26 20:59:15,20,card,ANON-0000-0000-0220,37.72,Hot Chocolate,Night,Sun,May,7,5
2024-05-26,2024-05-26 21:00:06,21,card,ANON-0000-0000-0220,37.72,Cappuccino,Night,Sun,May,7,5
2024-05-26,2024-05-26 21:02:37,21,card,ANON-0000-0000-0221,27.92,Cortado,Night,Sun,May,7,5
2024-05-26,2024-05-26 21:03:52,21,card,ANON-0000-0000-0222,37.72,Cappuccino,Night,Sun,May,7,5
2024-05-26,2024-05-26 21:04:59,21,card,ANON-0000-0000-0221,37.72,Latte,Night,Sun,May,7,5
2024-05-26,2024-05-26 21:06:03,21,card,ANON-0000-0000-0223,37.72,Cappuccino,Night,Sun,May,7,5
2024-05-27,2024-05-27 11:34:55,11,card,ANON-0000-0000-0012,27.92,Americano,Morning,Mon,May,1,5
2024-05-27,2024-05-27 14:05:22,14,card,ANON-0000-0000-0224,32.82,Americano with Milk,Afternoon,Mon,May,1,5
2024-05-27,2024-05-27 14:06:44,14,card,ANON-0000-0000-0224,37.72,Cocoa,Afternoon,Mon,May,1,5
2024-05-27,2024-05-27 15:11:34,15,card,ANON-0000-0000-0225,27.92,Americano,Afternoon,Mon,May,1,5
2024-05-27,2024-05-27 15:14:06,15,card,ANON-0000-0000-0225,27.92,Americano,Afternoon,Mon,May,1,5
2024-05-27,2024-05-27 17:50:56,17,card,ANON-0000-0000-0203,37.72,Latte,Night,Mon,May,1,5
2024-05-27,2024-05-27 18:00:51,18,card,ANON-0000-0000-0226,27.92,Americano,Night,Mon,May,1,5
2024-05-27,2024-05-27 19:16:27,19,card,ANON-0000-0000-0227,37.72,Latte,Night,Mon,May,1,5
2024-05-27,2024-05-27 19:17:39,19,card,ANON-0000-0000-0228,37.72,Latte,Night,Mon,May,1,5
2024-05-27,2024-05-27 21:29:07,21,card,ANON-0000-0000-0192,32.82,Americano with Milk,Night,Mon,May,1,5
2024-05-27,2024-05-27 21:30:20,21,card,ANON-0000-0000-0206,37.72,Cappuccino,Night,Mon,May,1,5
2024-05-28,2024-05-28 08:37:09,8,card,ANON-0000-0000-0012,32.82,Americano with Milk,Morning,Tue,May,2,5
2024-05-28,2024-05-28 09:20:11,9,card,ANON-0000-0000-0097,32.82,Americano with Milk,Morning,Tue,May,2,5
2024-05-28,2024-05-28 11:48:18,11,card,ANON-0000-0000-0229,37.72,Cappuccino,Morning,Tue,May,2,5
2024-05-28,2024-05-28 13:14:40,13,card,ANON-0000-0000-0230,37.72,Cappuccino,Afternoon,Tue,May,2,5
2024-05-28,2024-05-28 14:10:54,14,card,ANON-0000-0000-0194,37.72,Cocoa,Afternoon,Tue,May,2,5
2024-05-28,2024-05-28 16:25:39,16,card,ANON-0000-0000-0141,27.92,Cortado,Afternoon,Tue,May,2,5
2024-05-28,2024-05-28 17:21:44,17,cash,,39,Cappuccino,Night,Tue,May,2,5
2024-05-28,2024-05-28 19:09:29,19,card,ANON-0000-0000-0231,27.92,Americano,Night,Tue,May,2,5
2024-05-28,2024-05-28 19:10:31,19,card,ANON-0000-0000-0231,37.72,Latte,Night,Tue,May,2,5
2024-05-28,2024-05-28 20:24:32,20,card,ANON-0000-0000-0009,32.82,Americano with Milk,Night,Tue,May,2,5
2024-05-28,2024-05-28 20:50:19,20,card,ANON-0000-0000-0012,27.92,Americano,Night,Tue,May,2,5
2024-05-29,2024-05-29 09:14:44,9,card,ANON-0000-0000-0232,37.72,Latte,Morning,Wed,May,3,5
2024-05-29,2024-05-29 10:48:47,10,cash,,39,Latte,Morning,Wed,May,3,5
2024-05-29,2024-05-29 11:14:03,11,card,ANON-0000-0000-0233,37.72,Hot Chocolate,Morning,Wed,May,3,5
2024-05-29,2024-05-29 15:10:49,15,card,ANON-0000-0000-0234,27.92,Americano,Afternoon,Wed,May,3,5
2024-05-29,2024-05-29 15:22:56,15,card,ANON-0000-0000-0235,37.72,Latte,Afternoon,Wed,May,3,5
2024-05-29,2024-05-29 15:45:13,15,card,ANON-0000-0000-0236,37.72,Cappuccino,Afternoon,Wed,May,3,5
2024-05-29,2024-05-29 16:45:04,16,card,ANON-0000-0000-0237,37.72,Latte,Afternoon,Wed,May,3,5
2024-05-29,2024-05-29 18:24:03,18,card,ANON-0000-0000-0238,27.92,Cortado,Night,Wed,May,3,5
2024-05-29,2024-05-29 18:24:59,18,card,ANON-0000-0000-0238,37.72,Latte,Night,Wed,May,3,5
2024-05-29,2024-05-29 20:30:42,20,card,ANON-0000-0000-0239,37.72,Hot Chocolate,Night,Wed,May,3,5
2024-05-29,2024-05-29 20:32:35,20,card,ANON-0000-0000-0240,37.72,Cocoa,Night,Wed,May,3,5
2024-05-30,2024-05-30 08:29:06,8,card,ANON-0000-0000-0241,37.72,Cappuccino,Morning,Thu,May,4,5
2024-05-30,2024-05-30 08:30:22,8,card,ANON-0000-0000-0241,37.72,Latte,Morning,Thu,May,4,5
2024-05-30,2024-05-30 08:37:05,8,card,ANON-0000-0000-0242,32.82,Americano with Milk,Morning,Thu,May,4,5
2024-05-30,2024-05-30 09:47:59,9,card,ANON-0000-0000-0001,37.72,Latte,Morning,Thu,May,4,5
2024-05-30,2024-05-30 14:56:15,14,card,ANON-0000-0000-0097,32.82,Americano with Milk,Afternoon,Thu,May,4,5
2024-05-30,2024-05-30 15:16:16,15,card,ANON-0000-0000-0243,23.02,Espresso,Afternoon,Thu,May,4,5
2024-05-30,2024-05-30 15:17:39,15,card,ANON-0000-0000-0012,23.02,Espresso,Afternoon,Thu,May,4,5
2024-05-30,2024-05-30 19:53:11,19,card,ANON-0000-0000-0206,37.72,Cappuccino,Night,Thu,May,4,5
2024-05-30,2024-05-30 20:31:05,20,card,ANON-0000-0000-0244,37.72,Latte,Night,Thu,May,4,5
2024-05-30,2024-05-30 20:46:14,20,card,ANON-0000-0000-0009,37.72,Hot Chocolate,Night,Thu,May,4,5
2024-05-30,2024-05-30 20:47:22,20,card,ANON-0000-0000-0009,32.82,Americano with Milk,Night,Thu,May,4,5
2024-05-31,2024-05-31 07:53:57,7,card,ANON-0000-0000-0245,32.82,Americano with Milk,Morning,Fri,May,5,5
2024-05-31,2024-05-31 09:21:08,9,card,ANON-0000-0000-0246,37.72,Latte,Morning,Fri,May,5,5
2024-05-31,2024-05-31 09:23:59,9,cash,,39,Latte,Morning,Fri,May,5,5
2024-05-31,2024-05-31 10:38:08,10,card,ANON-0000-0000-0247,37.72,Hot Chocolate,Morning,Fri,May,5,5
2024-05-31,2024-05-31 10:39:06,10,card,ANON-0000-0000-0248,37.72,Cocoa,Morning,Fri,May,5,5
2024-05-31,2024-05-31 14:50:13,14,card,ANON-0000-0000-0249,32.82,Americano with Milk,Afternoon,Fri,May,5,5
2024-05-31,2024-05-31 18:23:45,18,card,ANON-0000-0000-0250,37.72,Latte,Night,Fri,May,5,5
2024-05-31,2024-05-31 18:25:03,18,card,ANON-0000-0000-0250,37.72,Latte,Night,Fri,May,5,5
2024-05-31,2024-05-31 20:06:39,20,card,ANON-0000-0000-0180,37.72,Cappuccino,Night,Fri,May,5,5
2024-05-31,2024-05-31 20:33:06,20,card,ANON-0000-0000-0134,32.82,Americano with Milk,Night,Fri,May,5,5
2024-05-31,2024-05-31 20:34:33,20,card,ANON-0000-0000-0134,37.72,Latte,Night,Fri,May,5,5
2024-05-31,2024-05-31 22:05:47,22,card,ANON-0000-0000-0206,37.72,Cappuccino,Night,Fri,May,5,5
2024-05-31,2024-05-31 22:06:52,22,card,ANON-0000-0000-0206,32.82,Americano with Milk,Night,Fri,May,5,5
2024-05-31,2024-05-31 22:07:55,22,card,ANON-0000-0000-0206,27.92,Cortado,Night,Fri,May,5,5
2024-06-01,2024-06-01 08:27:02,8,card,ANON-0000-0000-0141,27.92,Cortado,Morning,Sat,Jun,6,6
2024-06-01,2024-06-01 09:48:25,9,card,ANON-0000-0000-0232,37.72,Latte,Morning,Sat,Jun,6,6
2024-06-01,2024-06-01 11:38:09,11,card,ANON-0000-0000-0250,37.72,Latte,Morning,Sat,Jun,6,6
2024-06-01,2024-06-01 14:28:54,14,card,ANON-0000-0000-0097,32.82,Americano with Milk,Afternoon,Sat,Jun,6,6
2024-06-01,2024-06-01 18:20:13,18,card,ANON-0000-0000-0251,32.82,Americano with Milk,Night,Sat,Jun,6,6
2024-06-01,2024-06-01 18:21:15,18,card,ANON-0000-0000-0251,32.82,Americano with Milk,Night,Sat,Jun,6,6
2024-06-01,2024-06-01 20:50:10,20,card,ANON-0000-0000-0154,37.72,Cappuccino,Night,Sat,Jun,6,6
2024-06-01,2024-06-01 20:51:14,20,card,ANON-0000-0000-0154,37.72,Cappuccino,Night,Sat,Jun,6,6
2024-06-01,2024-06-01 20:54:59,20,cash,,39,Cocoa,Night,Sat,Jun,6,6
2024-06-01,2024-06-01 20:59:10,20,card,ANON-0000-0000-0252,37.72,Cocoa,Night,Sat,Jun,6,6
2024-06-01,2024-06-01 21:51:05,21,card,ANON-0000-0000-0009,32.82,Americano with Milk,Night,Sat,Jun,6,6
2024-06-02,2024-06-02 20:03:26,20,card,ANON-0000-0000-0009,37.72,Latte,Night,Sun,Jun,7,6
2024-06-02,2024-06-02 20:24:02,20,card,ANON-0000-0000-0040,32.82,Americano with Milk,Night,Sun,Jun,7,6
2024-06-02,2024-06-02 20:25:07,20,card,ANON-0000-0000-0040,37.72,Cappuccino,Night,Sun,Jun,7,6
2024-06-02,2024-06-02 21:07:21,21,card,ANON-0000-0000-0097,32.82,Americano with Milk,Night,Sun,Jun,7,6
2024-06-02,2024-06-02 21:30:12,21,card,ANON-0000-0000-0253,37.72,Latte,Night,Sun,Jun,7,6
2024-06-02,2024-06-02 22:43:11,22,cash,,34,Americano with Milk,Night,Sun,Jun,7,6
2024-06-03,2024-06-03 10:12:04,10,card,ANON-0000-0000-0001,37.72,Latte,Morning,Mon,Jun,1,6
2024-06-03,2024-06-03 10:27:50,10,card,ANON-0000-0000-0191,37.72,Latte,Morning,Mon,Jun,1,6
2024-06-03,2024-06-03 14:31:42,14,card,ANON-0000-0000-0025,37.72,Cappuccino,Afternoon,Mon,Jun,1,6
2024-06-03,2024-06-03 14:33:01,14,card,ANON-0000-0000-0024,32.82,Americano with Milk,Afternoon,Mon,Jun,1,6
2024-06-03,2024-06-03 14:34:07,14,card,ANON-0000-0000-0009,37.72,Latte,Afternoon,Mon,Jun,1,6
2024-06-03,2024-06-03 21:42:52,21,cash,,34,Americano with Milk,Night,Mon,Jun,1,6
2024-06-03,2024-06-03 21:43:37,21,cash,,34,Americano with Milk,Night,Mon,Jun,1,6
2024-06-04,2024-06-04 09:23:43,9,card,ANON-0000-0000-0141,27.92,Cortado,Morning,Tue,Jun,2,6
2024-06-04,2024-06-04 10:27:14,10,card,ANON-0000-0000-0097,32.82,Americano with Milk,Morning,Tue,Jun,2,6
2024-06-04,2024-06-04 12:02:10,12,card,ANON-0000-0000-0254,37.72,Latte,Afternoon,Tue,Jun,2,6
2024-06-04,2024-06-04 12:05:29,12,card,ANON-0000-0000-0254,37.72,Hot Chocolate,Afternoon,Tue,Jun,2,6
2024-06-04,2024-06-04 15:30:32,15,card,ANON-0000-0000-0255,37.72,Latte,Afternoon,Tue,Jun,2,6
2024-06-04,2024-06-04 17:46:37,17,card,ANON-0000-0000-0192,27.92,Cortado,Night,Tue,Jun,2,6
2024-06-04,2024-06-04 17:47:29,17,card,ANON-0000-0000-0192,37.72,Cappuccino,Night,Tue,Jun,2,6
2024-06-04,2024-06-04 20:13:01,20,card,ANON-0000-0000-0256,37.72,Hot Chocolate,Night,Tue,Jun,2,6
2024-06-04,2024-06-04 20:50:34,20,card,ANON-0000-0000-0257,37.72,Cappuccino,Night,Tue,Jun,2,6
2024-06-04,2024-06-04 21:31:59,21,card,ANON-0000-0000-0258,27.92,Cortado,Night,Tue,Jun,2,6
2024-06-04,2024-06-04 21:33:03,21,card,ANON-0000-0000-0259,32.82,Americano with Milk,Night,Tue,Jun,2,6
2024-06-04,2024-06-04 21:34:56,21,card,ANON-0000-0000-0260,32.82,Americano with Milk,Night,Tue,Jun,2,6
2024-06-04,2024-06-04 21:36:07,21,card,ANON-0000-0000-0260,32.82,Americano with Milk,Night,Tue,Jun,2,6
2024-06-04,2024-06-04 21:37:15,21,card,ANON-0000-0000-0260,32.82,Americano with Milk,Night,Tue,Jun,2,6
2024-06-05,2024-06-05 08:21:49,8,card,ANON-0000-0000-0261,37.72,Cappuccino,Morning,Wed,Jun,3,6
2024-06-05,2024-06-05 08:23:07,8,card,ANON-0000-0000-0261,37.72,Cappuccino,Morning,Wed,Jun,3,6
2024-06-05,2024-06-05 09:22:43,9,card,ANON-0000-0000-0262,27.92,Americano,Morning,Wed,Jun,3,6
2024-06-05,2024-06-05 10:28:51,10,card,ANON-0000-0000-0001,37.72,Latte,Morning,Wed,Jun,3,6
2024-06-05,2024-06-05 10:40:53,10,card,ANON-0000-0000-0097,32.82,Americano with Milk,Morning,Wed,Jun,3,6
2024-06-05,2024-06-05 19:43:58,19,card,ANON-0000-0000-0263,32.82,Americano with Milk,Night,Wed,Jun,3,6
2024-06-05,2024-06-05 19:59:54,19,card,ANON-0000-0000-0264,37.72,Latte,Night,Wed,Jun,3,6
2024-06-05,2024-06-05 20:10:48,20,card,ANON-0000-0000-0220,37.72,Cocoa,Night,Wed,Jun,3,6
2024-06-05,2024-06-05 20:12:02,20,card,ANON-0000-0000-0220,27.92,Cortado,Night,Wed,Jun,3,6
2024-06-06,2024-06-06 08:52:56,8,card,ANON-0000-0000-0097,32.82,Americano with Milk,Morning,Thu,Jun,4,6
2024-06-06,2024-06-06 08:54:08,8,card,ANON-0000-0000-0097,32.82,Americano with Milk,Morning,Thu,Jun,4,6
2024-06-06,2024-06-06 10:36:10,10,card,ANON-0000-0000-0001,37.72,Latte,Morning,Thu,Jun,4,6
2024-06-06,2024-06-06 12:17:41,12,card,ANON-0000-0000-0265,27.92,Americano,Afternoon,Thu,Jun,4,6
2024-06-06,2024-06-06 15:11:14,15,card,ANON-0000-0000-0224,32.82,Americano with Milk,Afternoon,Thu,Jun,4,6
2024-06-06,2024-06-06 15:24:06,15,card,ANON-0000-0000-0266,37.72,Cappuccino,Afternoon,Thu,Jun,4,6
2024-06-06,2024-06-06 21:14:05,21,card,ANON-0000-0000-0267,37.72,Latte,Night,Thu,Jun,4,6
2024-06-06,2024-06-06 21:15:42,21,card,ANON-0000-0000-0267,37.72,Latte,Night,Thu,Jun,4,6
2024-06-06,2024-06-06 21:18:27,21,card,ANON-0000-0000-0206,37.72,Cappuccino,Night,Thu,Jun,4,6
2024-06-06,2024-06-06 21:19:30,21,card,ANON-0000-0000-0206,32.82,Americano with Milk,Night,Thu,Jun,4,6
2024-06-06,2024-06-06 21:21:04,21,card,ANON-0000-0000-0267,37.72,Latte,Night,Thu,Jun,4,6
2024-06-07,2024-06-07 08:18:04,8,card,ANON-0000-0000-0268,37.72,Cappuccino,Morning,Fri,Jun,5,6
2024-06-07,2024-06-07 10:35:28,10,card,ANON-0000-0000-0269,23.02,Espresso,Morning,Fri,Jun,5,6
2024-06-07,2024-06-07 13:34:18,13,card,ANON-0000-0000-0164,32.82,Americano with Milk,Afternoon,Fri,Jun,5,6
2024-06-07,2024-06-07 16:45:42,16,card,ANON-0000-0000-0270,27.92,Cortado,Afternoon,Fri,Jun,5,6
2024-06-07,2024-06-07 16:47:15,16,card,ANON-0000-0000-0270,27.92,Cortado,Afternoon,Fri,Jun,5,6
2024-06-08,2024-06-08 09:04:20,9,card,ANON-0000-0000-0271,27.92,Cortado,Morning,Sat,Jun,6,6
2024-06-08,2024-06-08 09:26:11,9,card,ANON-0000-0000-0097,32.82,Americano with Milk,Morning,Sat,Jun,6,6
2024-06-08,2024-06-08 20:24:54,20,card,ANON-0000-0000-0134,37.72,Cappuccino,Night,Sat,Jun,6,6
2024-06-08,2024-06-08 20:25:56,20,card,ANON-0000-0000-0134,37.72,Cappuccino,Night,Sat,Jun,6,6
2024-06-09,2024-06-09 08:15:53,8,card,ANON-0000-0000-0097,37.72,Latte,Morning,Sun,Jun,7,6
2024-06-09,2024-06-09 10:30:04,10,card,ANON-0000-0000-0272,37.72,Latte,Morning,Sun,Jun,7,6
2024-06-09,2024-06-09 10:52:06,10,card,ANON-0000-0000-0273,37.72,Cappuccino,Morning,Sun,Jun,7,6
2024-06-09,2024-06-09 11:04:41,11,card,ANON-0000-0000-0141,27.92,Cortado,Morning,Sun,Jun,7,6
2024-06-09,2024-06-09 11:07:08,11,card,ANON-0000-0000-0274,23.02,Espresso,Morning,Sun,Jun,7,6
2024-06-09,2024-06-09 11:52:50,11,card,ANON-0000-0000-0275,37.72,Cappuccino,Morning,Sun,Jun,7,6
2024-06-09,2024-06-09 12:11:24,12,card,ANON-0000-0000-0276,32.82,Americano with Milk,Afternoon,Sun,Jun,7,6
2024-06-09,2024-06-09 12:13:08,12,card,ANON-0000-0000-0276,37.72,Latte,Afternoon,Sun,Jun,7,6
2024-06-09,2024-06-09 12:14:11,12,card,ANON-0000-0000-0276,37.72,Latte,Afternoon,Sun,Jun,7,6
2024-06-09,2024-06-09 15:10:31,15,card,ANON-0000-0000-0277,27.92,Cortado,Afternoon,Sun,Jun,7,6
2024-06-09,2024-06-09 16:17:28,16,card,ANON-0000-0000-0278,37.72,Cappuccino,Afternoon,Sun,Jun,7,6
2024-06-09,2024-06-09 19:21:19,19,card,ANON-0000-0000-0279,32.82,Americano with Milk,Night,Sun,Jun,7,6
2024-06-09,2024-06-09 21:05:09,21,card,ANON-0000-0000-0280,27.92,Americano,Night,Sun,Jun,7,6
2024-06-10,2024-06-10 12:47:50,12,card,ANON-0000-0000-0281,37.72,Cappuccino,Afternoon,Mon,Jun,1,6
2024-06-10,2024-06-10 12:56:48,12,card,ANON-0000-0000-0097,37.72,Latte,Afternoon,Mon,Jun,1,6
2024-06-10,2024-06-10 19:04:28,19,card,ANON-0000-0000-0282,37.72,Hot Chocolate,Night,Mon,Jun,1,6
2024-06-10,2024-06-10 19:05:23,19,card,ANON-0000-0000-0282,37.72,Hot Chocolate,Night,Mon,Jun,1,6
2024-06-10,2024-06-10 19:37:24,19,card,ANON-0000-0000-0283,37.72,Latte,Night,Mon,Jun,1,6
2024-06-10,2024-06-10 19:38:20,19,card,ANON-0000-0000-0283,37.72,Latte,Night,Mon,Jun,1,6
2024-06-11,2024-06-11 10:38:04,10,card,ANON-0000-0000-0284,32.82,Americano with Milk,Morning,Tue,Jun,2,6
2024-06-11,2024-06-11 18:48:25,18,card,ANON-0000-0000-0285,37.72,Latte,Night,Tue,Jun,2,6
2024-06-11,2024-06-11 18:49:36,18,card,ANON-0000-0000-0285,37.72,Latte,Night,Tue,Jun,2,6
2024-06-11,2024-06-11 21:17:03,21,card,ANON-0000-0000-0286,37.72,Hot Chocolate,Night,Tue,Jun,2,6
2024-06-11,2024-06-11 21:27:42,21,card,ANON-0000-0000-0287,32.82,Americano with Milk,Night,Tue,Jun,2,6
2024-06-11,2024-06-11 21:28:50,21,card,ANON-0000-0000-0287,32.82,Americano with Milk,Night,Tue,Jun,2,6
2024-06-12,2024-06-12 10:18:19,10,card,ANON-0000-0000-0288,37.72,Hot Chocolate,Morning,Wed,Jun,3,6
2024-06-12,2024-06-12 11:51:44,11,card,ANON-0000-0000-0289,37.72,Cappuccino,Morning,Wed,Jun,3,6
2024-06-12,2024-06-12 17:41:17,17,card,ANON-0000-0000-0283,37.72,Latte,Night,Wed,Jun,3,6
2024-06-12,2024-06-12 17:47:28,17,card,ANON-0000-0000-0290,37.72,Latte,Night,Wed,Jun,3,6
2024-06-12,2024-06-12 20:16:34,20,card,ANON-0000-0000-0256,37.72,Hot Chocolate,Night,Wed,Jun,3,6
2024-06-12,2024-06-12 20:25:34,20,card,ANON-0000-0000-0291,32.82,Americano with Milk,Night,Wed,Jun,3,6
2024-06-13,2024-06-13 08:54:24,8,card,ANON-0000-0000-0292,27.92,Americano,Morning,Thu,Jun,4,6
2024-06-13,2024-06-13 08:57:26,8,card,ANON-0000-0000-0097,37.72,Latte,Morning,Thu,Jun,4,6
2024-06-13,2024-06-13 09:50:25,9,card,ANON-0000-0000-0293,32.82,Americano with Milk,Morning,Thu,Jun,4,6
2024-06-13,2024-06-13 09:57:12,9,card,ANON-0000-0000-0141,27.92,Cortado,Morning,Thu,Jun,4,6
2024-06-13,2024-06-13 17:04:59,17,card,ANON-0000-0000-0294,32.82,Americano with Milk,Night,Thu,Jun,4,6
2024-06-13,2024-06-13 17:27:47,17,card,ANON-0000-0000-0295,37.72,Hot Chocolate,Night,Thu,Jun,4,6
2024-06-13,2024-06-13 19:22:19,19,card,ANON-0000-0000-0296,37.72,Latte,Night,Thu,Jun,4,6
2024-06-13,2024-06-13 20:20:52,20,card,ANON-0000-0000-0012,32.82,Americano with Milk,Night,Thu,Jun,4,6
2024-06-13,2024-06-13 20:43:46,20,card,ANON-0000-0000-0012,23.02,Espresso,Night,Thu,Jun,4,6
2024-06-13,2024-06-13 20:45:01,20,card,ANON-0000-0000-0295,23.02,Espresso,Night,Thu,Jun,4,6
2024-06-13,2024-06-13 20:48:18,20,card,ANON-0000-0000-0009,32.82,Americano with Milk,Night,Thu,Jun,4,6
2024-06-13,2024-06-13 21:02:28,21,card,ANON-0000-0000-0009,32.82,Americano with Milk,Night,Thu,Jun,4,6
2024-06-14,2024-06-14 07:46:13,7,card,ANON-0000-0000-0141,27.92,Cortado,Morning,Fri,Jun,5,6
2024-06-14,2024-06-14 10:30:32,10,card,ANON-0000-0000-0297,27.92,Americano,Morning,Fri,Jun,5,6
2024-06-14,2024-06-14 12:14:42,12,card,ANON-0000-0000-0097,37.72,Latte,Afternoon,Fri,Jun,5,6
2024-06-14,2024-06-14 18:29:53,18,card,ANON-0000-0000-0298,32.82,Americano with Milk,Night,Fri,Jun,5,6
2024-06-15,2024-06-15 11:26:02,11,card,ANON-0000-0000-0299,37.72,Cappuccino,Morning,Sat,Jun,6,6
2024-06-15,2024-06-15 12:21:28,12,card,ANON-0000-0000-0300,37.72,Latte,Afternoon,Sat,Jun,6,6
2024-06-15,2024-06-15 12:22:47,12,card,ANON-0000-0000-0300,32.82,Americano with Milk,Afternoon,Sat,Jun,6,6
2024-06-15,2024-06-15 12:23:52,12,card,ANON-0000-0000-0300,23.02,Espresso,Afternoon,Sat,Jun,6,6
2024-06-15,2024-06-15 12:24:35,12,card,ANON-0000-0000-0300,37.72,Cocoa,Afternoon,Sat,Jun,6,6
2024-06-15,2024-06-15 12:25:24,12,card,ANON-0000-0000-0300,32.82,Americano with Milk,Afternoon,Sat,Jun,6,6
2024-06-15,2024-06-15 16:03:30,16,card,ANON-0000-0000-0301,32.82,Americano with Milk,Afternoon,Sat,Jun,6,6
2024-06-15,2024-06-15 18:14:05,18,card,ANON-0000-0000-0302,27.92,Americano,Night,Sat,Jun,6,6
2024-06-16,2024-06-16 10:43:51,10,card,ANON-0000-0000-0059,32.82,Americano with Milk,Morning,Sun,Jun,7,6
2024-06-16,2024-06-16 10:58:41,10,card,ANON-0000-0000-0303,37.72,Latte,Morning,Sun,Jun,7,6
2024-06-16,2024-06-16 11:00:38,11,card,ANON-0000-0000-0303,37.72,Hot Chocolate,Morning,Sun,Jun,7,6
2024-06-16,2024-06-16 11:01:41,11,card,ANON-0000-0000-0303,37.72,Hot Chocolate,Morning,Sun,Jun,7,6
2024-06-16,2024-06-16 12:49:28,12,card,ANON-0000-0000-0276,32.82,Americano with Milk,Afternoon,Sun,Jun,7,6
2024-06-16,2024-06-16 14:00:39,14,card,ANON-0000-0000-0274,23.02,Espresso,Afternoon,Sun,Jun,7,6
2024-06-16,2024-06-16 15:02:36,15,card,ANON-0000-0000-0304,32.82,Americano with Milk,Afternoon,Sun,Jun,7,6
2024-06-16,2024-06-16 15:05:10,15,card,ANON-0000-0000-0304,32.82,Americano with Milk,Afternoon,Sun,Jun,7,6
2024-06-16,2024-06-16 15:44:00,15,card,ANON-0000-0000-0305,37.72,Hot Chocolate,Afternoon,Sun,Jun,7,6
2024-06-16,2024-06-16 16:47:37,16,card,ANON-0000-0000-0306,37.72,Hot Chocolate,Afternoon,Sun,Jun,7,6
2024-06-16,2024-06-16 17:45:17,17,card,ANON-0000-0000-0059,32.82,Americano with Milk,Night,Sun,Jun,7,6
2024-06-16,2024-06-16 17:46:17,17,card,ANON-0000-0000-0059,32.82,Americano with Milk,Night,Sun,Jun,7,6
2024-06-17,2024-06-17 08:57:24,8,card,ANON-0000-0000-0307,27.92,Americano,Morning,Mon,Jun,1,6
2024-06-17,2024-06-17 10:12:05,10,card,ANON-0000-0000-0308,27.92,Cortado,Morning,Mon,Jun,1,6
2024-06-17,2024-06-17 10:13:38,10,card,ANON-0000-0000-0308,27.92,Cortado,Morning,Mon,Jun,1,6
2024-06-17,2024-06-17 10:55:52,10,card,ANON-0000-0000-0042,37.72,Cappuccino,Morning,Mon,Jun,1,6
2024-06-17,2024-06-17 14:51:35,14,card,ANON-0000-0000-0164,37.72,Cappuccino,Afternoon,Mon,Jun,1,6
2024-06-17,2024-06-17 16:50:13,16,card,ANON-0000-0000-0012,37.72,Cappuccino,Afternoon,Mon,Jun,1,6
2024-06-17,2024-06-17 16:51:11,16,card,ANON-0000-0000-0012,37.72,Cappuccino,Afternoon,Mon,Jun,1,6
2024-06-17,2024-06-17 16:52:36,16,card,ANON-0000-0000-0012,27.92,Americano,Afternoon,Mon,Jun,1,6
2024-06-17,2024-06-17 18:51:20,18,card,ANON-0000-0000-0309,27.92,Americano,Night,Mon,Jun,1,6
2024-06-17,2024-06-17 21:16:11,21,card,ANON-0000-0000-0009,32.82,Americano with Milk,Night,Mon,Jun,1,6
2024-06-18,2024-06-18 14:04:06,14,card,ANON-0000-0000-0299,27.92,Americano,Afternoon,Tue,Jun,2,6
2024-06-18,2024-06-18 14:05:12,14,card,ANON-0000-0000-0299,37.72,Cappuccino,Afternoon,Tue,Jun,2,6
2024-06-18,2024-06-18 19:20:41,19,card,ANON-0000-0000-0154,37.72,Cappuccino,Night,Tue,Jun,2,6
2024-06-18,2024-06-18 19:21:39,19,card,ANON-0000-0000-0154,37.72,Cappuccino,Night,Tue,Jun,2,6
2024-06-18,2024-06-18 20:35:49,20,card,ANON-0000-0000-0310,27.92,Cortado,Night,Tue,Jun,2,6
2024-06-18,2024-06-18 21:20:50,21,card,ANON-0000-0000-0012,32.82,Americano with Milk,Night,Tue,Jun,2,6
2024-06-18,2024-06-18 21:22:19,21,card,ANON-0000-0000-0012,32.82,Americano with Milk,Night,Tue,Jun,2,6
2024-06-19,2024-06-19 07:47:20,7,card,ANON-0000-0000-0311,37.72,Latte,Morning,Wed,Jun,3,6
2024-06-19,2024-06-19 08:17:55,8,card,ANON-0000-0000-0141,27.92,Cortado,Morning,Wed,Jun,3,6
2024-06-19,2024-06-19 10:54:00,10,card,ANON-0000-0000-0312,27.92,Americano,Morning,Wed,Jun,3,6
2024-06-19,2024-06-19 11:11:28,11,card,ANON-0000-0000-0313,37.72,Latte,Morning,Wed,Jun,3,6
2024-06-19,2024-06-19 11:12:31,11,card,ANON-0000-0000-0313,37.72,Cocoa,Morning,Wed,Jun,3,6
2024-06-19,2024-06-19 14:21:36,14,card,ANON-0000-0000-0164,32.82,Americano with Milk,Afternoon,Wed,Jun,3,6
2024-06-19,2024-06-19 18:28:43,18,card,ANON-0000-0000-0153,37.72,Cappuccino,Night,Wed,Jun,3,6
2024-06-19,2024-06-19 18:29:59,18,card,ANON-0000-0000-0153,37.72,Latte,Night,Wed,Jun,3,6
2024-06-19,2024-06-19 19:31:31,19,card,ANON-0000-0000-0009,32.82,Americano with Milk,Night,Wed,Jun,3,6
2024-06-19,2024-06-19 21:28:59,21,card,ANON-0000-0000-0192,37.72,Cappuccino,Night,Wed,Jun,3,6
2024-06-19,2024-06-19 21:30:03,21,card,ANON-0000-0000-0192,32.82,Americano with Milk,Night,Wed,Jun,3,6
2024-06-20,2024-06-20 10:50:06,10,card,ANON-0000-0000-0097,37.72,Latte,Morning,Thu,Jun,4,6
2024-06-20,2024-06-20 18:59:02,18,card,ANON-0000-0000-0314,37.72,Latte,Night,Thu,Jun,4,6
2024-06-20,2024-06-20 19:00:00,19,card,ANON-0000-0000-0314,37.72,Latte,Night,Thu,Jun,4,6
2024-06-20,2024-06-20 21:39:10,21,card,ANON-0000-0000-0257,37.72,Latte,Night,Thu,Jun,4,6
2024-06-20,2024-06-20 21:57:41,21,card,ANON-0000-0000-0009,37.72,Latte,Night,Thu,Jun,4,6
2024-06-20,2024-06-20 21:59:18,21,card,ANON-0000-0000-0009,32.82,Americano with Milk,Night,Thu,Jun,4,6
2024-06-21,2024-06-21 09:59:56,9,card,ANON-0000-0000-0311,37.72,Latte,Morning,Fri,Jun,5,6
2024-06-21,2024-06-21 10:01:40,10,card,ANON-0000-0000-0315,27.92,Americano,Morning,Fri,Jun,5,6
2024-06-21,2024-06-21 13:19:19,13,card,ANON-0000-0000-0012,32.82,Americano with Milk,Afternoon,Fri,Jun,5,6
2024-06-21,2024-06-21 13:20:32,13,card,ANON-0000-0000-0012,32.82,Americano with Milk,Afternoon,Fri,Jun,5,6
2024-06-21,2024-06-21 18:12:16,18,card,ANON-0000-0000-0316,23.02,Espresso,Night,Fri,Jun,5,6
2024-06-21,2024-06-21 19:30:27,19,card,ANON-0000-0000-0009,37.72,Latte,Night,Fri,Jun,5,6
2024-06-21,2024-06-21 19:47:06,19,card,ANON-0000-0000-0154,37.72,Cappuccino,Night,Fri,Jun,5,6
2024-06-21,2024-06-21 19:48:07,19,card,ANON-0000-0000-0154,37.72,Cappuccino,Night,Fri,Jun,5,6
2024-06-21,2024-06-21 19:49:55,19,card,ANON-0000-0000-0180,37.72,Cappuccino,Night,Fri,Jun,5,6
2024-06-21,2024-06-21 19:51:00,19,card,ANON-0000-0000-0180,37.72,Cappuccino,Night,Fri,Jun,5,6
2024-06-21,2024-06-21 19:52:19,19,card,ANON-0000-0000-0180,27.92,Americano,Night,Fri,Jun,5,6
2024-06-21,2024-06-21 19:55:37,19,card,ANON-0000-0000-0311,32.82,Americano with Milk,Night,Fri,Jun,5,6
2024-06-22,2024-06-22 08:39:50,8,card,ANON-0000-0000-0141,27.92,Cortado,Morning,Sat,Jun,6,6
2024-06-22,2024-06-22 09:37:49,9,card,ANON-0000-0000-0311,32.82,Americano with Milk,Morning,Sat,Jun,6,6
2024-06-22,2024-06-22 12:53:16,12,card,ANON-0000-0000-0317,32.82,Americano with Milk,Afternoon,Sat,Jun,6,6
2024-06-22,2024-06-22 15:37:20,15,card,ANON-0000-0000-0009,37.72,Latte,Afternoon,Sat,Jun,6,6
2024-06-22,2024-06-22 22:10:23,22,card,ANON-0000-0000-0318,37.72,Cappuccino,Night,Sat,Jun,6,6
2024-06-23,2024-06-23 18:12:01,18,card,ANON-0000-0000-0012,32.82,Americano with Milk,Night,Sun,Jun,7,6
2024-06-23,2024-06-23 18:13:51,18,card,ANON-0000-0000-0012,32.82,Americano with Milk,Night,Sun,Jun,7,6
2024-06-23,2024-06-23 21:06:47,21,card,ANON-0000-0000-0319,37.72,Cappuccino,Night,Sun,Jun,7,6
2024-06-23,2024-06-23 21:29:08,21,card,ANON-0000-0000-0320,37.72,Latte,Night,Sun,Jun,7,6
2024-06-23,2024-06-23 21:30:36,21,card,ANON-0000-0000-0320,37.72,Cappuccino,Night,Sun,Jun,7,6
2024-06-24,2024-06-24 11:44:40,11,card,ANON-0000-0000-0164,32.82,Americano with Milk,Morning,Mon,Jun,1,6
2024-06-24,2024-06-24 11:49:36,11,card,ANON-0000-0000-0180,37.72,Cappuccino,Morning,Mon,Jun,1,6
2024-06-24,2024-06-24 11:50:44,11,card,ANON-0000-0000-0180,37.72,Cappuccino,Morning,Mon,Jun,1,6
2024-06-24,2024-06-24 15:02:29,15,card,ANON-0000-0000-0321,37.72,Latte,Afternoon,Mon,Jun,1,6
2024-06-24,2024-06-24 16:46:01,16,card,ANON-0000-0000-0203,37.72,Cappuccino,Afternoon,Mon,Jun,1,6
2024-06-24,2024-06-24 16:47:00,16,card,ANON-0000-0000-0203,37.72,Cappuccino,Afternoon,Mon,Jun,1,6
2024-06-25,2024-06-25 08:19:24,8,card,ANON-0000-0000-0322,37.72,Latte,Morning,Tue,Jun,2,6
2024-06-25,2024-06-25 10:28:26,10,card,ANON-0000-0000-0012,32.82,Americano with Milk,Morning,Tue,Jun,2,6
2024-06-25,2024-06-25 10:29:42,10,card,ANON-0000-0000-0040,32.82,Americano with Milk,Morning,Tue,Jun,2,6
2024-06-25,2024-06-25 11:34:52,11,card,ANON-0000-0000-0203,37.72,Cappuccino,Morning,Tue,Jun,2,6
2024-06-26,2024-06-26 09:33:02,9,card,ANON-0000-0000-0323,37.72,Latte,Morning,Wed,Jun,3,6
2024-06-26,2024-06-26 16:32:29,16,card,ANON-0000-0000-0324,23.02,Espresso,Afternoon,Wed,Jun,3,6
2024-06-26,2024-06-26 16:34:02,16,card,ANON-0000-0000-0325,27.92,Americano,Afternoon,Wed,Jun,3,6
2024-06-26,2024-06-26 21:21:53,21,card,ANON-0000-0000-0009,37.72,Latte,Night,Wed,Jun,3,6
2024-06-26,2024-06-26 21:27:01,21,card,ANON-0000-0000-0009,37.72,Cappuccino,Night,Wed,Jun,3,6
2024-06-26,2024-06-26 21:28:15,21,card,ANON-0000-0000-0206,32.82,Americano with Milk,Night,Wed,Jun,3,6
2024-06-27,2024-06-27 09:15:43,9,card,ANON-0000-0000-0326,32.82,Americano with Milk,Morning,Thu,Jun,4,6
2024-06-27,2024-06-27 16:11:48,16,card,ANON-0000-0000-0327,27.92,Cortado,Afternoon,Thu,Jun,4,6
2024-06-27,2024-06-27 21:44:03,21,card,ANON-0000-0000-0328,32.82,Americano with Milk,Night,Thu,Jun,4,6
2024-06-27,2024-06-27 21:50:32,21,card,ANON-0000-0000-0329,37.72,Cappuccino,Night,Thu,Jun,4,6
2024-06-28,2024-06-28 08:08:35,8,card,ANON-0000-0000-0141,27.92,Cortado,Morning,Fri,Jun,5,6
2024-06-28,2024-06-28 17:51:54,17,card,ANON-0000-0000-0274,23.02,Espresso,Night,Fri,Jun,5,6
2024-06-28,2024-06-28 21:50:55,21,card,ANON-0000-0000-0330,32.82,Americano with Milk,Night,Fri,Jun,5,6
2024-06-28,2024-06-28 21:52:02,21,card,ANON-0000-0000-0331,37.72,Latte,Night,Fri,Jun,5,6
2024-06-28,2024-06-28 22:28:20,22,card,ANON-0000-0000-0332,37.72,Cappuccino,Night,Fri,Jun,5,6
2024-06-29,2024-06-29 09:47:10,9,card,ANON-0000-0000-0097,32.82,Americano with Milk,Morning,Sat,Jun,6,6
2024-06-29,2024-06-29 11:40:20,11,card,ANON-0000-0000-0333,32.82,Americano with Milk,Morning,Sat,Jun,6,6
2024-06-29,2024-06-29 11:41:27,11,card,ANON-0000-0000-0333,32.82,Americano with Milk,Morning,Sat,Jun,6,6
2024-06-29,2024-06-29 12:30:24,12,card,ANON-0000-0000-0334,37.72,Cappuccino,Afternoon,Sat,Jun,6,6
2024-06-29,2024-06-29 12:31:43,12,card,ANON-0000-0000-0334,37.72,Cappuccino,Afternoon,Sat,Jun,6,6
2024-06-29,2024-06-29 17:23:44,17,card,ANON-0000-0000-0335,37.72,Cappuccino,Night,Sat,Jun,6,6
2024-06-29,2024-06-29 17:24:52,17,card,ANON-0000-0000-0335,37.72,Hot Chocolate,Night,Sat,Jun,6,6
2024-06-29,2024-06-29 21:27:22,21,card,ANON-0000-0000-0009,37.72,Latte,Night,Sat,Jun,6,6
2024-06-30,2024-06-30 10:28:10,10,card,ANON-0000-0000-0336,37.72,Latte,Morning,Sun,Jun,7,6
2024-06-30,2024-06-30 13:05:51,13,card,ANON-0000-0000-0337,23.02,Espresso,Afternoon,Sun,Jun,7,6
2024-06-30,2024-06-30 16:54:42,16,card,ANON-0000-0000-0009,37.72,Hot Chocolate,Afternoon,Sun,Jun,7,6
2024-06-30,2024-06-30 21:04:10,21,card,ANON-0000-0000-0097,32.82,Americano with Milk,Night,Sun,Jun,7,6
2024-07-01,2024-07-01 18:07:27,18,card,ANON-0000-0000-0012,23.02,Espresso,Night,Mon,Jul,1,7
2024-07-01,2024-07-01 18:56:52,18,card,ANON-0000-0000-0338,37.72,Cappuccino,Night,Mon,Jul,1,7
2024-07-01,2024-07-01 18:57:54,18,card,ANON-0000-0000-0339,37.72,Cappuccino,Night,Mon,Jul,1,7
2024-07-02,2024-07-02 10:42:54,10,card,ANON-0000-0000-0304,32.82,Americano with Milk,Morning,Tue,Jul,2,7
2024-07-02,2024-07-02 10:45:01,10,card,ANON-0000-0000-0304,27.92,Americano,Morning,Tue,Jul,2,7
2024-07-02,2024-07-02 12:48:05,12,card,ANON-0000-0000-0019,37.72,Latte,Afternoon,Tue,Jul,2,7
2024-07-02,2024-07-02 14:03:13,14,card,ANON-0000-0000-0340,27.92,Americano,Afternoon,Tue,Jul,2,7
2024-07-02,2024-07-02 16:31:24,16,card,ANON-0000-0000-0341,32.82,Americano with Milk,Afternoon,Tue,Jul,2,7
2024-07-02,2024-07-02 22:02:24,22,card,ANON-0000-0000-0329,32.82,Americano with Milk,Night,Tue,Jul,2,7
2024-07-03,2024-07-03 13:51:15,13,card,ANON-0000-0000-0012,32.82,Americano with Milk,Afternoon,Wed,Jul,3,7
2024-07-03,2024-07-03 16:01:17,16,card,ANON-0000-0000-0342,37.72,Cappuccino,Afternoon,Wed,Jul,3,7
2024-07-03,2024-07-03 16:50:25,16,card,ANON-0000-0000-0343,37.72,Cappuccino,Afternoon,Wed,Jul,3,7
2024-07-03,2024-07-03 16:53:16,16,card,ANON-0000-0000-0270,32.82,Americano with Milk,Afternoon,Wed,Jul,3,7
2024-07-03,2024-07-03 16:54:23,16,card,ANON-0000-0000-0344,32.82,Americano with Milk,Afternoon,Wed,Jul,3,7
2024-07-03,2024-07-03 16:55:31,16,card,ANON-0000-0000-0270,37.72,Latte,Afternoon,Wed,Jul,3,7
2024-07-03,2024-07-03 16:59:26,16,card,ANON-0000-0000-0345,23.02,Espresso,Afternoon,Wed,Jul,3,7
2024-07-03,2024-07-03 17:59:02,17,card,ANON-0000-0000-0346,37.72,Cappuccino,Night,Wed,Jul,3,7
2024-07-03,2024-07-03 19:06:09,19,card,ANON-0000-0000-0009,37.72,Latte,Night,Wed,Jul,3,7
2024-07-04,2024-07-04 10:26:24,10,card,ANON-0000-0000-0143,32.82,Americano with Milk,Morning,Thu,Jul,4,7
2024-07-04,2024-07-04 10:27:30,10,card,ANON-0000-0000-0012,27.92,Americano,Morning,Thu,Jul,4,7
2024-07-05,2024-07-05 12:20:29,12,card,ANON-0000-0000-0058,37.72,Cocoa,Afternoon,Fri,Jul,5,7
2024-07-05,2024-07-05 13:43:43,13,card,ANON-0000-0000-0040,32.82,Americano with Milk,Afternoon,Fri,Jul,5,7
2024-07-05,2024-07-05 13:44:44,13,card,ANON-0000-0000-0347,32.82,Americano with Milk,Afternoon,Fri,Jul,5,7
2024-07-05,2024-07-05 18:55:56,18,card,ANON-0000-0000-0348,23.02,Espresso,Night,Fri,Jul,5,7
2024-07-05,2024-07-05 19:55:08,19,card,ANON-0000-0000-0099,27.92,Americano,Night,Fri,Jul,5,7
2024-07-05,2024-07-05 22:11:56,22,card,ANON-0000-0000-0349,23.02,Espresso,Night,Fri,Jul,5,7
2024-07-05,2024-07-05 22:18:03,22,card,ANON-0000-0000-0350,27.92,Americano,Night,Fri,Jul,5,7
2024-07-05,2024-07-05 22:18:57,22,card,ANON-0000-0000-0350,27.92,Americano,Night,Fri,Jul,5,7
2024-07-05,2024-07-05 22:20:01,22,card,ANON-0000-0000-0351,37.72,Cappuccino,Night,Fri,Jul,5,7
2024-07-05,2024-07-05 22:21:09,22,card,ANON-0000-0000-0351,32.82,Americano with Milk,Night,Fri,Jul,5,7
2024-07-06,2024-07-06 10:28:07,10,card,ANON-0000-0000-0352,37.72,Latte,Morning,Sat,Jul,6,7
2024-07-06,2024-07-06 17:15:46,17,card,ANON-0000-0000-0009,32.82,Latte,Night,Sat,Jul,6,7
2024-07-06,2024-07-06 17:17:01,17,card,ANON-0000-0000-0009,32.82,Latte,Night,Sat,Jul,6,7
2024-07-06,2024-07-06 19:09:46,19,card,ANON-0000-0000-0012,32.82,Latte,Night,Sat,Jul,6,7
2024-07-06,2024-07-06 19:10:40,19,card,ANON-0000-0000-0012,27.92,Americano with Milk,Night,Sat,Jul,6,7
2024-07-07,2024-07-07 09:04:20,9,card,ANON-0000-0000-0303,32.82,Cappuccino,Morning,Sun,Jul,7,7
2024-07-07,2024-07-07 09:14:29,9,card,ANON-0000-0000-0353,27.92,Americano with Milk,Morning,Sun,Jul,7,7
2024-07-07,2024-07-07 09:15:37,9,card,ANON-0000-0000-0353,27.92,Americano with Milk,Morning,Sun,Jul,7,7
2024-07-07,2024-07-07 09:28:49,9,card,ANON-0000-0000-0354,32.82,Cappuccino,Morning,Sun,Jul,7,7
2024-07-07,2024-07-07 09:29:56,9,card,ANON-0000-0000-0354,32.82,Cappuccino,Morning,Sun,Jul,7,7
2024-07-07,2024-07-07 14:56:30,14,card,ANON-0000-0000-0355,32.82,Hot Chocolate,Afternoon,Sun,Jul,7,7
2024-07-07,2024-07-07 14:57:47,14,card,ANON-0000-0000-0355,32.82,Cocoa,Afternoon,Sun,Jul,7,7
2024-07-07,2024-07-07 17:07:50,17,card,ANON-0000-0000-0356,32.82,Latte,Night,Sun,Jul,7,7
2024-07-07,2024-07-07 19:33:27,19,card,ANON-0000-0000-0357,32.82,Cappuccino,Night,Sun,Jul,7,7
2024-07-07,2024-07-07 20:01:32,20,card,ANON-0000-0000-0358,32.82,Hot Chocolate,Night,Sun,Jul,7,7
2024-07-07,2024-07-07 22:33:36,22,card,ANON-0000-0000-0359,27.92,Americano with Milk,Night,Sun,Jul,7,7
2024-07-08,2024-07-08 07:33:08,7,card,ANON-0000-0000-0360,32.82,Latte,Morning,Mon,Jul,1,7
2024-07-08,2024-07-08 12:02:50,12,card,ANON-0000-0000-0361,23.02,Americano,Afternoon,Mon,Jul,1,7
2024-07-08,2024-07-08 14:40:24,14,card,ANON-0000-0000-0362,23.02,Americano,Afternoon,Mon,Jul,1,7
2024-07-08,2024-07-08 19:30:35,19,card,ANON-0000-0000-0363,27.92,Americano with Milk,Night,Mon,Jul,1,7
2024-07-08,2024-07-08 22:14:46,22,card,ANON-0000-0000-0019,32.82,Latte,Night,Mon,Jul,1,7
2024-07-09,2024-07-09 10:26:52,10,card,ANON-0000-0000-0333,27.92,Americano with Milk,Morning,Tue,Jul,2,7
2024-07-09,2024-07-09 10:40:29,10,card,ANON-0000-0000-0276,27.92,Americano with Milk,Morning,Tue,Jul,2,7
2024-07-09,2024-07-09 11:21:36,11,card,ANON-0000-0000-0194,27.92,Americano with Milk,Morning,Tue,Jul,2,7
2024-07-09,2024-07-09 11:22:50,11,card,ANON-0000-0000-0194,32.82,Cappuccino,Morning,Tue,Jul,2,7
2024-07-09,2024-07-09 16:43:00,16,card,ANON-0000-0000-0364,27.92,Americano with Milk,Afternoon,Tue,Jul,2,7
2024-07-10,2024-07-10 11:10:42,11,card,ANON-0000-0000-0365,23.02,Americano,Morning,Wed,Jul,3,7
2024-07-10,2024-07-10 12:28:54,12,card,ANON-0000-0000-0366,27.92,Americano with Milk,Afternoon,Wed,Jul,3,7
2024-07-10,2024-07-10 22:13:10,22,card,ANON-0000-0000-0328,32.82,Latte,Night,Wed,Jul,3,7
2024-07-11,2024-07-11 11:27:28,11,card,ANON-0000-0000-0367,32.82,Hot Chocolate,Morning,Thu,Jul,4,7
2024-07-11,2024-07-11 16:48:19,16,card,ANON-0000-0000-0368,27.92,Americano with Milk,Afternoon,Thu,Jul,4,7
2024-07-11,2024-07-11 22:22:14,22,card,ANON-0000-0000-0369,32.82,Latte,Night,Thu,Jul,4,7
2024-07-11,2024-07-11 22:30:59,22,card,ANON-0000-0000-0370,23.02,Americano,Night,Thu,Jul,4,7
2024-07-12,2024-07-12 08:03:17,8,card,ANON-0000-0000-0371,23.02,Cortado,Morning,Fri,Jul,5,7
2024-07-12,2024-07-12 11:48:33,11,card,ANON-0000-0000-0372,32.82,Hot Chocolate,Morning,Fri,Jul,5,7
2024-07-12,2024-07-12 22:33:26,22,card,ANON-0000-0000-0178,32.82,Hot Chocolate,Night,Fri,Jul,5,7
2024-07-12,2024-07-12 22:34:14,22,card,ANON-0000-0000-0177,32.82,Hot Chocolate,Night,Fri,Jul,5,7
2024-07-12,2024-07-12 22:35:30,22,card,ANON-0000-0000-0179,32.82,Hot Chocolate,Night,Fri,Jul,5,7
2024-07-13,2024-07-13 10:38:10,10,card,ANON-0000-0000-0365,32.82,Latte,Morning,Sat,Jul,6,7
2024-07-13,2024-07-13 11:41:38,11,card,ANON-0000-0000-0365,32.82,Latte,Morning,Sat,Jul,6,7
2024-07-14,2024-07-14 10:54:24,10,card,ANON-0000-0000-0373,23.02,Americano,Morning,Sun,Jul,7,7
2024-07-14,2024-07-14 10:55:31,10,card,ANON-0000-0000-0373,27.92,Americano with Milk,Morning,Sun,Jul,7,7
2024-07-14,2024-07-14 10:56:30,10,card,ANON-0000-0000-0373,32.82,Cappuccino,Morning,Sun,Jul,7,7
2024-07-14,2024-07-14 10:57:54,10,card,ANON-0000-0000-0374,32.82,Latte,Morning,Sun,Jul,7,7
2024-07-14,2024-07-14 11:02:12,11,card,ANON-0000-0000-0375,23.02,Americano,Morning,Sun,Jul,7,7
2024-07-14,2024-07-14 22:31:30,22,card,ANON-0000-0000-0376,32.82,Latte,Night,Sun,Jul,7,7
2024-07-15,2024-07-15 07:33:06,7,card,ANON-0000-0000-0377,32.82,Cappuccino,Morning,Mon,Jul,1,7
2024-07-16,2024-07-16 12:23:37,12,card,ANON-0000-0000-0378,27.92,Americano with Milk,Afternoon,Tue,Jul,2,7
2024-07-16,2024-07-16 19:29:25,19,card,ANON-0000-0000-0367,32.82,Hot Chocolate,Night,Tue,Jul,2,7
2024-07-17,2024-07-17 13:05:00,13,card,ANON-0000-0000-0379,27.92,Americano with Milk,Afternoon,Wed,Jul,3,7
2024-07-18,2024-07-18 11:10:13,11,card,ANON-0000-0000-0380,27.92,Americano with Milk,Morning,Thu,Jul,4,7
2024-07-18,2024-07-18 11:11:23,11,card,ANON-0000-0000-0381,18.12,Espresso,Morning,Thu,Jul,4,7
2024-07-18,2024-07-18 11:33:00,11,card,ANON-0000-0000-0059,23.02,Americano,Morning,Thu,Jul,4,7
2024-07-18,2024-07-18 11:34:48,11,card,ANON-0000-0000-0059,23.02,Americano,Morning,Thu,Jul,4,7
2024-07-18,2024-07-18 11:35:52,11,card,ANON-0000-0000-0059,23.02,Cortado,Morning,Thu,Jul,4,7
2024-07-18,2024-07-18 13:23:34,13,card,ANON-0000-0000-0375,32.82,Latte,Afternoon,Thu,Jul,4,7
2024-07-18,2024-07-18 18:18:23,18,card,ANON-0000-0000-0382,32.82,Cappuccino,Night,Thu,Jul,4,7
2024-07-18,2024-07-18 19:30:51,19,card,ANON-0000-0000-0009,32.82,Latte,Night,Thu,Jul,4,7
2024-07-18,2024-07-18 21:19:42,21,card,ANON-0000-0000-0383,32.82,Hot Chocolate,Night,Thu,Jul,4,7
2024-07-18,2024-07-18 21:22:00,21,card,ANON-0000-0000-0383,32.82,Latte,Night,Thu,Jul,4,7
2024-07-18,2024-07-18 21:46:19,21,card,ANON-0000-0000-0384,32.82,Latte,Night,Thu,Jul,4,7
2024-07-19,2024-07-19 11:03:02,11,card,ANON-0000-0000-0375,23.02,Americano,Morning,Fri,Jul,5,7
2024-07-19,2024-07-19 11:16:21,11,card,ANON-0000-0000-0385,27.92,Americano with Milk,Morning,Fri,Jul,5,7
2024-07-19,2024-07-19 12:58:38,12,card,ANON-0000-0000-0386,32.82,Latte,Afternoon,Fri,Jul,5,7
2024-07-19,2024-07-19 12:59:55,12,card,ANON-0000-0000-0386,27.92,Americano with Milk,Afternoon,Fri,Jul,5,7
2024-07-19,2024-07-19 14:09:21,14,card,ANON-0000-0000-0384,32.82,Latte,Afternoon,Fri,Jul,5,7
2024-07-19,2024-07-19 14:11:22,14,card,ANON-0000-0000-0384,32.82,Cocoa,Afternoon,Fri,Jul,5,7
2024-07-19,2024-07-19 16:36:19,16,card,ANON-0000-0000-0384,32.82,Latte,Afternoon,Fri,Jul,5,7
2024-07-19,2024-07-19 16:37:36,16,card,ANON-0000-0000-0384,32.82,Latte,Afternoon,Fri,Jul,5,7
2024-07-20,2024-07-20 08:05:44,8,card,ANON-0000-0000-0387,23.02,Americano,Morning,Sat,Jul,6,7
2024-07-20,2024-07-20 08:06:49,8,card,ANON-0000-0000-0387,32.82,Latte,Morning,Sat,Jul,6,7
2024-07-20,2024-07-20 08:07:51,8,card,ANON-0000-0000-0387,23.02,Americano,Morning,Sat,Jul,6,7
2024-07-20,2024-07-20 09:00:54,9,card,ANON-0000-0000-0388,32.82,Latte,Morning,Sat,Jul,6,7
2024-07-20,2024-07-20 09:02:28,9,card,ANON-0000-0000-0389,32.82,Latte,Morning,Sat,Jul,6,7
2024-07-20,2024-07-20 10:39:21,10,card,ANON-0000-0000-0390,23.02,Americano,Morning,Sat,Jul,6,7
2024-07-20,2024-07-20 15:15:09,15,card,ANON-0000-0000-0391,32.82,Latte,Afternoon,Sat,Jul,6,7
2024-07-21,2024-07-21 10:30:56,10,card,ANON-0000-0000-0367,32.82,Cocoa,Morning,Sun,Jul,7,7
2024-07-21,2024-07-21 11:39:29,11,card,ANON-0000-0000-0392,32.82,Cappuccino,Morning,Sun,Jul,7,7
2024-07-21,2024-07-21 13:34:31,13,card,ANON-0000-0000-0393,23.02,Cortado,Afternoon,Sun,Jul,7,7
2024-07-21,2024-07-21 13:42:31,13,card,ANON-0000-0000-0394,32.82,Latte,Afternoon,Sun,Jul,7,7
2024-07-22,2024-07-22 08:13:23,8,card,ANON-0000-0000-0375,23.02,Americano,Morning,Mon,Jul,1,7
2024-07-22,2024-07-22 08:40:50,8,card,ANON-0000-0000-0395,23.02,Americano,Morning,Mon,Jul,1,7
2024-07-22,2024-07-22 10:15:37,10,card,ANON-0000-0000-0385,27.92,Americano with Milk,Morning,Mon,Jul,1,7
2024-07-22,2024-07-22 16:44:38,16,card,ANON-0000-0000-0396,32.82,Latte,Afternoon,Mon,Jul,1,7
2024-07-23,2024-07-23 08:12:56,8,card,ANON-0000-0000-0197,32.82,Latte,Morning,Tue,Jul,2,7
2024-07-23,2024-07-23 08:40:19,8,card,ANON-0000-0000-0395,23.02,Americano,Morning,Tue,Jul,2,7
2024-07-23,2024-07-23 08:44:54,8,card,ANON-0000-0000-0397,27.92,Americano with Milk,Morning,Tue,Jul,2,7
2024-07-23,2024-07-23 08:49:25,8,card,ANON-0000-0000-0398,32.82,Cocoa,Morning,Tue,Jul,2,7
2024-07-23,2024-07-23 08:51:10,8,card,ANON-0000-0000-0399,32.82,Latte,Morning,Tue,Jul,2,7
2024-07-23,2024-07-23 09:01:46,9,card,ANON-0000-0000-0375,23.02,Americano,Morning,Tue,Jul,2,7
2024-07-23,2024-07-23 10:03:36,10,card,ANON-0000-0000-0400,27.92,Americano with Milk,Morning,Tue,Jul,2,7
2024-07-23,2024-07-23 15:20:05,15,card,ANON-0000-0000-0401,27.92,Americano with Milk,Afternoon,Tue,Jul,2,7
2024-07-23,2024-07-23 15:21:01,15,card,ANON-0000-0000-0401,32.82,Latte,Afternoon,Tue,Jul,2,7
2024-07-23,2024-07-23 21:01:41,21,card,ANON-0000-0000-0009,32.82,Latte,Night,Tue,Jul,2,7
2024-07-23,2024-07-23 21:23:14,21,card,ANON-0000-0000-0012,23.02,Americano,Night,Tue,Jul,2,7
2024-07-23,2024-07-23 21:24:23,21,card,ANON-0000-0000-0012,23.02,Americano,Night,Tue,Jul,2,7
2024-07-24,2024-07-24 09:16:10,9,card,ANON-0000-0000-0097,27.92,Americano with Milk,Morning,Wed,Jul,3,7
2024-07-24,2024-07-24 09:38:55,9,card,ANON-0000-0000-0385,27.92,Americano with Milk,Morning,Wed,Jul,3,7
2024-07-24,2024-07-24 09:54:37,9,card,ANON-0000-0000-0402,18.12,Espresso,Morning,Wed,Jul,3,7
2024-07-24,2024-07-24 11:43:53,11,card,ANON-0000-0000-0379,32.82,Cappuccino,Morning,Wed,Jul,3,7
2024-07-24,2024-07-24 13:55:14,13,card,ANON-0000-0000-0399,32.82,Latte,Afternoon,Wed,Jul,3,7
2024-07-24,2024-07-24 14:45:50,14,card,ANON-0000-0000-0012,18.12,Espresso,Afternoon,Wed,Jul,3,7
2024-07-24,2024-07-24 15:18:31,15,card,ANON-0000-0000-0009,32.82,Latte,Afternoon,Wed,Jul,3,7
2024-07-24,2024-07-24 19:15:06,19,card,ANON-0000-0000-0205,32.82,Cappuccino,Night,Wed,Jul,3,7
2024-07-24,2024-07-24 19:17:00,19,card,ANON-0000-0000-0205,32.82,Cappuccino,Night,Wed,Jul,3,7
2024-07-24,2024-07-24 21:17:37,21,card,ANON-0000-0000-0040,27.92,Americano with Milk,Night,Wed,Jul,3,7
2024-07-24,2024-07-24 21:18:41,21,card,ANON-0000-0000-0040,23.02,Americano,Night,Wed,Jul,3,7
2024-07-24,2024-07-24 21:25:17,21,card,ANON-0000-0000-0012,23.02,Americano,Night,Wed,Jul,3,7
2024-07-25,2024-07-25 07:54:48,7,card,ANON-0000-0000-0012,23.02,Americano,Morning,Thu,Jul,4,7
2024-07-25,2024-07-25 08:49:18,8,card,ANON-0000-0000-0399,32.82,Latte,Morning,Thu,Jul,4,7
2024-07-25,2024-07-25 10:29:45,10,card,ANON-0000-0000-0385,27.92,Americano with Milk,Morning,Thu,Jul,4,7
2024-07-25,2024-07-25 11:26:05,11,card,ANON-0000-0000-0375,23.02,Americano,Morning,Thu,Jul,4,7
2024-07-25,2024-07-25 15:25:07,15,card,ANON-0000-0000-0403,32.82,Cappuccino,Afternoon,Thu,Jul,4,7
2024-07-25,2024-07-25 19:21:01,19,card,ANON-0000-0000-0257,32.82,Cappuccino,Night,Thu,Jul,4,7
2024-07-25,2024-07-25 21:06:01,21,card,ANON-0000-0000-0404,23.02,Cortado,Night,Thu,Jul,4,7
2024-07-25,2024-07-25 21:06:50,21,card,ANON-0000-0000-0404,18.12,Espresso,Night,Thu,Jul,4,7
2024-07-25,2024-07-25 22:38:51,22,card,ANON-0000-0000-0328,23.02,Cortado,Night,Thu,Jul,4,7
2024-07-25,2024-07-25 22:39:47,22,card,ANON-0000-0000-0405,32.82,Cocoa,Night,Thu,Jul,4,7
2024-07-26,2024-07-26 08:33:01,8,card,ANON-0000-0000-0406,32.82,Latte,Morning,Fri,Jul,5,7
2024-07-26,2024-07-26 09:19:37,9,card,ANON-0000-0000-0097,27.92,Americano with Milk,Morning,Fri,Jul,5,7
2024-07-26,2024-07-26 09:20:34,9,card,ANON-0000-0000-0059,18.12,Espresso,Morning,Fri,Jul,5,7
2024-07-26,2024-07-26 09:33:12,9,card,ANON-0000-0000-0407,23.02,Cortado,Morning,Fri,Jul,5,7
2024-07-26,2024-07-26 09:34:17,9,card,ANON-0000-0000-0407,23.02,Cortado,Morning,Fri,Jul,5,7
2024-07-26,2024-07-26 09:59:08,9,card,ANON-0000-0000-0408,32.82,Latte,Morning,Fri,Jul,5,7
2024-07-26,2024-07-26 10:00:03,10,card,ANON-0000-0000-0408,32.82,Latte,Morning,Fri,Jul,5,7
2024-07-26,2024-07-26 11:47:14,11,card,ANON-0000-0000-0385,27.92,Americano with Milk,Morning,Fri,Jul,5,7
2024-07-26,2024-07-26 12:07:02,12,card,ANON-0000-0000-0379,27.92,Americano with Milk,Afternoon,Fri,Jul,5,7
2024-07-26,2024-07-26 12:28:08,12,card,ANON-0000-0000-0339,32.82,Cappuccino,Afternoon,Fri,Jul,5,7
2024-07-26,2024-07-26 12:29:18,12,card,ANON-0000-0000-0339,32.82,Cappuccino,Afternoon,Fri,Jul,5,7
2024-07-26,2024-07-26 13:09:56,13,card,ANON-0000-0000-0409,32.82,Latte,Afternoon,Fri,Jul,5,7
2024-07-26,2024-07-26 17:23:29,17,card,ANON-0000-0000-0410,23.02,Americano,Night,Fri,Jul,5,7
2024-07-26,2024-07-26 17:58:29,17,card,ANON-0000-0000-0411,32.82,Cappuccino,Night,Fri,Jul,5,7
2024-07-26,2024-07-26 21:15:10,21,card,ANON-0000-0000-0009,32.82,Latte,Night,Fri,Jul,5,7
2024-07-26,2024-07-26 22:49:52,22,card,ANON-0000-0000-0412,27.92,Americano with Milk,Night,Fri,Jul,5,7
2024-07-27,2024-07-27 09:09:16,9,card,ANON-0000-0000-0097,32.82,Cappuccino,Morning,Sat,Jul,6,7
2024-07-27,2024-07-27 11:55:31,11,card,ANON-0000-0000-0413,27.92,Americano with Milk,Morning,Sat,Jul,6,7
2024-07-27,2024-07-27 12:25:10,12,card,ANON-0000-0000-0059,27.92,Americano with Milk,Afternoon,Sat,Jul,6,7
2024-07-27,2024-07-27 12:26:13,12,card,ANON-0000-0000-0040,18.12,Espresso,Afternoon,Sat,Jul,6,7
2024-07-27,2024-07-27 12:33:23,12,card,ANON-0000-0000-0059,27.92,Americano with Milk,Afternoon,Sat,Jul,6,7
2024-07-27,2024-07-27 14:28:42,14,card,ANON-0000-0000-0225,18.12,Espresso,Afternoon,Sat,Jul,6,7
2024-07-27,2024-07-27 14:51:53,14,card,ANON-0000-0000-0077,32.82,Latte,Afternoon,Sat,Jul,6,7
2024-07-27,2024-07-27 17:02:33,17,card,ANON-0000-0000-0414,32.82,Cappuccino,Night,Sat,Jul,6,7
2024-07-27,2024-07-27 17:03:39,17,card,ANON-0000-0000-0415,32.82,Cappuccino,Night,Sat,Jul,6,7
2024-07-27,2024-07-27 17:09:00,17,card,ANON-0000-0000-0416,27.92,Americano with Milk,Night,Sat,Jul,6,7
2024-07-27,2024-07-27 17:10:08,17,card,ANON-0000-0000-0416,27.92,Americano with Milk,Night,Sat,Jul,6,7
2024-07-27,2024-07-27 20:55:20,20,card,ANON-0000-0000-0009,32.82,Latte,Night,Sat,Jul,6,7
2024-07-27,2024-07-27 22:56:24,22,card,ANON-0000-0000-0417,32.82,Cappuccino,Night,Sat,Jul,6,7
2024-07-28,2024-07-28 11:07:26,11,card,ANON-0000-0000-0012,18.12,Espresso,Morning,Sun,Jul,7,7
2024-07-28,2024-07-28 14:17:54,14,card,ANON-0000-0000-0276,27.92,Americano with Milk,Afternoon,Sun,Jul,7,7
2024-07-28,2024-07-28 14:18:52,14,card,ANON-0000-0000-0276,32.82,Latte,Afternoon,Sun,Jul,7,7
2024-07-29,2024-07-29 08:12:06,8,card,ANON-0000-0000-0418,32.82,Latte,Morning,Mon,Jul,1,7
2024-07-29,2024-07-29 09:04:48,9,card,ANON-0000-0000-0012,23.02,Americano,Morning,Mon,Jul,1,7
2024-07-29,2024-07-29 09:15:46,9,card,ANON-0000-0000-0097,27.92,Americano with Milk,Morning,Mon,Jul,1,7
2024-07-29,2024-07-29 09:19:44,9,card,ANON-0000-0000-0003,23.02,Americano,Morning,Mon,Jul,1,7
2024-07-29,2024-07-29 09:51:25,9,card,ANON-0000-0000-0419,27.92,Americano with Milk,Morning,Mon,Jul,1,7
2024-07-29,2024-07-29 09:58:30,9,card,ANON-0000-0000-0420,32.82,Cappuccino,Morning,Mon,Jul,1,7
2024-07-29,2024-07-29 10:43:44,10,card,ANON-0000-0000-0421,32.82,Hot Chocolate,Morning,Mon,Jul,1,7
2024-07-29,2024-07-29 10:44:56,10,card,ANON-0000-0000-0421,32.82,Hot Chocolate,Morning,Mon,Jul,1,7
2024-07-29,2024-07-29 19:06:31,19,card,ANON-0000-0000-0422,32.82,Cappuccino,Night,Mon,Jul,1,7
2024-07-29,2024-07-29 19:30:16,19,card,ANON-0000-0000-0099,23.02,Americano,Night,Mon,Jul,1,7
2024-07-29,2024-07-29 21:57:34,21,card,ANON-0000-0000-0328,32.82,Cocoa,Night,Mon,Jul,1,7
2024-07-30,2024-07-30 07:41:11,7,card,ANON-0000-0000-0423,27.92,Americano with Milk,Morning,Tue,Jul,2,7
2024-07-30,2024-07-30 08:05:07,8,card,ANON-0000-0000-0424,23.02,Cortado,Morning,Tue,Jul,2,7
2024-07-30,2024-07-30 08:20:51,8,card,ANON-0000-0000-0425,32.82,Cappuccino,Morning,Tue,Jul,2,7
2024-07-30,2024-07-30 09:13:43,9,card,ANON-0000-0000-0097,27.92,Americano with Milk,Morning,Tue,Jul,2,7
2024-07-30,2024-07-30 10:17:11,10,card,ANON-0000-0000-0141,23.02,Cortado,Morning,Tue,Jul,2,7
2024-07-30,2024-07-30 10:19:34,10,card,ANON-0000-0000-0276,27.92,Americano with Milk,Morning,Tue,Jul,2,7
2024-07-30,2024-07-30 10:23:20,10,card,ANON-0000-0000-0250,32.82,Latte,Morning,Tue,Jul,2,7
2024-07-30,2024-07-30 11:12:07,11,card,ANON-0000-0000-0426,23.02,Americano,Morning,Tue,Jul,2,7
2024-07-30,2024-07-30 11:13:16,11,card,ANON-0000-0000-0426,18.12,Espresso,Morning,Tue,Jul,2,7
2024-07-30,2024-07-30 11:14:42,11,card,ANON-0000-0000-0427,27.92,Americano with Milk,Morning,Tue,Jul,2,7
2024-07-30,2024-07-30 11:16:02,11,card,ANON-0000-0000-0428,27.92,Americano with Milk,Morning,Tue,Jul,2,7
2024-07-30,2024-07-30 11:30:35,11,card,ANON-0000-0000-0429,27.92,Americano with Milk,Morning,Tue,Jul,2,7
2024-07-30,2024-07-30 11:31:41,11,card,ANON-0000-0000-0430,27.92,Americano with Milk,Morning,Tue,Jul,2,7
2024-07-30,2024-07-30 12:08:08,12,card,ANON-0000-0000-0431,32.82,Latte,Afternoon,Tue,Jul,2,7
2024-07-30,2024-07-30 15:16:10,15,card,ANON-0000-0000-0432,27.92,Americano with Milk,Afternoon,Tue,Jul,2,7
2024-07-30,2024-07-30 16:08:53,16,card,ANON-0000-0000-0433,23.02,Cortado,Afternoon,Tue,Jul,2,7
2024-07-30,2024-07-30 16:09:44,16,card,ANON-0000-0000-0433,27.92,Americano with Milk,Afternoon,Tue,Jul,2,7
2024-07-30,2024-07-30 20:24:20,20,card,ANON-0000-0000-0434,18.12,Espresso,Night,Tue,Jul,2,7
2024-07-30,2024-07-30 20:53:52,20,card,ANON-0000-0000-0097,27.92,Americano with Milk,Night,Tue,Jul,2,7
2024-07-30,2024-07-30 20:54:46,20,card,ANON-0000-0000-0097,27.92,Americano with Milk,Night,Tue,Jul,2,7
2024-07-30,2024-07-30 20:57:02,20,card,ANON-0000-0000-0347,27.92,Americano with Milk,Night,Tue,Jul,2,7
2024-07-30,2024-07-30 21:33:19,21,card,ANON-0000-0000-0435,32.82,Latte,Night,Tue,Jul,2,7
2024-07-30,2024-07-30 22:15:21,22,card,ANON-0000-0000-0436,23.02,Americano,Night,Tue,Jul,2,7
2024-07-30,2024-07-30 22:16:19,22,card,ANON-0000-0000-0436,32.82,Cappuccino,Night,Tue,Jul,2,7
2024-07-31,2024-07-31 07:59:52,7,card,ANON-0000-0000-0423,27.92,Americano with Milk,Morning,Wed,Jul,3,7
2024-07-31,2024-07-31 08:37:42,8,card,ANON-0000-0000-0437,27.92,Americano with Milk,Morning,Wed,Jul,3,7
2024-07-31,2024-07-31 08:38:38,8,card,ANON-0000-0000-0437,27.92,Americano with Milk,Morning,Wed,Jul,3,7
2024-07-31,2024-07-31 09:54:45,9,card,ANON-0000-0000-0388,23.02,Americano,Morning,Wed,Jul,3,7
2024-07-31,2024-07-31 09:55:45,9,card,ANON-0000-0000-0388,23.02,Americano,Morning,Wed,Jul,3,7
2024-07-31,2024-07-31 09:58:16,9,card,ANON-0000-0000-0276,27.92,Americano with Milk,Morning,Wed,Jul,3,7
2024-07-31,2024-07-31 13:11:43,13,card,ANON-0000-0000-0384,32.82,Cocoa,Afternoon,Wed,Jul,3,7
2024-07-31,2024-07-31 13:14:00,13,card,ANON-0000-0000-0384,32.82,Latte,Afternoon,Wed,Jul,3,7
2024-07-31,2024-07-31 13:24:49,13,card,ANON-0000-0000-0438,27.92,Americano with Milk,Afternoon,Wed,Jul,3,7
2024-07-31,2024-07-31 17:48:07,17,card,ANON-0000-0000-0439,23.02,Cortado,Night,Wed,Jul,3,7
2024-07-31,2024-07-31 18:04:15,18,card,ANON-0000-0000-0440,32.82,Latte,Night,Wed,Jul,3,7
2024-07-31,2024-07-31 19:22:39,19,card,ANON-0000-0000-0441,23.02,Cortado,Night,Wed,Jul,3,7
2024-07-31,2024-07-31 19:28:45,19,card,ANON-0000-0000-0009,32.82,Latte,Night,Wed,Jul,3,7
2024-07-31,2024-07-31 20:46:42,20,card,ANON-0000-0000-0442,32.82,Cocoa,Night,Wed,Jul,3,7
2024-07-31,2024-07-31 20:50:07,20,card,ANON-0000-0000-0443,23.02,Cortado,Night,Wed,Jul,3,7
2024-07-31,2024-07-31 20:51:10,20,card,ANON-0000-0000-0443,32.82,Latte,Night,Wed,Jul,3,7
2024-07-31,2024-07-31 20:52:15,20,card,ANON-0000-0000-0153,32.82,Cappuccino,Night,Wed,Jul,3,7
2024-07-31,2024-07-31 20:53:35,20,card,ANON-0000-0000-0443,23.02,Cortado,Night,Wed,Jul,3,7
2024-07-31,2024-07-31 20:59:25,20,card,ANON-0000-0000-0040,27.92,Americano with Milk,Night,Wed,Jul,3,7
2024-07-31,2024-07-31 21:26:26,21,card,ANON-0000-0000-0444,32.82,Latte,Night,Wed,Jul,3,7
2024-07-31,2024-07-31 21:54:12,21,card,ANON-0000-0000-0445,32.82,Latte,Night,Wed,Jul,3,7
2024-07-31,2024-07-31 21:55:17,21,card,ANON-0000-0000-0446,32.82,Latte,Night,Wed,Jul,3,7
2024-08-01,2024-08-01 07:31:00,7,card,ANON-0000-0000-0423,27.92,Americano with Milk,Morning,Thu,Aug,4,8
2024-08-01,2024-08-01 09:25:20,9,card,ANON-0000-0000-0276,27.92,Americano with Milk,Morning,Thu,Aug,4,8
2024-08-01,2024-08-01 11:04:14,11,card,ANON-0000-0000-0097,27.92,Americano with Milk,Morning,Thu,Aug,4,8
2024-08-01,2024-08-01 11:22:46,11,card,ANON-0000-0000-0447,27.92,Americano with Milk,Morning,Thu,Aug,4,8
2024-08-01,2024-08-01 13:22:47,13,card,ANON-0000-0000-0448,23.02,Cortado,Afternoon,Thu,Aug,4,8
2024-08-01,2024-08-01 13:23:37,13,card,ANON-0000-0000-0448,32.82,Cappuccino,Afternoon,Thu,Aug,4,8
2024-08-01,2024-08-01 13:49:07,13,card,ANON-0000-0000-0449,32.82,Cappuccino,Afternoon,Thu,Aug,4,8
2024-08-01,2024-08-01 15:43:44,15,card,ANON-0000-0000-0423,27.92,Americano with Milk,Afternoon,Thu,Aug,4,8
2024-08-01,2024-08-01 16:24:01,16,card,ANON-0000-0000-0450,27.92,Americano with Milk,Afternoon,Thu,Aug,4,8
2024-08-01,2024-08-01 16:26:07,16,card,ANON-0000-0000-0450,23.02,Americano,Afternoon,Thu,Aug,4,8
2024-08-01,2024-08-01 17:23:35,17,card,ANON-0000-0000-0451,23.02,Americano,Night,Thu,Aug,4,8
2024-08-01,2024-08-01 20:41:28,20,card,ANON-0000-0000-0452,32.82,Cappuccino,Night,Thu,Aug,4,8
2024-08-02,2024-08-02 09:01:54,9,card,ANON-0000-0000-0453,27.92,Americano with Milk,Morning,Fri,Aug,5,8
2024-08-02,2024-08-02 09:35:03,9,card,ANON-0000-0000-0097,27.92,Americano with Milk,Morning,Fri,Aug,5,8
2024-08-02,2024-08-02 11:09:19,11,card,ANON-0000-0000-0141,23.02,Cortado,Morning,Fri,Aug,5,8
2024-08-02,2024-08-02 18:08:35,18,card,ANON-0000-0000-0454,27.92,Americano with Milk,Night,Fri,Aug,5,8
2024-08-02,2024-08-02 21:23:04,21,card,ANON-0000-0000-0009,32.82,Latte,Night,Fri,Aug,5,8
2024-08-03,2024-08-03 08:53:47,8,card,ANON-0000-0000-0097,27.92,Americano with Milk,Morning,Sat,Aug,6,8
2024-08-03,2024-08-03 09:37:19,9,card,ANON-0000-0000-0401,27.92,Americano with Milk,Morning,Sat,Aug,6,8
2024-08-03,2024-08-03 09:38:41,9,card,ANON-0000-0000-0401,27.92,Americano with Milk,Morning,Sat,Aug,6,8
2024-08-03,2024-08-03 10:12:26,10,card,ANON-0000-0000-0304,27.92,Americano with Milk,Morning,Sat,Aug,6,8
2024-08-03,2024-08-03 11:20:27,11,card,ANON-0000-0000-0455,23.02,Cortado,Morning,Sat,Aug,6,8
2024-08-03,2024-08-03 11:21:22,11,card,ANON-0000-0000-0455,23.02,Cortado,Morning,Sat,Aug,6,8
2024-08-03,2024-08-03 11:56:37,11,card,ANON-0000-0000-0040,18.12,Espresso,Morning,Sat,Aug,6,8
2024-08-03,2024-08-03 11:57:31,11,card,ANON-0000-0000-0040,27.92,Americano with Milk,Morning,Sat,Aug,6,8
2024-08-03,2024-08-03 12:03:36,12,card,ANON-0000-0000-0040,27.92,Americano with Milk,Afternoon,Sat,Aug,6,8
2024-08-03,2024-08-03 16:54:00,16,card,ANON-0000-0000-0322,27.92,Americano with Milk,Afternoon,Sat,Aug,6,8
2024-08-03,2024-08-03 18:38:42,18,card,ANON-0000-0000-0456,32.82,Cappuccino,Night,Sat,Aug,6,8
2024-08-03,2024-08-03 21:30:49,21,card,ANON-0000-0000-0457,32.82,Latte,Night,Sat,Aug,6,8
2024-08-03,2024-08-03 21:33:06,21,card,ANON-0000-0000-0457,32.82,Latte,Night,Sat,Aug,6,8
2024-08-04,2024-08-04 08:18:37,8,card,ANON-0000-0000-0458,32.82,Cappuccino,Morning,Sun,Aug,7,8
2024-08-04,2024-08-04 10:37:51,10,card,ANON-0000-0000-0040,27.92,Americano with Milk,Morning,Sun,Aug,7,8
2024-08-04,2024-08-04 11:50:55,11,card,ANON-0000-0000-0258,32.82,Cappuccino,Morning,Sun,Aug,7,8
2024-08-04,2024-08-04 11:52:33,11,card,ANON-0000-0000-0258,27.92,Americano with Milk,Morning,Sun,Aug,7,8
2024-08-04,2024-08-04 15:33:52,15,card,ANON-0000-0000-0268,32.82,Cappuccino,Afternoon,Sun,Aug,7,8
2024-08-04,2024-08-04 15:35:06,15,card,ANON-0000-0000-0268,32.82,Cappuccino,Afternoon,Sun,Aug,7,8
2024-08-05,2024-08-05 08:50:06,8,card,ANON-0000-0000-0459,23.02,Cortado,Morning,Mon,Aug,1,8
2024-08-05,2024-08-05 09:19:19,9,card,ANON-0000-0000-0097,27.92,Americano with Milk,Morning,Mon,Aug,1,8
2024-08-05,2024-08-05 11:20:47,11,card,ANON-0000-0000-0375,23.02,Cortado,Morning,Mon,Aug,1,8
2024-08-05,2024-08-05 13:45:22,13,card,ANON-0000-0000-0460,32.82,Cappuccino,Afternoon,Mon,Aug,1,8
2024-08-05,2024-08-05 16:05:58,16,card,ANON-0000-0000-0461,32.82,Latte,Afternoon,Mon,Aug,1,8
2024-08-05,2024-08-05 16:07:19,16,card,ANON-0000-0000-0461,32.82,Latte,Afternoon,Mon,Aug,1,8
2024-08-05,2024-08-05 17:44:25,17,card,ANON-0000-0000-0462,32.82,Latte,Night,Mon,Aug,1,8
2024-08-05,2024-08-05 17:45:32,17,card,ANON-0000-0000-0462,27.92,Americano with Milk,Night,Mon,Aug,1,8
2024-08-05,2024-08-05 19:20:03,19,card,ANON-0000-0000-0019,32.82,Latte,Night,Mon,Aug,1,8
2024-08-05,2024-08-05 19:34:51,19,card,ANON-0000-0000-0009,32.82,Latte,Night,Mon,Aug,1,8
2024-08-05,2024-08-05 20:49:31,20,card,ANON-0000-0000-0463,32.82,Cocoa,Night,Mon,Aug,1,8
2024-08-05,2024-08-05 20:50:22,20,card,ANON-0000-0000-0463,32.82,Cocoa,Night,Mon,Aug,1,8
2024-08-05,2024-08-05 22:43:48,22,card,ANON-0000-0000-0464,27.92,Americano with Milk,Night,Mon,Aug,1,8
2024-08-06,2024-08-06 10:21:03,10,card,ANON-0000-0000-0375,23.02,Cortado,Morning,Tue,Aug,2,8
2024-08-06,2024-08-06 10:32:32,10,card,ANON-0000-0000-0465,32.82,Hot Chocolate,Morning,Tue,Aug,2,8
2024-08-06,2024-08-06 17:40:49,17,card,ANON-0000-0000-0466,32.82,Cappuccino,Night,Tue,Aug,2,8
2024-08-06,2024-08-06 17:42:53,17,card,ANON-0000-0000-0466,32.82,Latte,Night,Tue,Aug,2,8
2024-08-06,2024-08-06 17:44:05,17,card,ANON-0000-0000-0466,32.82,Cocoa,Night,Tue,Aug,2,8
2024-08-06,2024-08-06 19:04:05,19,card,ANON-0000-0000-0019,32.82,Latte,Night,Tue,Aug,2,8
2024-08-06,2024-08-06 19:05:23,19,card,ANON-0000-0000-0467,27.92,Americano with Milk,Night,Tue,Aug,2,8
2024-08-06,2024-08-06 20:04:27,20,card,ANON-0000-0000-0468,32.82,Latte,Night,Tue,Aug,2,8
2024-08-07,2024-08-07 08:55:48,8,card,ANON-0000-0000-0453,27.92,Americano with Milk,Morning,Wed,Aug,3,8
2024-08-07,2024-08-07 12:12:27,12,card,ANON-0000-0000-0003,23.02,Americano,Afternoon,Wed,Aug,3,8
2024-08-07,2024-08-07 12:13:41,12,card,ANON-0000-0000-0003,23.02,Americano,Afternoon,Wed,Aug,3,8
2024-08-07,2024-08-07 13:11:16,13,card,ANON-0000-0000-0469,18.12,Espresso,Afternoon,Wed,Aug,3,8
2024-08-07,2024-08-07 16:19:02,16,card,ANON-0000-0000-0470,23.02,Americano,Afternoon,Wed,Aug,3,8
2024-08-07,2024-08-07 19:36:23,19,card,ANON-0000-0000-0009,32.82,Latte,Night,Wed,Aug,3,8
2024-08-07,2024-08-07 20:40:09,20,card,ANON-0000-0000-0442,32.82,Cocoa,Night,Wed,Aug,3,8
2024-08-07,2024-08-07 21:18:12,21,card,ANON-0000-0000-0328,32.82,Cappuccino,Night,Wed,Aug,3,8
2024-08-07,2024-08-07 22:28:57,22,card,ANON-0000-0000-0471,32.82,Latte,Night,Wed,Aug,3,8
2024-08-07,2024-08-07 22:32:16,22,card,ANON-0000-0000-0472,32.82,Latte,Night,Wed,Aug,3,8
2024-08-08,2024-08-08 08:46:36,8,card,ANON-0000-0000-0141,18.12,Espresso,Morning,Thu,Aug,4,8
2024-08-08,2024-08-08 08:47:29,8,card,ANON-0000-0000-0141,23.02,Cortado,Morning,Thu,Aug,4,8
2024-08-08,2024-08-08 12:27:05,12,card,ANON-0000-0000-0420,27.92,Americano with Milk,Afternoon,Thu,Aug,4,8
2024-08-08,2024-08-08 12:43:20,12,card,ANON-0000-0000-0141,23.02,Cortado,Afternoon,Thu,Aug,4,8
2024-08-08,2024-08-08 12:44:15,12,card,ANON-0000-0000-0141,23.02,Cortado,Afternoon,Thu,Aug,4,8
2024-08-08,2024-08-08 16:57:53,16,card,ANON-0000-0000-0473,32.82,Cappuccino,Afternoon,Thu,Aug,4,8
2024-08-08,2024-08-08 17:17:52,17,card,ANON-0000-0000-0474,32.82,Cappuccino,Night,Thu,Aug,4,8
2024-08-08,2024-08-08 21:25:59,21,card,ANON-0000-0000-0311,27.92,Americano with Milk,Night,Thu,Aug,4,8
2024-08-09,2024-08-09 07:35:22,7,card,ANON-0000-0000-0475,32.82,Latte,Morning,Fri,Aug,5,8
2024-08-09,2024-08-09 09:53:35,9,card,ANON-0000-0000-0476,23.02,Americano,Morning,Fri,Aug,5,8
2024-08-09,2024-08-09 10:13:08,10,card,ANON-0000-0000-0141,23.02,Cortado,Morning,Fri,Aug,5,8
2024-08-09,2024-08-09 10:26:47,10,card,ANON-0000-0000-0311,27.92,Americano with Milk,Morning,Fri,Aug,5,8
2024-08-09,2024-08-09 11:28:09,11,card,ANON-0000-0000-0475,32.82,Latte,Morning,Fri,Aug,5,8
2024-08-09,2024-08-09 11:29:49,11,card,ANON-0000-0000-0477,23.02,Americano,Morning,Fri,Aug,5,8
2024-08-09,2024-08-09 18:56:28,18,card,ANON-0000-0000-0478,23.02,Americano,Night,Fri,Aug,5,8
2024-08-09,2024-08-09 19:03:07,19,card,ANON-0000-0000-0479,32.82,Hot Chocolate,Night,Fri,Aug,5,8
2024-08-10,2024-08-10 08:36:45,8,card,ANON-0000-0000-0480,32.82,Cappuccino,Morning,Sat,Aug,6,8
2024-08-10,2024-08-10 08:37:57,8,card,ANON-0000-0000-0480,27.92,Americano with Milk,Morning,Sat,Aug,6,8
2024-08-10,2024-08-10 08:45:09,8,card,ANON-0000-0000-0141,23.02,Cortado,Morning,Sat,Aug,6,8
2024-08-10,2024-08-10 11:52:34,11,card,ANON-0000-0000-0012,23.02,Cortado,Morning,Sat,Aug,6,8
2024-08-10,2024-08-10 11:54:24,11,card,ANON-0000-0000-0012,23.02,Americano,Morning,Sat,Aug,6,8
2024-08-10,2024-08-10 12:15:11,12,card,ANON-0000-0000-0481,32.82,Latte,Afternoon,Sat,Aug,6,8
2024-08-10,2024-08-10 12:33:12,12,card,ANON-0000-0000-0463,27.92,Americano with Milk,Afternoon,Sat,Aug,6,8
2024-08-10,2024-08-10 16:06:12,16,card,ANON-0000-0000-0009,32.82,Latte,Afternoon,Sat,Aug,6,8
2024-08-10,2024-08-10 21:16:49,21,card,ANON-0000-0000-0482,32.82,Cocoa,Night,Sat,Aug,6,8
2024-08-10,2024-08-10 21:17:41,21,card,ANON-0000-0000-0482,32.82,Cocoa,Night,Sat,Aug,6,8
2024-08-10,2024-08-10 21:37:42,21,card,ANON-0000-0000-0442,32.82,Cocoa,Night,Sat,Aug,6,8
2024-08-11,2024-08-11 09:52:37,9,card,ANON-0000-0000-0440,32.82,Latte,Morning,Sun,Aug,7,8
2024-08-11,2024-08-11 09:53:44,9,card,ANON-0000-0000-0440,32.82,Latte,Morning,Sun,Aug,7,8
2024-08-11,2024-08-11 10:17:24,10,card,ANON-0000-0000-0347,27.92,Americano with Milk,Morning,Sun,Aug,7,8
2024-08-11,2024-08-11 11:56:41,11,card,ANON-0000-0000-0480,32.82,Cappuccino,Morning,Sun,Aug,7,8
2024-08-11,2024-08-11 11:57:41,11,card,ANON-0000-0000-0480,27.92,Americano with Milk,Morning,Sun,Aug,7,8
2024-08-11,2024-08-11 12:20:20,12,card,ANON-0000-0000-0141,23.02,Cortado,Afternoon,Sun,Aug,7,8
2024-08-11,2024-08-11 15:53:52,15,card,ANON-0000-0000-0483,32.82,Latte,Afternoon,Sun,Aug,7,8
2024-08-11,2024-08-11 15:55:15,15,card,ANON-0000-0000-0484,27.92,Americano with Milk,Afternoon,Sun,Aug,7,8
2024-08-11,2024-08-11 15:56:28,15,card,ANON-0000-0000-0484,32.82,Cocoa,Afternoon,Sun,Aug,7,8
2024-08-11,2024-08-11 16:27:35,16,card,ANON-0000-0000-0414,32.82,Cappuccino,Afternoon,Sun,Aug,7,8
2024-08-11,2024-08-11 16:28:38,16,card,ANON-0000-0000-0485,18.12,Espresso,Afternoon,Sun,Aug,7,8
2024-08-11,2024-08-11 21:30:33,21,card,ANON-0000-0000-0486,23.02,Cortado,Night,Sun,Aug,7,8
2024-08-11,2024-08-11 21:41:09,21,card,ANON-0000-0000-0475,32.82,Latte,Night,Sun,Aug,7,8
2024-08-11,2024-08-11 21:43:10,21,card,ANON-0000-0000-0487,32.82,Latte,Night,Sun,Aug,7,8
2024-08-11,2024-08-11 22:39:30,22,card,ANON-0000-0000-0488,32.82,Cappuccino,Night,Sun,Aug,7,8
2024-08-12,2024-08-12 08:26:19,8,card,ANON-0000-0000-0367,32.82,Hot Chocolate,Morning,Mon,Aug,1,8
2024-08-12,2024-08-12 11:15:05,11,card,ANON-0000-0000-0489,27.92,Americano with Milk,Morning,Mon,Aug,1,8
2024-08-12,2024-08-12 11:19:30,11,card,ANON-0000-0000-0490,23.02,Americano,Morning,Mon,Aug,1,8
2024-08-12,2024-08-12 11:20:24,11,card,ANON-0000-0000-0490,32.82,Latte,Morning,Mon,Aug,1,8
2024-08-12,2024-08-12 11:44:28,11,card,ANON-0000-0000-0491,32.82,Latte,Morning,Mon,Aug,1,8
2024-08-12,2024-08-12 14:04:03,14,card,ANON-0000-0000-0492,18.12,Espresso,Afternoon,Mon,Aug,1,8
2024-08-12,2024-08-12 14:05:07,14,card,ANON-0000-0000-0492,27.92,Americano with Milk,Afternoon,Mon,Aug,1,8
2024-08-12,2024-08-12 15:33:33,15,card,ANON-0000-0000-0493,27.92,Americano with Milk,Afternoon,Mon,Aug,1,8
2024-08-12,2024-08-12 18:05:05,18,card,ANON-0000-0000-0097,27.92,Americano with Milk,Night,Mon,Aug,1,8
2024-08-12,2024-08-12 21:25:49,21,card,ANON-0000-0000-0097,27.92,Americano with Milk,Night,Mon,Aug,1,8
2024-08-12,2024-08-12 21:37:38,21,card,ANON-0000-0000-0494,32.82,Latte,Night,Mon,Aug,1,8
2024-08-12,2024-08-12 22:58:20,22,card,ANON-0000-0000-0134,32.82,Cappuccino,Night,Mon,Aug,1,8
2024-08-12,2024-08-12 22:59:19,22,card,ANON-0000-0000-0134,32.82,Cappuccino,Night,Mon,Aug,1,8
2024-08-13,2024-08-13 08:44:30,8,card,ANON-0000-0000-0495,27.92,Americano with Milk,Morning,Tue,Aug,2,8
2024-08-13,2024-08-13 09:14:22,9,card,ANON-0000-0000-0097,27.92,Americano with Milk,Morning,Tue,Aug,2,8
2024-08-13,2024-08-13 09:45:56,9,card,ANON-0000-0000-0385,27.92,Americano with Milk,Morning,Tue,Aug,2,8
2024-08-13,2024-08-13 10:42:09,10,card,ANON-0000-0000-0141,23.02,Cortado,Morning,Tue,Aug,2,8
2024-08-13,2024-08-13 11:59:48,11,card,ANON-0000-0000-0496,32.82,Latte,Morning,Tue,Aug,2,8
2024-08-13,2024-08-13 13:01:41,13,card,ANON-0000-0000-0497,27.92,Americano with Milk,Afternoon,Tue,Aug,2,8
2024-08-13,2024-08-13 14:45:40,14,card,ANON-0000-0000-0494,32.82,Latte,Afternoon,Tue,Aug,2,8
2024-08-13,2024-08-13 15:47:57,15,card,ANON-0000-0000-0498,32.82,Cappuccino,Afternoon,Tue,Aug,2,8
2024-08-13,2024-08-13 15:55:30,15,card,ANON-0000-0000-0097,27.92,Americano with Milk,Afternoon,Tue,Aug,2,8
2024-08-13,2024-08-13 20:29:35,20,card,ANON-0000-0000-0499,32.82,Latte,Night,Tue,Aug,2,8
2024-08-13,2024-08-13 20:30:37,20,card,ANON-0000-0000-0499,32.82,Cocoa,Night,Tue,Aug,2,8
2024-08-13,2024-08-13 20:44:23,20,card,ANON-0000-0000-0500,32.82,Cappuccino,Night,Tue,Aug,2,8
2024-08-13,2024-08-13 21:00:45,21,card,ANON-0000-0000-0501,23.02,Cortado,Night,Tue,Aug,2,8
2024-08-14,2024-08-14 07:35:48,7,card,ANON-0000-0000-0475,32.82,Latte,Morning,Wed,Aug,3,8
2024-08-14,2024-08-14 07:36:56,7,card,ANON-0000-0000-0472,32.82,Cappuccino,Morning,Wed,Aug,3,8
2024-08-14,2024-08-14 10:09:29,10,card,ANON-0000-0000-0141,23.02,Cortado,Morning,Wed,Aug,3,8
2024-08-14,2024-08-14 11:39:08,11,card,ANON-0000-0000-0095,18.12,Espresso,Morning,Wed,Aug,3,8
2024-08-14,2024-08-14 12:49:17,12,card,ANON-0000-0000-0502,23.02,Americano,Afternoon,Wed,Aug,3,8
2024-08-14,2024-08-14 12:51:05,12,card,ANON-0000-0000-0450,23.02,Americano,Afternoon,Wed,Aug,3,8
2024-08-14,2024-08-14 15:21:27,15,card,ANON-0000-0000-0503,32.82,Latte,Afternoon,Wed,Aug,3,8
2024-08-14,2024-08-14 17:24:23,17,card,ANON-0000-0000-0504,23.02,Americano,Night,Wed,Aug,3,8
2024-08-14,2024-08-14 18:10:04,18,card,ANON-0000-0000-0505,23.02,Cortado,Night,Wed,Aug,3,8
2024-08-14,2024-08-14 18:59:18,18,card,ANON-0000-0000-0506,27.92,Americano with Milk,Night,Wed,Aug,3,8
2024-08-14,2024-08-14 19:34:52,19,card,ANON-0000-0000-0012,32.82,Latte,Night,Wed,Aug,3,8
2024-08-14,2024-08-14 19:35:49,19,card,ANON-0000-0000-0012,23.02,Cortado,Night,Wed,Aug,3,8
2024-08-14,2024-08-14 21:41:33,21,card,ANON-0000-0000-0507,32.82,Latte,Night,Wed,Aug,3,8
2024-08-15,2024-08-15 09:36:11,9,card,ANON-0000-0000-0141,23.02,Cortado,Morning,Thu,Aug,4,8
2024-08-15,2024-08-15 09:37:02,9,card,ANON-0000-0000-0508,32.82,Cappuccino,Morning,Thu,Aug,4,8
2024-08-15,2024-08-15 09:38:05,9,card,ANON-0000-0000-0509,32.82,Hot Chocolate,Morning,Thu,Aug,4,8
2024-08-15,2024-08-15 09:38:50,9,card,ANON-0000-0000-0509,32.82,Latte,Morning,Thu,Aug,4,8
2024-08-15,2024-08-15 12:38:38,12,card,ANON-0000-0000-0232,32.82,Latte,Afternoon,Thu,Aug,4,8
2024-08-15,2024-08-15 13:48:14,13,card,ANON-0000-0000-0510,32.82,Latte,Afternoon,Thu,Aug,4,8
2024-08-15,2024-08-15 14:17:48,14,card,ANON-0000-0000-0012,23.02,Americano,Afternoon,Thu,Aug,4,8
2024-08-15,2024-08-15 14:18:51,14,card,ANON-0000-0000-0012,18.12,Espresso,Afternoon,Thu,Aug,4,8
2024-08-15,2024-08-15 17:53:52,17,card,ANON-0000-0000-0511,27.92,Americano with Milk,Night,Thu,Aug,4,8
2024-08-15,2024-08-15 19:10:58,19,card,ANON-0000-0000-0512,32.82,Hot Chocolate,Night,Thu,Aug,4,8
2024-08-15,2024-08-15 19:11:54,19,card,ANON-0000-0000-0512,27.92,Americano with Milk,Night,Thu,Aug,4,8
2024-08-15,2024-08-15 19:41:30,19,card,ANON-0000-0000-0513,27.92,Americano with Milk,Night,Thu,Aug,4,8
2024-08-15,2024-08-15 19:42:38,19,card,ANON-0000-0000-0513,23.02,Americano,Night,Thu,Aug,4,8
2024-08-15,2024-08-15 20:40:42,20,card,ANON-0000-0000-0514,32.82,Cappuccino,Night,Thu,Aug,4,8
2024-08-15,2024-08-15 21:35:20,21,card,ANON-0000-0000-0040,18.12,Espresso,Night,Thu,Aug,4,8
2024-08-15,2024-08-15 21:36:11,21,card,ANON-0000-0000-0040,27.92,Americano with Milk,Night,Thu,Aug,4,8
2024-08-16,2024-08-16 12:29:17,12,card,ANON-0000-0000-0513,32.82,Latte,Afternoon,Fri,Aug,5,8
2024-08-16,2024-08-16 12:54:17,12,card,ANON-0000-0000-0515,23.02,Americano,Afternoon,Fri,Aug,5,8
2024-08-16,2024-08-16 13:36:13,13,card,ANON-0000-0000-0429,27.92,Americano with Milk,Afternoon,Fri,Aug,5,8
2024-08-16,2024-08-16 15:18:52,15,card,ANON-0000-0000-0012,18.12,Espresso,Afternoon,Fri,Aug,5,8
2024-08-16,2024-08-16 15:19:39,15,card,ANON-0000-0000-0012,18.12,Espresso,Afternoon,Fri,Aug,5,8
2024-08-17,2024-08-17 09:16:53,9,card,ANON-0000-0000-0097,27.92,Americano with Milk,Morning,Sat,Aug,6,8
2024-08-17,2024-08-17 09:18:09,9,card,ANON-0000-0000-0516,32.82,Cappuccino,Morning,Sat,Aug,6,8
2024-08-17,2024-08-17 10:53:41,10,card,ANON-0000-0000-0517,27.92,Americano with Milk,Morning,Sat,Aug,6,8
2024-08-17,2024-08-17 11:58:42,11,card,ANON-0000-0000-0141,23.02,Cortado,Morning,Sat,Aug,6,8
2024-08-17,2024-08-17 11:59:28,11,card,ANON-0000-0000-0141,23.02,Cortado,Morning,Sat,Aug,6,8
2024-08-17,2024-08-17 13:18:40,13,card,ANON-0000-0000-0518,27.92,Americano with Milk,Afternoon,Sat,Aug,6,8
2024-08-17,2024-08-17 16:31:55,16,card,ANON-0000-0000-0277,23.02,Cortado,Afternoon,Sat,Aug,6,8
2024-08-17,2024-08-17 16:33:49,16,card,ANON-0000-0000-0192,32.82,Latte,Afternoon,Sat,Aug,6,8
2024-08-17,2024-08-17 18:48:59,18,card,ANON-0000-0000-0456,32.82,Cappuccino,Night,Sat,Aug,6,8
2024-08-17,2024-08-17 21:18:57,21,card,ANON-0000-0000-0040,27.92,Americano with Milk,Night,Sat,Aug,6,8
2024-08-17,2024-08-17 22:42:39,22,card,ANON-0000-0000-0519,32.82,Latte,Night,Sat,Aug,6,8
2024-08-18,2024-08-18 08:09:43,8,card,ANON-0000-0000-0520,32.82,Cappuccino,Morning,Sun,Aug,7,8
2024-08-18,2024-08-18 08:32:06,8,card,ANON-0000-0000-0521,32.82,Cappuccino,Morning,Sun,Aug,7,8
2024-08-18,2024-08-18 08:41:06,8,card,ANON-0000-0000-0141,23.02,Cortado,Morning,Sun,Aug,7,8
2024-08-18,2024-08-18 08:56:01,8,card,ANON-0000-0000-0522,27.92,Americano with Milk,Morning,Sun,Aug,7,8
2024-08-18,2024-08-18 12:31:41,12,card,ANON-0000-0000-0463,32.82,Cappuccino,Afternoon,Sun,Aug,7,8
2024-08-18,2024-08-18 14:30:22,14,card,ANON-0000-0000-0040,27.92,Americano with Milk,Afternoon,Sun,Aug,7,8
2024-08-18,2024-08-18 18:24:11,18,card,ANON-0000-0000-0523,27.92,Americano with Milk,Night,Sun,Aug,7,8
2024-08-18,2024-08-18 18:26:04,18,card,ANON-0000-0000-0523,27.92,Americano with Milk,Night,Sun,Aug,7,8
2024-08-18,2024-08-18 18:27:18,18,card,ANON-0000-0000-0523,23.02,Americano,Night,Sun,Aug,7,8
2024-08-18,2024-08-18 18:28:13,18,card,ANON-0000-0000-0523,23.02,Americano,Night,Sun,Aug,7,8
2024-08-19,2024-08-19 15:09:49,15,card,ANON-0000-0000-0524,27.92,Americano with Milk,Afternoon,Mon,Aug,1,8
2024-08-19,2024-08-19 15:10:51,15,card,ANON-0000-0000-0524,27.92,Americano with Milk,Afternoon,Mon,Aug,1,8
2024-08-19,2024-08-19 21:21:12,21,card,ANON-0000-0000-0507,32.82,Latte,Night,Mon,Aug,1,8
2024-08-19,2024-08-19 21:31:57,21,card,ANON-0000-0000-0491,32.82,Cocoa,Night,Mon,Aug,1,8
2024-08-20,2024-08-20 08:27:16,8,card,ANON-0000-0000-0141,23.02,Cortado,Morning,Tue,Aug,2,8
2024-08-20,2024-08-20 08:29:15,8,card,ANON-0000-0000-0525,32.82,Latte,Morning,Tue,Aug,2,8
2024-08-20,2024-08-20 08:49:47,8,card,ANON-0000-0000-0526,18.12,Espresso,Morning,Tue,Aug,2,8
2024-08-20,2024-08-20 08:50:36,8,card,ANON-0000-0000-0526,23.02,Cortado,Morning,Tue,Aug,2,8
2024-08-20,2024-08-20 09:14:55,9,card,ANON-0000-0000-0097,27.92,Americano with Milk,Morning,Tue,Aug,2,8
2024-08-20,2024-08-20 11:09:56,11,card,ANON-0000-0000-0527,23.02,Americano,Morning,Tue,Aug,2,8
2024-08-20,2024-08-20 11:11:39,11,card,ANON-0000-0000-0528,23.02,Americano,Morning,Tue,Aug,2,8
2024-08-20,2024-08-20 11:12:31,11,card,ANON-0000-0000-0529,23.02,Americano,Morning,Tue,Aug,2,8
2024-08-20,2024-08-20 11:42:20,11,card,ANON-0000-0000-0141,32.82,Latte,Morning,Tue,Aug,2,8
2024-08-20,2024-08-20 20:42:41,20,card,ANON-0000-0000-0530,32.82,Latte,Night,Tue,Aug,2,8
2024-08-20,2024-08-20 20:44:15,20,card,ANON-0000-0000-0531,32.82,Latte,Night,Tue,Aug,2,8
2024-08-20,2024-08-20 20:45:12,20,card,ANON-0000-0000-0531,32.82,Latte,Night,Tue,Aug,2,8
2024-08-20,2024-08-20 20:46:04,20,card,ANON-0000-0000-0532,32.82,Latte,Night,Tue,Aug,2,8
2024-08-21,2024-08-21 07:59:13,7,card,ANON-0000-0000-0533,27.92,Americano with Milk,Morning,Wed,Aug,3,8
2024-08-21,2024-08-21 08:40:27,8,card,ANON-0000-0000-0141,23.02,Cortado,Morning,Wed,Aug,3,8
2024-08-21,2024-08-21 10:13:32,10,card,ANON-0000-0000-0375,23.02,Americano,Morning,Wed,Aug,3,8
2024-08-21,2024-08-21 10:38:45,10,card,ANON-0000-0000-0276,27.92,Americano with Milk,Morning,Wed,Aug,3,8
2024-08-21,2024-08-21 11:51:41,11,card,ANON-0000-0000-0141,23.02,Cortado,Morning,Wed,Aug,3,8
2024-08-21,2024-08-21 13:17:11,13,card,ANON-0000-0000-0534,32.82,Latte,Afternoon,Wed,Aug,3,8
2024-08-21,2024-08-21 19:42:04,19,card,ANON-0000-0000-0507,32.82,Latte,Night,Wed,Aug,3,8
2024-08-22,2024-08-22 09:22:26,9,card,ANON-0000-0000-0141,23.02,Cortado,Morning,Thu,Aug,4,8
2024-08-22,2024-08-22 10:09:23,10,card,ANON-0000-0000-0419,27.92,Americano with Milk,Morning,Thu,Aug,4,8
2024-08-22,2024-08-22 10:47:59,10,card,ANON-0000-0000-0535,27.92,Americano with Milk,Morning,Thu,Aug,4,8
2024-08-22,2024-08-22 14:16:12,14,card,ANON-0000-0000-0510,32.82,Latte,Afternoon,Thu,Aug,4,8
2024-08-22,2024-08-22 14:26:58,14,card,ANON-0000-0000-0536,32.82,Latte,Afternoon,Thu,Aug,4,8
2024-08-22,2024-08-22 15:07:07,15,card,ANON-0000-0000-0537,32.82,Cappuccino,Afternoon,Thu,Aug,4,8
2024-08-22,2024-08-22 15:27:27,15,card,ANON-0000-0000-0538,23.02,Americano,Afternoon,Thu,Aug,4,8
2024-08-23,2024-08-23 07:43:16,7,card,ANON-0000-0000-0475,32.82,Latte,Morning,Fri,Aug,5,8
2024-08-23,2024-08-23 08:21:48,8,card,ANON-0000-0000-0141,23.02,Cortado,Morning,Fri,Aug,5,8
2024-08-23,2024-08-23 08:22:57,8,card,ANON-0000-0000-0425,32.82,Latte,Morning,Fri,Aug,5,8
2024-08-23,2024-08-23 08:33:39,8,card,ANON-0000-0000-0225,23.02,Americano,Morning,Fri,Aug,5,8
2024-08-23,2024-08-23 08:34:35,8,card,ANON-0000-0000-0225,23.02,Americano,Morning,Fri,Aug,5,8
2024-08-23,2024-08-23 09:14:52,9,card,ANON-0000-0000-0419,27.92,Americano with Milk,Morning,Fri,Aug,5,8
2024-08-23,2024-08-23 10:10:59,10,card,ANON-0000-0000-0539,32.82,Cocoa,Morning,Fri,Aug,5,8
2024-08-23,2024-08-23 10:11:55,10,card,ANON-0000-0000-0539,23.02,Americano,Morning,Fri,Aug,5,8
2024-08-23,2024-08-23 10:39:12,10,card,ANON-0000-0000-0141,23.02,Cortado,Morning,Fri,Aug,5,8
2024-08-23,2024-08-23 11:12:59,11,card,ANON-0000-0000-0540,32.82,Hot Chocolate,Morning,Fri,Aug,5,8
2024-08-23,2024-08-23 13:24:55,13,card,ANON-0000-0000-0541,23.02,Americano,Afternoon,Fri,Aug,5,8
2024-08-23,2024-08-23 15:28:53,15,card,ANON-0000-0000-0542,23.02,Americano,Afternoon,Fri,Aug,5,8
2024-08-23,2024-08-23 19:48:03,19,card,ANON-0000-0000-0507,32.82,Latte,Night,Fri,Aug,5,8
2024-08-24,2024-08-24 08:13:42,8,card,ANON-0000-0000-0141,23.02,Cortado,Morning,Sat,Aug,6,8
2024-08-24,2024-08-24 08:14:48,8,card,ANON-0000-0000-0141,23.02,Cortado,Morning,Sat,Aug,6,8
2024-08-24,2024-08-24 08:44:12,8,card,ANON-0000-0000-0543,23.02,Cortado,Morning,Sat,Aug,6,8
2024-08-24,2024-08-24 10:18:09,10,card,ANON-0000-0000-0544,18.12,Espresso,Morning,Sat,Aug,6,8
2024-08-24,2024-08-24 10:18:52,10,card,ANON-0000-0000-0544,18.12,Espresso,Morning,Sat,Aug,6,8
2024-08-24,2024-08-24 10:19:49,10,card,ANON-0000-0000-0544,23.02,Americano,Morning,Sat,Aug,6,8
2024-08-25,2024-08-25 08:14:37,8,card,ANON-0000-0000-0141,23.02,Cortado,Morning,Sun,Aug,7,8
2024-08-25,2024-08-25 08:26:28,8,card,ANON-0000-0000-0408,23.02,Americano,Morning,Sun,Aug,7,8
2024-08-25,2024-08-25 08:27:36,8,card,ANON-0000-0000-0408,23.02,Americano,Morning,Sun,Aug,7,8
2024-08-25,2024-08-25 09:24:22,9,card,ANON-0000-0000-0545,32.82,Cappuccino,Morning,Sun,Aug,7,8
2024-08-25,2024-08-25 12:41:43,12,card,ANON-0000-0000-0546,32.82,Cappuccino,Afternoon,Sun,Aug,7,8
2024-08-25,2024-08-25 14:53:03,14,card,ANON-0000-0000-0077,32.82,Latte,Afternoon,Sun,Aug,7,8
2024-08-26,2024-08-26 08:11:47,8,card,ANON-0000-0000-0141,23.02,Cortado,Morning,Mon,Aug,1,8
2024-08-26,2024-08-26 08:16:10,8,card,ANON-0000-0000-0408,23.02,Americano,Morning,Mon,Aug,1,8
2024-08-26,2024-08-26 08:17:23,8,card,ANON-0000-0000-0408,23.02,Americano,Morning,Mon,Aug,1,8
2024-08-26,2024-08-26 09:21:37,9,card,ANON-0000-0000-0097,27.92,Americano with Milk,Morning,Mon,Aug,1,8
2024-08-26,2024-08-26 10:37:44,10,card,ANON-0000-0000-0547,32.82,Latte,Morning,Mon,Aug,1,8
2024-08-26,2024-08-26 10:38:49,10,card,ANON-0000-0000-0548,32.82,Cappuccino,Morning,Mon,Aug,1,8
2024-08-26,2024-08-26 12:45:13,12,card,ANON-0000-0000-0003,23.02,Americano,Afternoon,Mon,Aug,1,8
2024-08-26,2024-08-26 12:46:24,12,card,ANON-0000-0000-0003,23.02,Americano,Afternoon,Mon,Aug,1,8
2024-08-26,2024-08-26 18:53:28,18,card,ANON-0000-0000-0549,27.92,Americano with Milk,Night,Mon,Aug,1,8
2024-08-26,2024-08-26 18:54:31,18,card,ANON-0000-0000-0549,32.82,Latte,Night,Mon,Aug,1,8
2024-08-26,2024-08-26 22:55:40,22,card,ANON-0000-0000-0550,27.92,Americano with Milk,Night,Mon,Aug,1,8
2024-08-27,2024-08-27 10:04:05,10,card,ANON-0000-0000-0375,32.82,Latte,Morning,Tue,Aug,2,8
2024-08-28,2024-08-28 12:08:19,12,card,ANON-0000-0000-0551,27.92,Americano with Milk,Afternoon,Wed,Aug,3,8
2024-08-28,2024-08-28 12:10:04,12,card,ANON-0000-0000-0551,32.82,Cappuccino,Afternoon,Wed,Aug,3,8
2024-08-28,2024-08-28 12:35:07,12,card,ANON-0000-0000-0375,23.02,Americano,Afternoon,Wed,Aug,3,8
2024-08-28,2024-08-28 13:48:35,13,card,ANON-0000-0000-0552,27.92,Americano with Milk,Afternoon,Wed,Aug,3,8
2024-08-29,2024-08-29 07:29:30,7,card,ANON-0000-0000-0553,23.02,Americano,Morning,Thu,Aug,4,8
2024-08-30,2024-08-30 17:13:30,17,card,ANON-0000-0000-0554,32.82,Latte,Night,Fri,Aug,5,8
2024-08-30,2024-08-30 17:14:33,17,card,ANON-0000-0000-0554,27.92,Americano with Milk,Night,Fri,Aug,5,8
2024-08-30,2024-08-30 17:15:35,17,card,ANON-0000-0000-0554,27.92,Americano with Milk,Night,Fri,Aug,5,8
2024-08-31,2024-08-31 09:08:32,9,card,ANON-0000-0000-0371,23.02,Cortado,Morning,Sat,Aug,6,8
2024-08-31,2024-08-31 10:02:08,10,card,ANON-0000-0000-0555,27.92,Americano with Milk,Morning,Sat,Aug,6,8
2024-08-31,2024-08-31 10:22:27,10,card,ANON-0000-0000-0556,18.12,Espresso,Morning,Sat,Aug,6,8
2024-08-31,2024-08-31 11:29:55,11,card,ANON-0000-0000-0557,27.92,Americano with Milk,Morning,Sat,Aug,6,8
2024-08-31,2024-08-31 11:33:40,11,card,ANON-0000-0000-0141,23.02,Cortado,Morning,Sat,Aug,6,8
2024-08-31,2024-08-31 11:34:33,11,card,ANON-0000-0000-0141,23.02,Cortado,Morning,Sat,Aug,6,8
2024-09-01,2024-09-01 09:34:15,9,card,ANON-0000-0000-0141,23.02,Cortado,Morning,Sun,Sep,7,9
2024-09-01,2024-09-01 12:11:25,12,card,ANON-0000-0000-0558,32.82,Cappuccino,Afternoon,Sun,Sep,7,9
2024-09-01,2024-09-01 12:30:09,12,card,ANON-0000-0000-0181,27.92,Americano with Milk,Afternoon,Sun,Sep,7,9
2024-09-01,2024-09-01 12:32:22,12,card,ANON-0000-0000-0181,23.02,Americano,Afternoon,Sun,Sep,7,9
2024-09-01,2024-09-01 12:50:17,12,card,ANON-0000-0000-0559,27.92,Americano with Milk,Afternoon,Sun,Sep,7,9
2024-09-01,2024-09-01 13:57:34,13,card,ANON-0000-0000-0560,32.82,Latte,Afternoon,Sun,Sep,7,9
2024-09-01,2024-09-01 14:44:04,14,card,ANON-0000-0000-0385,27.92,Americano with Milk,Afternoon,Sun,Sep,7,9
2024-09-01,2024-09-01 17:20:46,17,card,ANON-0000-0000-0561,32.82,Latte,Night,Sun,Sep,7,9
2024-09-01,2024-09-01 17:23:14,17,card,ANON-0000-0000-0562,32.82,Latte,Night,Sun,Sep,7,9
2024-09-01,2024-09-01 17:24:50,17,card,ANON-0000-0000-0563,32.82,Latte,Night,Sun,Sep,7,9
2024-09-02,2024-09-02 08:24:40,8,card,ANON-0000-0000-0425,32.82,Latte,Morning,Mon,Sep,1,9
2024-09-02,2024-09-02 08:50:18,8,card,ANON-0000-0000-0564,27.92,Americano with Milk,Morning,Mon,Sep,1,9
2024-09-02,2024-09-02 08:51:33,8,card,ANON-0000-0000-0565,32.82,Latte,Morning,Mon,Sep,1,9
2024-09-02,2024-09-02 14:58:47,14,card,ANON-0000-0000-0566,27.92,Americano with Milk,Afternoon,Mon,Sep,1,9
2024-09-02,2024-09-02 20:09:44,20,card,ANON-0000-0000-0567,32.82,Cappuccino,Night,Mon,Sep,1,9
2024-09-02,2024-09-02 20:11:18,20,card,ANON-0000-0000-0179,32.82,Cocoa,Night,Mon,Sep,1,9
2024-09-02,2024-09-02 20:52:32,20,card,ANON-0000-0000-0568,23.02,Americano,Night,Mon,Sep,1,9
2024-09-02,2024-09-02 20:53:29,20,card,ANON-0000-0000-0568,23.02,Americano,Night,Mon,Sep,1,9
2024-09-03,2024-09-03 08:22:15,8,card,ANON-0000-0000-0569,32.82,Cocoa,Morning,Tue,Sep,2,9
2024-09-03,2024-09-03 08:28:12,8,card,ANON-0000-0000-0168,32.82,Cappuccino,Morning,Tue,Sep,2,9
2024-09-03,2024-09-03 08:41:12,8,card,ANON-0000-0000-0570,32.82,Latte,Morning,Tue,Sep,2,9
2024-09-03,2024-09-03 09:03:12,9,card,ANON-0000-0000-0571,27.92,Americano with Milk,Morning,Tue,Sep,2,9
2024-09-03,2024-09-03 09:04:12,9,card,ANON-0000-0000-0571,32.82,Cappuccino,Morning,Tue,Sep,2,9
2024-09-03,2024-09-03 09:12:48,9,card,ANON-0000-0000-0572,32.82,Cocoa,Morning,Tue,Sep,2,9
2024-09-03,2024-09-03 09:13:34,9,card,ANON-0000-0000-0572,32.82,Cocoa,Morning,Tue,Sep,2,9
2024-09-03,2024-09-03 09:17:02,9,card,ANON-0000-0000-0385,27.92,Americano with Milk,Morning,Tue,Sep,2,9
2024-09-03,2024-09-03 09:20:17,9,card,ANON-0000-0000-0573,27.92,Americano with Milk,Morning,Tue,Sep,2,9
2024-09-03,2024-09-03 09:37:52,9,card,ANON-0000-0000-0574,32.82,Latte,Morning,Tue,Sep,2,9
2024-09-03,2024-09-03 09:38:56,9,card,ANON-0000-0000-0575,32.82,Cocoa,Morning,Tue,Sep,2,9
2024-09-03,2024-09-03 12:56:53,12,card,ANON-0000-0000-0576,23.02,Cortado,Afternoon,Tue,Sep,2,9
2024-09-03,2024-09-03 14:14:52,14,card,ANON-0000-0000-0333,27.92,Americano with Milk,Afternoon,Tue,Sep,2,9
2024-09-03,2024-09-03 14:16:17,14,card,ANON-0000-0000-0333,27.92,Americano with Milk,Afternoon,Tue,Sep,2,9
2024-09-03,2024-09-03 18:48:35,18,card,ANON-0000-0000-0333,27.92,Americano with Milk,Night,Tue,Sep,2,9
2024-09-03,2024-09-03 19:11:12,19,card,ANON-0000-0000-0467,32.82,Latte,Night,Tue,Sep,2,9
2024-09-03,2024-09-03 19:17:14,19,card,ANON-0000-0000-0467,27.92,Americano with Milk,Night,Tue,Sep,2,9
2024-09-04,2024-09-04 11:11:22,11,card,ANON-0000-0000-0577,27.92,Americano with Milk,Morning,Wed,Sep,3,9
2024-09-04,2024-09-04 11:33:37,11,card,ANON-0000-0000-0510,32.82,Latte,Morning,Wed,Sep,3,9
2024-09-04,2024-09-04 11:48:04,11,card,ANON-0000-0000-0019,23.02,Americano,Morning,Wed,Sep,3,9
2024-09-04,2024-09-04 11:55:34,11,card,ANON-0000-0000-0578,27.92,Americano with Milk,Morning,Wed,Sep,3,9
2024-09-04,2024-09-04 12:53:31,12,card,ANON-0000-0000-0565,32.82,Latte,Afternoon,Wed,Sep,3,9
2024-09-04,2024-09-04 13:03:51,13,card,ANON-0000-0000-0579,32.82,Latte,Afternoon,Wed,Sep,3,9
2024-09-04,2024-09-04 13:05:16,13,card,ANON-0000-0000-0579,27.92,Americano with Milk,Afternoon,Wed,Sep,3,9
2024-09-04,2024-09-04 18:03:47,18,card,ANON-0000-0000-0580,32.82,Cappuccino,Night,Wed,Sep,3,9
2024-09-04,2024-09-04 19:41:42,19,card,ANON-0000-0000-0097,27.92,Americano with Milk,Night,Wed,Sep,3,9
2024-09-04,2024-09-04 21:19:36,21,card,ANON-0000-0000-0494,32.82,Latte,Night,Wed,Sep,3,9
2024-09-05,2024-09-05 09:31:17,9,card,ANON-0000-0000-0385,27.92,Americano with Milk,Morning,Thu,Sep,4,9
2024-09-05,2024-09-05 10:28:56,10,card,ANON-0000-0000-0581,27.92,Americano with Milk,Morning,Thu,Sep,4,9
2024-09-05,2024-09-05 11:06:31,11,card,ANON-0000-0000-0019,23.02,Americano,Morning,Thu,Sep,4,9
2024-09-05,2024-09-05 14:00:28,14,card,ANON-0000-0000-0582,32.82,Latte,Afternoon,Thu,Sep,4,9
2024-09-05,2024-09-05 15:25:12,15,card,ANON-0000-0000-0583,32.82,Latte,Afternoon,Thu,Sep,4,9
2024-09-05,2024-09-05 16:38:50,16,card,ANON-0000-0000-0584,23.02,Americano,Afternoon,Thu,Sep,4,9
2024-09-05,2024-09-05 16:40:00,16,card,ANON-0000-0000-0585,27.92,Americano with Milk,Afternoon,Thu,Sep,4,9
2024-09-05,2024-09-05 17:04:29,17,card,ANON-0000-0000-0586,32.82,Cappuccino,Night,Thu,Sep,4,9
2024-09-05,2024-09-05 17:05:32,17,card,ANON-0000-0000-0586,32.82,Cappuccino,Night,Thu,Sep,4,9
2024-09-05,2024-09-05 20:30:15,20,card,ANON-0000-0000-0587,32.82,Cappuccino,Night,Thu,Sep,4,9
2024-09-05,2024-09-05 20:54:24,20,card,ANON-0000-0000-0588,23.02,Americano,Night,Thu,Sep,4,9
2024-09-05,2024-09-05 20:55:31,20,card,ANON-0000-0000-0588,32.82,Cappuccino,Night,Thu,Sep,4,9
2024-09-05,2024-09-05 21:26:29,21,card,ANON-0000-0000-0040,27.92,Americano with Milk,Night,Thu,Sep,4,9
2024-09-05,2024-09-05 21:27:30,21,card,ANON-0000-0000-0040,27.92,Americano with Milk,Night,Thu,Sep,4,9
2024-09-06,2024-09-06 08:25:34,8,card,ANON-0000-0000-0582,32.82,Cappuccino,Morning,Fri,Sep,5,9
2024-09-06,2024-09-06 08:34:47,8,card,ANON-0000-0000-0425,32.82,Latte,Morning,Fri,Sep,5,9
2024-09-06,2024-09-06 08:54:42,8,card,ANON-0000-0000-0589,23.02,Americano,Morning,Fri,Sep,5,9
2024-09-06,2024-09-06 09:50:40,9,card,ANON-0000-0000-0590,18.12,Espresso,Morning,Fri,Sep,5,9
2024-09-06,2024-09-06 09:51:52,9,card,ANON-0000-0000-0590,32.82,Latte,Morning,Fri,Sep,5,9
2024-09-06,2024-09-06 10:30:06,10,card,ANON-0000-0000-0591,32.82,Hot Chocolate,Morning,Fri,Sep,5,9
2024-09-06,2024-09-06 11:23:25,11,card,ANON-0000-0000-0095,18.12,Espresso,Morning,Fri,Sep,5,9
2024-09-06,2024-09-06 11:24:29,11,card,ANON-0000-0000-0467,18.12,Espresso,Morning,Fri,Sep,5,9
2024-09-06,2024-09-06 20:00:12,20,card,ANON-0000-0000-0283,32.82,Latte,Night,Fri,Sep,5,9
2024-09-06,2024-09-06 21:09:31,21,card,ANON-0000-0000-0507,32.82,Latte,Night,Fri,Sep,5,9
2024-09-07,2024-09-07 08:48:57,8,card,ANON-0000-0000-0592,32.82,Latte,Morning,Sat,Sep,6,9
2024-09-07,2024-09-07 09:52:03,9,card,ANON-0000-0000-0543,23.02,Cortado,Morning,Sat,Sep,6,9
2024-09-07,2024-09-07 09:53:04,9,card,ANON-0000-0000-0543,23.02,Cortado,Morning,Sat,Sep,6,9
2024-09-07,2024-09-07 09:54:42,9,card,ANON-0000-0000-0593,23.02,Cortado,Morning,Sat,Sep,6,9
2024-09-07,2024-09-07 09:57:48,9,card,ANON-0000-0000-0276,27.92,Americano with Milk,Morning,Sat,Sep,6,9
2024-09-07,2024-09-07 09:59:02,9,card,ANON-0000-0000-0276,27.92,Americano with Milk,Morning,Sat,Sep,6,9
2024-09-07,2024-09-07 10:00:20,10,card,ANON-0000-0000-0141,23.02,Cortado,Morning,Sat,Sep,6,9
2024-09-07,2024-09-07 10:22:45,10,card,ANON-0000-0000-0594,23.02,Americano,Morning,Sat,Sep,6,9
2024-09-07,2024-09-07 10:37:52,10,card,ANON-0000-0000-0595,18.12,Espresso,Morning,Sat,Sep,6,9
2024-09-07,2024-09-07 10:40:13,10,card,ANON-0000-0000-0595,18.12,Espresso,Morning,Sat,Sep,6,9
2024-09-07,2024-09-07 10:53:32,10,card,ANON-0000-0000-0596,32.82,Latte,Morning,Sat,Sep,6,9
2024-09-07,2024-09-07 11:18:57,11,card,ANON-0000-0000-0012,27.92,Americano with Milk,Morning,Sat,Sep,6,9
2024-09-07,2024-09-07 11:20:00,11,card,ANON-0000-0000-0019,23.02,Americano,Morning,Sat,Sep,6,9
2024-09-07,2024-09-07 11:20:57,11,card,ANON-0000-0000-0012,18.12,Espresso,Morning,Sat,Sep,6,9
2024-09-07,2024-09-07 15:55:09,15,card,ANON-0000-0000-0597,32.82,Latte,Afternoon,Sat,Sep,6,9
2024-09-07,2024-09-07 16:20:01,16,card,ANON-0000-0000-0019,23.02,Americano,Afternoon,Sat,Sep,6,9
2024-09-07,2024-09-07 16:20:59,16,card,ANON-0000-0000-0012,18.12,Espresso,Afternoon,Sat,Sep,6,9
2024-09-07,2024-09-07 19:35:05,19,card,ANON-0000-0000-0283,32.82,Cocoa,Night,Sat,Sep,6,9
2024-09-07,2024-09-07 19:36:05,19,card,ANON-0000-0000-0283,32.82,Latte,Night,Sat,Sep,6,9
2024-09-07,2024-09-07 19:37:16,19,card,ANON-0000-0000-0283,32.82,Latte,Night,Sat,Sep,6,9
2024-09-07,2024-09-07 20:13:52,20,card,ANON-0000-0000-0598,32.82,Latte,Night,Sat,Sep,6,9
2024-09-07,2024-09-07 20:14:59,20,card,ANON-0000-0000-0598,32.82,Latte,Night,Sat,Sep,6,9
2024-09-08,2024-09-08 08:15:41,8,card,ANON-0000-0000-0141,23.02,Cortado,Morning,Sun,Sep,7,9
2024-09-08,2024-09-08 09:18:17,9,card,ANON-0000-0000-0543,23.02,Cortado,Morning,Sun,Sep,7,9
2024-09-08,2024-09-08 09:19:12,9,card,ANON-0000-0000-0543,23.02,Cortado,Morning,Sun,Sep,7,9
2024-09-08,2024-09-08 10:05:56,10,card,ANON-0000-0000-0543,23.02,Cortado,Morning,Sun,Sep,7,9
2024-09-08,2024-09-08 12:43:28,12,card,ANON-0000-0000-0486,23.02,Cortado,Afternoon,Sun,Sep,7,9
2024-09-08,2024-09-08 20:13:33,20,card,ANON-0000-0000-0347,23.02,Americano,Night,Sun,Sep,7,9
2024-09-09,2024-09-09 07:51:14,7,card,ANON-0000-0000-0599,32.82,Latte,Morning,Mon,Sep,1,9
2024-09-09,2024-09-09 07:53:52,7,card,ANON-0000-0000-0582,32.82,Cappuccino,Morning,Mon,Sep,1,9
2024-09-09,2024-09-09 07:55:22,7,card,ANON-0000-0000-0599,27.92,Americano with Milk,Morning,Mon,Sep,1,9
2024-09-09,2024-09-09 07:56:38,7,card,ANON-0000-0000-0570,32.82,Latte,Morning,Mon,Sep,1,9
2024-09-09,2024-09-09 09:49:51,9,card,ANON-0000-0000-0583,32.82,Latte,Morning,Mon,Sep,1,9
2024-09-09,2024-09-09 09:50:52,9,card,ANON-0000-0000-0583,32.82,Hot Chocolate,Morning,Mon,Sep,1,9
2024-09-09,2024-09-09 09:59:11,9,card,ANON-0000-0000-0494,32.82,Latte,Morning,Mon,Sep,1,9
2024-09-09,2024-09-09 11:11:36,11,card,ANON-0000-0000-0600,27.92,Americano with Milk,Morning,Mon,Sep,1,9
2024-09-09,2024-09-09 11:12:51,11,card,ANON-0000-0000-0601,27.92,Americano with Milk,Morning,Mon,Sep,1,9
2024-09-09,2024-09-09 11:29:49,11,card,ANON-0000-0000-0602,32.82,Latte,Morning,Mon,Sep,1,9
2024-09-09,2024-09-09 12:07:00,12,card,ANON-0000-0000-0603,18.12,Espresso,Afternoon,Mon,Sep,1,9
2024-09-09,2024-09-09 15:12:14,15,card,ANON-0000-0000-0604,32.82,Latte,Afternoon,Mon,Sep,1,9
2024-09-09,2024-09-09 15:13:25,15,card,ANON-0000-0000-0604,23.02,Americano,Afternoon,Mon,Sep,1,9
2024-09-09,2024-09-09 17:24:10,17,card,ANON-0000-0000-0605,32.82,Latte,Night,Mon,Sep,1,9
2024-09-09,2024-09-09 18:13:46,18,card,ANON-0000-0000-0507,32.82,Latte,Night,Mon,Sep,1,9
2024-09-09,2024-09-09 20:07:36,20,card,ANON-0000-0000-0268,32.82,Cappuccino,Night,Mon,Sep,1,9
2024-09-09,2024-09-09 20:13:44,20,card,ANON-0000-0000-0606,32.82,Latte,Night,Mon,Sep,1,9
2024-09-10,2024-09-10 08:12:02,8,card,ANON-0000-0000-0607,32.82,Hot Chocolate,Morning,Tue,Sep,2,9
2024-09-10,2024-09-10 09:32:47,9,card,ANON-0000-0000-0608,32.82,Cappuccino,Morning,Tue,Sep,2,9
2024-09-10,2024-09-10 15:21:54,15,card,ANON-0000-0000-0543,23.02,Cortado,Afternoon,Tue,Sep,2,9
2024-09-10,2024-09-10 15:23:06,15,card,ANON-0000-0000-0543,23.02,Cortado,Afternoon,Tue,Sep,2,9
2024-09-10,2024-09-10 18:43:42,18,card,ANON-0000-0000-0609,32.82,Cappuccino,Night,Tue,Sep,2,9
2024-09-10,2024-09-10 18:45:23,18,card,ANON-0000-0000-0610,27.92,Americano with Milk,Night,Tue,Sep,2,9
2024-09-10,2024-09-10 19:02:43,19,card,ANON-0000-0000-0611,32.82,Latte,Night,Tue,Sep,2,9
2024-09-10,2024-09-10 19:03:53,19,card,ANON-0000-0000-0611,32.82,Latte,Night,Tue,Sep,2,9
2024-09-10,2024-09-10 21:29:35,21,card,ANON-0000-0000-0012,27.92,Americano with Milk,Night,Tue,Sep,2,9
2024-09-10,2024-09-10 21:30:27,21,card,ANON-0000-0000-0012,23.02,Americano,Night,Tue,Sep,2,9
2024-09-11,2024-09-11 08:47:22,8,card,ANON-0000-0000-0612,32.82,Latte,Morning,Wed,Sep,3,9
2024-09-11,2024-09-11 09:28:47,9,card,ANON-0000-0000-0097,27.92,Americano with Milk,Morning,Wed,Sep,3,9
2024-09-11,2024-09-11 10:52:09,10,card,ANON-0000-0000-0613,32.82,Latte,Morning,Wed,Sep,3,9
2024-09-11,2024-09-11 19:53:13,19,card,ANON-0000-0000-0614,32.82,Cappuccino,Night,Wed,Sep,3,9
2024-09-11,2024-09-11 20:13:15,20,card,ANON-0000-0000-0531,27.92,Americano with Milk,Night,Wed,Sep,3,9
2024-09-11,2024-09-11 20:14:19,20,card,ANON-0000-0000-0531,32.82,Latte,Night,Wed,Sep,3,9
2024-09-11,2024-09-11 20:15:19,20,card,ANON-0000-0000-0531,32.82,Latte,Night,Wed,Sep,3,9
2024-09-11,2024-09-11 21:01:34,21,card,ANON-0000-0000-0584,23.02,Cortado,Night,Wed,Sep,3,9
2024-09-12,2024-09-12 10:57:26,10,card,ANON-0000-0000-0347,18.12,Espresso,Morning,Thu,Sep,4,9
2024-09-12,2024-09-12 10:58:20,10,card,ANON-0000-0000-0347,27.92,Americano with Milk,Morning,Thu,Sep,4,9
2024-09-12,2024-09-12 11:27:36,11,card,ANON-0000-0000-0615,27.92,Americano with Milk,Morning,Thu,Sep,4,9
2024-09-12,2024-09-12 12:08:22,12,card,ANON-0000-0000-0565,32.82,Cappuccino,Afternoon,Thu,Sep,4,9
2024-09-12,2024-09-12 12:31:07,12,card,ANON-0000-0000-0616,23.02,Cortado,Afternoon,Thu,Sep,4,9
2024-09-12,2024-09-12 12:32:23,12,card,ANON-0000-0000-0616,23.02,Cortado,Afternoon,Thu,Sep,4,9
2024-09-12,2024-09-12 12:37:20,12,card,ANON-0000-0000-0141,23.02,Cortado,Afternoon,Thu,Sep,4,9
2024-09-12,2024-09-12 12:38:10,12,card,ANON-0000-0000-0141,23.02,Cortado,Afternoon,Thu,Sep,4,9
2024-09-12,2024-09-12 17:01:25,17,card,ANON-0000-0000-0617,32.82,Latte,Night,Thu,Sep,4,9
2024-09-12,2024-09-12 21:09:10,21,card,ANON-0000-0000-0618,23.02,Americano,Night,Thu,Sep,4,9
2024-09-12,2024-09-12 21:10:21,21,card,ANON-0000-0000-0618,32.82,Cappuccino,Night,Thu,Sep,4,9
2024-09-12,2024-09-12 21:13:17,21,card,ANON-0000-0000-0319,23.02,Cortado,Night,Thu,Sep,4,9
2024-09-13,2024-09-13 07:56:54,7,card,ANON-0000-0000-0570,32.82,Latte,Morning,Fri,Sep,5,9
2024-09-13,2024-09-13 08:41:03,8,card,ANON-0000-0000-0425,32.82,Latte,Morning,Fri,Sep,5,9
2024-09-13,2024-09-13 08:54:16,8,card,ANON-0000-0000-0375,32.82,Latte,Morning,Fri,Sep,5,9
2024-09-13,2024-09-13 09:51:19,9,card,ANON-0000-0000-0619,32.82,Latte,Morning,Fri,Sep,5,9
2024-09-13,2024-09-13 15:38:19,15,card,ANON-0000-0000-0242,27.92,Americano with Milk,Afternoon,Fri,Sep,5,9
2024-09-13,2024-09-13 15:50:54,15,card,ANON-0000-0000-0552,27.92,Americano with Milk,Afternoon,Fri,Sep,5,9
2024-09-14,2024-09-14 16:29:19,16,card,ANON-0000-0000-0543,32.82,Cappuccino,Afternoon,Sat,Sep,6,9
2024-09-14,2024-09-14 16:30:17,16,card,ANON-0000-0000-0543,32.82,Cappuccino,Afternoon,Sat,Sep,6,9
2024-09-15,2024-09-15 08:42:41,8,card,ANON-0000-0000-0347,18.12,Espresso,Morning,Sun,Sep,7,9
2024-09-15,2024-09-15 09:49:39,9,card,ANON-0000-0000-0620,27.92,Americano with Milk,Morning,Sun,Sep,7,9
2024-09-15,2024-09-15 13:49:37,13,card,ANON-0000-0000-0304,23.02,Americano,Afternoon,Sun,Sep,7,9
2024-09-15,2024-09-15 14:36:19,14,card,ANON-0000-0000-0141,23.02,Cortado,Afternoon,Sun,Sep,7,9
2024-09-15,2024-09-15 14:37:21,14,card,ANON-0000-0000-0141,23.02,Cortado,Afternoon,Sun,Sep,7,9
2024-09-15,2024-09-15 14:53:19,14,card,ANON-0000-0000-0543,32.82,Cappuccino,Afternoon,Sun,Sep,7,9
2024-09-16,2024-09-16 13:32:23,13,card,ANON-0000-0000-0621,32.82,Latte,Afternoon,Mon,Sep,1,9
2024-09-16,2024-09-16 13:33:37,13,card,ANON-0000-0000-0584,27.92,Americano with Milk,Afternoon,Mon,Sep,1,9
2024-09-16,2024-09-16 15:23:19,15,card,ANON-0000-0000-0621,32.82,Latte,Afternoon,Mon,Sep,1,9
2024-09-16,2024-09-16 17:16:06,17,card,ANON-0000-0000-0622,27.92,Americano with Milk,Night,Mon,Sep,1,9
2024-09-16,2024-09-16 17:18:03,17,card,ANON-0000-0000-0623,32.82,Latte,Night,Mon,Sep,1,9
2024-09-16,2024-09-16 18:54:45,18,card,ANON-0000-0000-0624,32.82,Latte,Night,Mon,Sep,1,9
2024-09-16,2024-09-16 18:56:05,18,card,ANON-0000-0000-0625,32.82,Latte,Night,Mon,Sep,1,9
2024-09-16,2024-09-16 21:10:19,21,card,ANON-0000-0000-0626,27.92,Americano with Milk,Night,Mon,Sep,1,9
2024-09-16,2024-09-16 21:11:32,21,card,ANON-0000-0000-0626,32.82,Latte,Night,Mon,Sep,1,9
2024-09-16,2024-09-16 21:37:47,21,card,ANON-0000-0000-0287,27.92,Americano with Milk,Night,Mon,Sep,1,9
2024-09-16,2024-09-16 21:38:49,21,card,ANON-0000-0000-0097,27.92,Americano with Milk,Night,Mon,Sep,1,9
2024-09-17,2024-09-17 07:54:58,7,card,ANON-0000-0000-0627,23.02,Cortado,Morning,Tue,Sep,2,9
2024-09-17,2024-09-17 08:09:01,8,card,ANON-0000-0000-0621,32.82,Latte,Morning,Tue,Sep,2,9
2024-09-17,2024-09-17 08:37:38,8,card,ANON-0000-0000-0276,27.92,Americano with Milk,Morning,Tue,Sep,2,9
2024-09-17,2024-09-17 08:42:31,8,card,ANON-0000-0000-0141,23.02,Cortado,Morning,Tue,Sep,2,9
2024-09-17,2024-09-17 09:10:04,9,card,ANON-0000-0000-0554,32.82,Cappuccino,Morning,Tue,Sep,2,9
2024-09-17,2024-09-17 09:11:08,9,card,ANON-0000-0000-0554,27.92,Americano with Milk,Morning,Tue,Sep,2,9
2024-09-17,2024-09-17 09:34:57,9,card,ANON-0000-0000-0620,27.92,Americano with Milk,Morning,Tue,Sep,2,9
2024-09-17,2024-09-17 12:38:34,12,card,ANON-0000-0000-0628,18.12,Espresso,Afternoon,Tue,Sep,2,9
2024-09-17,2024-09-17 12:39:34,12,card,ANON-0000-0000-0628,27.92,Americano with Milk,Afternoon,Tue,Sep,2,9
2024-09-17,2024-09-17 12:44:15,12,card,ANON-0000-0000-0629,32.82,Latte,Afternoon,Tue,Sep,2,9
2024-09-17,2024-09-17 13:54:23,13,card,ANON-0000-0000-0554,27.92,Americano with Milk,Afternoon,Tue,Sep,2,9
2024-09-17,2024-09-17 13:55:31,13,card,ANON-0000-0000-0630,23.02,Cortado,Afternoon,Tue,Sep,2,9
2024-09-17,2024-09-17 16:29:37,16,card,ANON-0000-0000-0554,32.82,Cappuccino,Afternoon,Tue,Sep,2,9
2024-09-17,2024-09-17 16:31:01,16,card,ANON-0000-0000-0630,32.82,Latte,Afternoon,Tue,Sep,2,9
2024-09-17,2024-09-17 18:54:24,18,card,ANON-0000-0000-0631,32.82,Hot Chocolate,Night,Tue,Sep,2,9
2024-09-17,2024-09-17 19:00:46,19,card,ANON-0000-0000-0632,27.92,Americano with Milk,Night,Tue,Sep,2,9
2024-09-17,2024-09-17 19:03:53,19,card,ANON-0000-0000-0633,27.92,Americano with Milk,Night,Tue,Sep,2,9
2024-09-17,2024-09-17 19:12:48,19,card,ANON-0000-0000-0634,32.82,Latte,Night,Tue,Sep,2,9
2024-09-17,2024-09-17 19:14:00,19,card,ANON-0000-0000-0634,27.92,Americano with Milk,Night,Tue,Sep,2,9
2024-09-17,2024-09-17 19:15:00,19,card,ANON-0000-0000-0634,27.92,Americano with Milk,Night,Tue,Sep,2,9
2024-09-17,2024-09-17 19:31:57,19,card,ANON-0000-0000-0635,27.92,Americano with Milk,Night,Tue,Sep,2,9
2024-09-17,2024-09-17 22:19:36,22,card,ANON-0000-0000-0636,32.82,Hot Chocolate,Night,Tue,Sep,2,9
2024-09-17,2024-09-17 22:20:19,22,card,ANON-0000-0000-0637,32.82,Hot Chocolate,Night,Tue,Sep,2,9
2024-09-18,2024-09-18 14:29:49,14,card,ANON-0000-0000-0638,32.82,Latte,Afternoon,Wed,Sep,3,9
2024-09-18,2024-09-18 17:34:20,17,card,ANON-0000-0000-0639,32.82,Latte,Night,Wed,Sep,3,9
2024-09-18,2024-09-18 21:15:39,21,card,ANON-0000-0000-0040,27.92,Americano with Milk,Night,Wed,Sep,3,9
2024-09-18,2024-09-18 21:18:22,21,card,ANON-0000-0000-0040,27.92,Americano with Milk,Night,Wed,Sep,3,9
2024-09-19,2024-09-19 08:17:19,8,card,ANON-0000-0000-0276,27.92,Americano with Milk,Morning,Thu,Sep,4,9
2024-09-19,2024-09-19 08:30:29,8,card,ANON-0000-0000-0627,23.02,Cortado,Morning,Thu,Sep,4,9
2024-09-19,2024-09-19 10:01:31,10,card,ANON-0000-0000-0494,32.82,Latte,Morning,Thu,Sep,4,9
2024-09-19,2024-09-19 12:59:34,12,card,ANON-0000-0000-0004,23.02,Americano,Afternoon,Thu,Sep,4,9
2024-09-19,2024-09-19 13:00:34,13,card,ANON-0000-0000-0004,27.92,Americano with Milk,Afternoon,Thu,Sep,4,9
2024-09-19,2024-09-19 13:45:42,13,card,ANON-0000-0000-0640,23.02,Cortado,Afternoon,Thu,Sep,4,9
2024-09-20,2024-09-20 08:34:57,8,card,ANON-0000-0000-0276,27.92,Americano with Milk,Morning,Fri,Sep,5,9
2024-09-20,2024-09-20 09:46:15,9,card,ANON-0000-0000-0641,27.92,Americano with Milk,Morning,Fri,Sep,5,9
2024-09-20,2024-09-20 13:39:55,13,card,ANON-0000-0000-0333,27.92,Americano with Milk,Afternoon,Fri,Sep,5,9
2024-09-20,2024-09-20 16:03:30,16,card,ANON-0000-0000-0642,32.82,Latte,Afternoon,Fri,Sep,5,9
2024-09-20,2024-09-20 20:39:23,20,card,ANON-0000-0000-0643,23.02,Americano,Night,Fri,Sep,5,9
2024-09-20,2024-09-20 21:31:37,21,card,ANON-0000-0000-0287,27.92,Americano with Milk,Night,Fri,Sep,5,9
2024-09-20,2024-09-20 21:32:43,21,card,ANON-0000-0000-0287,27.92,Americano with Milk,Night,Fri,Sep,5,9
2024-09-21,2024-09-21 11:01:15,11,card,ANON-0000-0000-0644,32.82,Latte,Morning,Sat,Sep,6,9
2024-09-21,2024-09-21 11:02:14,11,card,ANON-0000-0000-0644,32.82,Cocoa,Morning,Sat,Sep,6,9
2024-09-21,2024-09-21 11:37:47,11,card,ANON-0000-0000-0543,23.02,Cortado,Morning,Sat,Sep,6,9
2024-09-21,2024-09-21 11:38:45,11,card,ANON-0000-0000-0543,23.02,Cortado,Morning,Sat,Sep,6,9
2024-09-21,2024-09-21 15:10:09,15,card,ANON-0000-0000-0645,32.82,Cappuccino,Afternoon,Sat,Sep,6,9
2024-09-21,2024-09-21 15:36:14,15,card,ANON-0000-0000-0646,32.82,Latte,Afternoon,Sat,Sep,6,9
2024-09-21,2024-09-21 18:16:29,18,card,ANON-0000-0000-0507,32.82,Latte,Night,Sat,Sep,6,9
2024-09-21,2024-09-21 18:17:31,18,card,ANON-0000-0000-0507,32.82,Latte,Night,Sat,Sep,6,9
2024-09-21,2024-09-21 20:29:43,20,card,ANON-0000-0000-0040,23.02,Americano,Night,Sat,Sep,6,9
2024-09-21,2024-09-21 20:30:39,20,card,ANON-0000-0000-0040,23.02,Americano,Night,Sat,Sep,6,9
2024-09-21,2024-09-21 20:33:58,20,card,ANON-0000-0000-0602,32.82,Latte,Night,Sat,Sep,6,9
2024-09-21,2024-09-21 20:35:30,20,card,ANON-0000-0000-0602,32.82,Latte,Night,Sat,Sep,6,9
2024-09-21,2024-09-21 22:18:46,22,card,ANON-0000-0000-0647,27.92,Americano with Milk,Night,Sat,Sep,6,9
2024-09-21,2024-09-21 22:19:50,22,card,ANON-0000-0000-0647,23.02,Americano,Night,Sat,Sep,6,9
2024-09-21,2024-09-21 22:20:48,22,card,ANON-0000-0000-0647,23.02,Americano,Night,Sat,Sep,6,9
2024-09-22,2024-09-22 08:32:54,8,card,ANON-0000-0000-0648,23.02,Americano,Morning,Sun,Sep,7,9
2024-09-22,2024-09-22 10:12:10,10,card,ANON-0000-0000-0649,27.92,Americano with Milk,Morning,Sun,Sep,7,9
2024-09-22,2024-09-22 10:13:09,10,card,ANON-0000-0000-0649,32.82,Latte,Morning,Sun,Sep,7,9
2024-09-22,2024-09-22 11:06:26,11,card,ANON-0000-0000-0650,23.02,Cortado,Morning,Sun,Sep,7,9
2024-09-22,2024-09-22 11:07:36,11,card,ANON-0000-0000-0650,23.02,Cortado,Morning,Sun,Sep,7,9
2024-09-22,2024-09-22 11:52:00,11,card,ANON-0000-0000-0651,27.92,Americano with Milk,Morning,Sun,Sep,7,9
2024-09-22,2024-09-22 11:55:13,11,card,ANON-0000-0000-0099,23.02,Americano,Morning,Sun,Sep,7,9
2024-09-22,2024-09-22 12:07:21,12,card,ANON-0000-0000-0276,27.92,Americano with Milk,Afternoon,Sun,Sep,7,9
2024-09-22,2024-09-22 13:28:15,13,card,ANON-0000-0000-0333,27.92,Americano with Milk,Afternoon,Sun,Sep,7,9
2024-09-22,2024-09-22 13:29:36,13,card,ANON-0000-0000-0333,27.92,Americano with Milk,Afternoon,Sun,Sep,7,9
2024-09-22,2024-09-22 13:33:35,13,card,ANON-0000-0000-0510,27.92,Americano with Milk,Afternoon,Sun,Sep,7,9
2024-09-22,2024-09-22 15:34:10,15,card,ANON-0000-0000-0652,32.82,Latte,Afternoon,Sun,Sep,7,9
2024-09-22,2024-09-22 15:35:24,15,card,ANON-0000-0000-0652,27.92,Americano with Milk,Afternoon,Sun,Sep,7,9
2024-09-22,2024-09-22 16:25:03,16,card,ANON-0000-0000-0653,32.82,Cocoa,Afternoon,Sun,Sep,7,9
2024-09-22,2024-09-22 20:19:10,20,card,ANON-0000-0000-0654,32.82,Latte,Night,Sun,Sep,7,9
2024-09-22,2024-09-22 20:20:36,20,card,ANON-0000-0000-0654,32.82,Cappuccino,Night,Sun,Sep,7,9
2024-09-22,2024-09-22 20:46:26,20,card,ANON-0000-0000-0455,27.92,Americano with Milk,Night,Sun,Sep,7,9
2024-09-22,2024-09-22 20:47:35,20,card,ANON-0000-0000-0455,27.92,Americano with Milk,Night,Sun,Sep,7,9
2024-09-22,2024-09-22 21:07:05,21,card,ANON-0000-0000-0655,27.92,Americano with Milk,Night,Sun,Sep,7,9
2024-09-22,2024-09-22 21:08:15,21,card,ANON-0000-0000-0655,27.92,Americano with Milk,Night,Sun,Sep,7,9
2024-09-22,2024-09-22 21:54:04,21,card,ANON-0000-0000-0637,32.82,Hot Chocolate,Night,Sun,Sep,7,9
2024-09-22,2024-09-22 21:54:54,21,card,ANON-0000-0000-0637,32.82,Hot Chocolate,Night,Sun,Sep,7,9
2024-09-22,2024-09-22 22:37:02,22,card,ANON-0000-0000-0656,23.02,Americano,Night,Sun,Sep,7,9
2024-09-22,2024-09-22 22:37:58,22,card,ANON-0000-0000-0657,27.92,Americano with Milk,Night,Sun,Sep,7,9
2024-09-23,2024-09-23 09:03:37,9,card,ANON-0000-0000-0276,27.92,Americano with Milk,Morning,Mon,Sep,1,9
2024-09-23,2024-09-23 10:04:17,10,card,ANON-0000-0000-0141,23.02,Cortado,Morning,Mon,Sep,1,9
2024-09-23,2024-09-23 12:11:04,12,card,ANON-0000-0000-0584,23.02,Americano,Afternoon,Mon,Sep,1,9
2024-09-23,2024-09-23 14:08:52,14,card,ANON-0000-0000-0573,27.92,Americano with Milk,Afternoon,Mon,Sep,1,9
2024-09-23,2024-09-23 17:27:48,17,card,ANON-0000-0000-0658,32.82,Cappuccino,Night,Mon,Sep,1,9
2024-09-23,2024-09-23 18:48:30,18,card,ANON-0000-0000-0659,23.02,Americano,Night,Mon,Sep,1,9
2024-09-23,2024-09-23 19:47:22,19,card,ANON-0000-0000-0507,32.82,Latte,Night,Mon,Sep,1,9
2024-09-23,2024-09-23 20:09:46,20,card,ANON-0000-0000-0206,32.82,Cappuccino,Night,Mon,Sep,1,9
2024-09-23,2024-09-23 22:13:31,22,card,ANON-0000-0000-0641,27.92,Americano with Milk,Night,Mon,Sep,1,9
2024-09-23,2024-09-23 22:15:15,22,card,ANON-0000-0000-0641,27.92,Americano with Milk,Night,Mon,Sep,1,9
2024-09-24,2024-09-24 08:33:33,8,card,ANON-0000-0000-0276,27.92,Americano with Milk,Morning,Tue,Sep,2,9
2024-09-24,2024-09-24 12:23:57,12,card,ANON-0000-0000-0634,32.82,Latte,Afternoon,Tue,Sep,2,9
2024-09-24,2024-09-24 12:24:55,12,card,ANON-0000-0000-0634,32.82,Latte,Afternoon,Tue,Sep,2,9
2024-09-24,2024-09-24 12:46:44,12,card,ANON-0000-0000-0660,32.82,Latte,Afternoon,Tue,Sep,2,9
2024-09-24,2024-09-24 12:47:49,12,card,ANON-0000-0000-0660,32.82,Latte,Afternoon,Tue,Sep,2,9
2024-09-24,2024-09-24 14:11:39,14,card,ANON-0000-0000-0661,32.82,Latte,Afternoon,Tue,Sep,2,9
2024-09-24,2024-09-24 14:31:29,14,card,ANON-0000-0000-0662,23.02,Cortado,Afternoon,Tue,Sep,2,9
2024-09-24,2024-09-24 15:37:24,15,card,ANON-0000-0000-0510,32.82,Cappuccino,Afternoon,Tue,Sep,2,9
2024-09-24,2024-09-24 16:38:48,16,card,ANON-0000-0000-0583,32.82,Latte,Afternoon,Tue,Sep,2,9
2024-09-24,2024-09-24 18:43:03,18,card,ANON-0000-0000-0408,23.02,Americano,Night,Tue,Sep,2,9
2024-09-24,2024-09-24 18:43:54,18,card,ANON-0000-0000-0408,23.02,Americano,Night,Tue,Sep,2,9
2024-09-24,2024-09-24 20:15:50,20,card,ANON-0000-0000-0663,32.82,Hot Chocolate,Night,Tue,Sep,2,9
2024-09-24,2024-09-24 21:05:14,21,card,ANON-0000-0000-0631,32.82,Latte,Night,Tue,Sep,2,9
2024-09-24,2024-09-24 21:06:32,21,card,ANON-0000-0000-0531,27.92,Americano with Milk,Night,Tue,Sep,2,9
2024-09-24,2024-09-24 21:07:35,21,card,ANON-0000-0000-0531,27.92,Americano with Milk,Night,Tue,Sep,2,9
2024-09-25,2024-09-25 07:51:21,7,card,ANON-0000-0000-0664,32.82,Cappuccino,Morning,Wed,Sep,3,9
2024-09-25,2024-09-25 11:35:33,11,card,ANON-0000-0000-0141,23.02,Cortado,Morning,Wed,Sep,3,9
2024-09-25,2024-09-25 11:51:15,11,card,ANON-0000-0000-0665,27.92,Americano with Milk,Morning,Wed,Sep,3,9
2024-09-25,2024-09-25 11:52:53,11,card,ANON-0000-0000-0665,32.82,Latte,Morning,Wed,Sep,3,9
2024-09-25,2024-09-25 13:54:51,13,card,ANON-0000-0000-0666,27.92,Americano with Milk,Afternoon,Wed,Sep,3,9
2024-09-25,2024-09-25 13:55:59,13,card,ANON-0000-0000-0666,27.92,Americano with Milk,Afternoon,Wed,Sep,3,9
2024-09-25,2024-09-25 17:36:37,17,card,ANON-0000-0000-0667,27.92,Americano with Milk,Night,Wed,Sep,3,9
2024-09-25,2024-09-25 17:37:32,17,card,ANON-0000-0000-0667,27.92,Americano with Milk,Night,Wed,Sep,3,9
2024-09-25,2024-09-25 21:34:41,21,card,ANON-0000-0000-0668,23.02,Americano,Night,Wed,Sep,3,9
2024-09-25,2024-09-25 22:18:52,22,card,ANON-0000-0000-0475,27.92,Americano with Milk,Night,Wed,Sep,3,9
2024-09-26,2024-09-26 08:43:35,8,card,ANON-0000-0000-0570,32.82,Latte,Morning,Thu,Sep,4,9
2024-09-26,2024-09-26 10:37:06,10,card,ANON-0000-0000-0333,27.92,Americano with Milk,Morning,Thu,Sep,4,9
2024-09-26,2024-09-26 10:55:52,10,card,ANON-0000-0000-0669,18.12,Espresso,Morning,Thu,Sep,4,9
2024-09-26,2024-09-26 11:34:49,11,card,ANON-0000-0000-0670,32.82,Cappuccino,Morning,Thu,Sep,4,9
2024-09-26,2024-09-26 12:48:01,12,card,ANON-0000-0000-0671,32.82,Latte,Afternoon,Thu,Sep,4,9
2024-09-26,2024-09-26 18:21:56,18,card,ANON-0000-0000-0672,32.82,Latte,Night,Thu,Sep,4,9
2024-09-26,2024-09-26 22:45:15,22,card,ANON-0000-0000-0673,32.82,Latte,Night,Thu,Sep,4,9
2024-09-26,2024-09-26 22:46:18,22,card,ANON-0000-0000-0673,23.02,Cortado,Night,Thu,Sep,4,9
2024-09-26,2024-09-26 22:47:25,22,card,ANON-0000-0000-0472,27.92,Americano with Milk,Night,Thu,Sep,4,9
2024-09-27,2024-09-27 09:29:46,9,card,ANON-0000-0000-0276,27.92,Americano with Milk,Morning,Fri,Sep,5,9
2024-09-27,2024-09-27 09:33:44,9,card,ANON-0000-0000-0141,23.02,Cortado,Morning,Fri,Sep,5,9
2024-09-27,2024-09-27 09:41:05,9,card,ANON-0000-0000-0674,32.82,Cappuccino,Morning,Fri,Sep,5,9
2024-09-27,2024-09-27 10:46:57,10,card,ANON-0000-0000-0333,27.92,Americano with Milk,Morning,Fri,Sep,5,9
2024-09-27,2024-09-27 11:35:00,11,card,ANON-0000-0000-0333,27.92,Americano with Milk,Morning,Fri,Sep,5,9
2024-09-27,2024-09-27 13:20:31,13,card,ANON-0000-0000-0675,32.82,Cappuccino,Afternoon,Fri,Sep,5,9
2024-09-27,2024-09-27 13:25:05,13,card,ANON-0000-0000-0676,32.82,Cappuccino,Afternoon,Fri,Sep,5,9
2024-09-27,2024-09-27 13:28:33,13,card,ANON-0000-0000-0676,23.02,Americano,Afternoon,Fri,Sep,5,9
2024-09-27,2024-09-27 13:33:52,13,card,ANON-0000-0000-0677,27.92,Americano with Milk,Afternoon,Fri,Sep,5,9
2024-09-27,2024-09-27 18:07:44,18,card,ANON-0000-0000-0678,32.82,Latte,Night,Fri,Sep,5,9
2024-09-27,2024-09-27 18:08:58,18,card,ANON-0000-0000-0678,32.82,Latte,Night,Fri,Sep,5,9
2024-09-27,2024-09-27 18:37:46,18,card,ANON-0000-0000-0679,32.82,Cappuccino,Night,Fri,Sep,5,9
2024-09-27,2024-09-27 18:40:54,18,card,ANON-0000-0000-0680,32.82,Cappuccino,Night,Fri,Sep,5,9
2024-09-27,2024-09-27 20:18:13,20,card,ANON-0000-0000-0408,32.82,Cappuccino,Night,Fri,Sep,5,9
2024-09-27,2024-09-27 20:19:14,20,card,ANON-0000-0000-0408,32.82,Cappuccino,Night,Fri,Sep,5,9
2024-09-27,2024-09-27 20:58:15,20,card,ANON-0000-0000-0681,27.92,Americano with Milk,Night,Fri,Sep,5,9
2024-09-28,2024-09-28 08:06:45,8,card,ANON-0000-0000-0666,27.92,Americano with Milk,Morning,Sat,Sep,6,9
2024-09-28,2024-09-28 09:31:15,9,card,ANON-0000-0000-0682,27.92,Americano with Milk,Morning,Sat,Sep,6,9
2024-09-28,2024-09-28 14:25:47,14,card,ANON-0000-0000-0507,35.76,Latte,Afternoon,Sat,Sep,6,9
2024-09-28,2024-09-28 16:57:20,16,card,ANON-0000-0000-0683,35.76,Latte,Afternoon,Sat,Sep,6,9
2024-09-28,2024-09-28 17:26:17,17,card,ANON-0000-0000-0684,30.86,Americano with Milk,Night,Sat,Sep,6,9
2024-09-28,2024-09-28 20:34:31,20,card,ANON-0000-0000-0445,35.76,Latte,Night,Sat,Sep,6,9
2024-09-28,2024-09-28 20:38:37,20,card,ANON-0000-0000-0685,35.76,Latte,Night,Sat,Sep,6,9
2024-09-28,2024-09-28 22:16:37,22,card,ANON-0000-0000-0686,35.76,Cappuccino,Night,Sat,Sep,6,9
2024-09-28,2024-09-28 22:17:30,22,card,ANON-0000-0000-0686,35.76,Cocoa,Night,Sat,Sep,6,9
2024-09-28,2024-09-28 22:18:16,22,card,ANON-0000-0000-0687,25.96,Cortado,Night,Sat,Sep,6,9
2024-09-28,2024-09-28 22:19:13,22,card,ANON-0000-0000-0687,35.76,Hot Chocolate,Night,Sat,Sep,6,9
2024-09-29,2024-09-29 10:48:45,10,card,ANON-0000-0000-0467,25.96,Americano,Morning,Sun,Sep,7,9
2024-09-29,2024-09-29 10:50:05,10,card,ANON-0000-0000-0172,35.76,Cappuccino,Morning,Sun,Sep,7,9
2024-09-29,2024-09-29 10:51:03,10,card,ANON-0000-0000-0172,35.76,Cappuccino,Morning,Sun,Sep,7,9
2024-09-29,2024-09-29 10:52:23,10,card,ANON-0000-0000-0172,35.76,Cappuccino,Morning,Sun,Sep,7,9
2024-09-29,2024-09-29 10:53:42,10,card,ANON-0000-0000-0333,30.86,Americano with Milk,Morning,Sun,Sep,7,9
2024-09-29,2024-09-29 12:35:43,12,card,ANON-0000-0000-0683,35.76,Latte,Afternoon,Sun,Sep,7,9
2024-09-29,2024-09-29 12:50:58,12,card,ANON-0000-0000-0141,25.96,Cortado,Afternoon,Sun,Sep,7,9
2024-09-29,2024-09-29 12:54:15,12,card,ANON-0000-0000-0602,35.76,Latte,Afternoon,Sun,Sep,7,9
2024-09-29,2024-09-29 12:55:22,12,card,ANON-0000-0000-0688,35.76,Latte,Afternoon,Sun,Sep,7,9
2024-09-29,2024-09-29 18:02:27,18,card,ANON-0000-0000-0689,35.76,Cappuccino,Night,Sun,Sep,7,9
2024-09-29,2024-09-29 22:31:03,22,card,ANON-0000-0000-0690,35.76,Latte,Night,Sun,Sep,7,9
2024-09-30,2024-09-30 08:08:48,8,card,ANON-0000-0000-0141,25.96,Cortado,Morning,Mon,Sep,1,9
2024-09-30,2024-09-30 08:58:55,8,card,ANON-0000-0000-0691,25.96,Cortado,Morning,Mon,Sep,1,9
2024-09-30,2024-09-30 09:00:05,9,card,ANON-0000-0000-0692,35.76,Hot Chocolate,Morning,Mon,Sep,1,9
2024-09-30,2024-09-30 10:01:09,10,card,ANON-0000-0000-0276,30.86,Americano with Milk,Morning,Mon,Sep,1,9
2024-09-30,2024-09-30 10:05:18,10,card,ANON-0000-0000-0141,25.96,Cortado,Morning,Mon,Sep,1,9
2024-09-30,2024-09-30 11:32:55,11,card,ANON-0000-0000-0693,30.86,Americano with Milk,Morning,Mon,Sep,1,9
2024-09-30,2024-09-30 16:45:44,16,card,ANON-0000-0000-0333,30.86,Americano with Milk,Afternoon,Mon,Sep,1,9
2024-09-30,2024-09-30 19:32:18,19,card,ANON-0000-0000-0507,35.76,Latte,Night,Mon,Sep,1,9
2024-09-30,2024-09-30 19:53:14,19,card,ANON-0000-0000-0694,30.86,Americano with Milk,Night,Mon,Sep,1,9
2024-09-30,2024-09-30 19:54:18,19,card,ANON-0000-0000-0694,25.96,Cortado,Night,Mon,Sep,1,9
2024-09-30,2024-09-30 19:59:19,19,card,ANON-0000-0000-0631,35.76,Latte,Night,Mon,Sep,1,9
2024-09-30,2024-09-30 20:00:42,20,card,ANON-0000-0000-0531,30.86,Americano with Milk,Night,Mon,Sep,1,9
2024-09-30,2024-09-30 20:01:42,20,card,ANON-0000-0000-0633,30.86,Americano with Milk,Night,Mon,Sep,1,9
2024-09-30,2024-09-30 21:41:08,21,card,ANON-0000-0000-0695,30.86,Americano with Milk,Night,Mon,Sep,1,9
2024-10-01,2024-10-01 07:47:08,7,card,ANON-0000-0000-0696,35.76,Latte,Morning,Tue,Oct,2,10
2024-10-01,2024-10-01 09:48:31,9,card,ANON-0000-0000-0276,30.86,Americano with Milk,Morning,Tue,Oct,2,10
2024-10-01,2024-10-01 10:02:27,10,card,ANON-0000-0000-0333,30.86,Americano with Milk,Morning,Tue,Oct,2,10
2024-10-01,2024-10-01 10:03:47,10,card,ANON-0000-0000-0333,30.86,Americano with Milk,Morning,Tue,Oct,2,10
2024-10-01,2024-10-01 11:55:32,11,card,ANON-0000-0000-0697,30.86,Americano with Milk,Morning,Tue,Oct,2,10
2024-10-01,2024-10-01 12:12:48,12,card,ANON-0000-0000-0698,30.86,Americano with Milk,Afternoon,Tue,Oct,2,10
2024-10-01,2024-10-01 12:14:23,12,card,ANON-0000-0000-0698,30.86,Americano with Milk,Afternoon,Tue,Oct,2,10
2024-10-01,2024-10-01 14:17:35,14,card,ANON-0000-0000-0699,25.96,Americano,Afternoon,Tue,Oct,2,10
2024-10-01,2024-10-01 14:18:53,14,card,ANON-0000-0000-0699,30.86,Americano with Milk,Afternoon,Tue,Oct,2,10
2024-10-01,2024-10-01 16:08:39,16,card,ANON-0000-0000-0637,35.76,Hot Chocolate,Afternoon,Tue,Oct,2,10
2024-10-01,2024-10-01 16:41:54,16,card,ANON-0000-0000-0700,25.96,Americano,Afternoon,Tue,Oct,2,10
2024-10-01,2024-10-01 18:08:27,18,card,ANON-0000-0000-0701,35.76,Latte,Night,Tue,Oct,2,10
2024-10-01,2024-10-01 18:23:11,18,card,ANON-0000-0000-0702,35.76,Latte,Night,Tue,Oct,2,10
2024-10-01,2024-10-01 18:24:14,18,card,ANON-0000-0000-0702,35.76,Hot Chocolate,Night,Tue,Oct,2,10
2024-10-01,2024-10-01 20:03:22,20,card,ANON-0000-0000-0585,35.76,Hot Chocolate,Night,Tue,Oct,2,10
2024-10-02,2024-10-02 07:57:19,7,card,ANON-0000-0000-0703,35.76,Latte,Morning,Wed,Oct,3,10
2024-10-02,2024-10-02 08:42:45,8,card,ANON-0000-0000-0141,25.96,Cortado,Morning,Wed,Oct,3,10
2024-10-02,2024-10-02 09:19:17,9,card,ANON-0000-0000-0276,30.86,Americano with Milk,Morning,Wed,Oct,3,10
2024-10-02,2024-10-02 10:22:02,10,card,ANON-0000-0000-0375,35.76,Latte,Morning,Wed,Oct,3,10
2024-10-02,2024-10-02 10:23:55,10,card,ANON-0000-0000-0704,30.86,Americano with Milk,Morning,Wed,Oct,3,10
2024-10-02,2024-10-02 11:28:54,11,card,ANON-0000-0000-0705,35.76,Cappuccino,Morning,Wed,Oct,3,10
2024-10-02,2024-10-02 15:13:42,15,card,ANON-0000-0000-0706,35.76,Cappuccino,Afternoon,Wed,Oct,3,10
2024-10-02,2024-10-02 18:31:07,18,card,ANON-0000-0000-0255,35.76,Hot Chocolate,Night,Wed,Oct,3,10
2024-10-02,2024-10-02 22:18:55,22,card,ANON-0000-0000-0637,35.76,Hot Chocolate,Night,Wed,Oct,3,10
2024-10-02,2024-10-02 22:19:41,22,card,ANON-0000-0000-0637,35.76,Hot Chocolate,Night,Wed,Oct,3,10
2024-10-02,2024-10-02 22:20:24,22,card,ANON-0000-0000-0707,35.76,Hot Chocolate,Night,Wed,Oct,3,10
2024-10-03,2024-10-03 13:47:36,13,card,ANON-0000-0000-0708,35.76,Cocoa,Afternoon,Thu,Oct,4,10
2024-10-03,2024-10-03 15:12:05,15,card,ANON-0000-0000-0709,30.86,Americano with Milk,Afternoon,Thu,Oct,4,10
2024-10-03,2024-10-03 20:12:58,20,card,ANON-0000-0000-0710,25.96,Cortado,Night,Thu,Oct,4,10
2024-10-03,2024-10-03 20:14:05,20,card,ANON-0000-0000-0710,35.76,Hot Chocolate,Night,Thu,Oct,4,10
2024-10-03,2024-10-03 21:21:06,21,card,ANON-0000-0000-0637,35.76,Hot Chocolate,Night,Thu,Oct,4,10
2024-10-03,2024-10-03 21:21:47,21,card,ANON-0000-0000-0637,35.76,Hot Chocolate,Night,Thu,Oct,4,10
2024-10-03,2024-10-03 21:29:03,21,card,ANON-0000-0000-0711,35.76,Cappuccino,Night,Thu,Oct,4,10
2024-10-03,2024-10-03 21:31:00,21,card,ANON-0000-0000-0712,35.76,Hot Chocolate,Night,Thu,Oct,4,10
2024-10-04,2024-10-04 08:44:01,8,card,ANON-0000-0000-0440,25.96,Americano,Morning,Fri,Oct,5,10
2024-10-04,2024-10-04 08:45:39,8,card,ANON-0000-0000-0440,25.96,Americano,Morning,Fri,Oct,5,10
2024-10-04,2024-10-04 09:30:22,9,card,ANON-0000-0000-0004,30.86,Americano with Milk,Morning,Fri,Oct,5,10
2024-10-04,2024-10-04 09:31:27,9,card,ANON-0000-0000-0003,25.96,Americano,Morning,Fri,Oct,5,10
2024-10-04,2024-10-04 09:53:59,9,card,ANON-0000-0000-0650,25.96,Cortado,Morning,Fri,Oct,5,10
2024-10-04,2024-10-04 09:55:05,9,card,ANON-0000-0000-0650,25.96,Cortado,Morning,Fri,Oct,5,10
2024-10-04,2024-10-04 17:35:15,17,card,ANON-0000-0000-0713,35.76,Latte,Night,Fri,Oct,5,10
2024-10-04,2024-10-04 17:42:22,17,card,ANON-0000-0000-0714,35.76,Hot Chocolate,Night,Fri,Oct,5,10
2024-10-04,2024-10-04 17:44:36,17,card,ANON-0000-0000-0714,35.76,Cocoa,Night,Fri,Oct,5,10
2024-10-05,2024-10-05 09:00:47,9,card,ANON-0000-0000-0141,25.96,Cortado,Morning,Sat,Oct,6,10
2024-10-05,2024-10-05 09:01:43,9,card,ANON-0000-0000-0141,25.96,Cortado,Morning,Sat,Oct,6,10
2024-10-05,2024-10-05 09:35:45,9,card,ANON-0000-0000-0715,35.76,Cocoa,Morning,Sat,Oct,6,10
2024-10-05,2024-10-05 13:12:13,13,card,ANON-0000-0000-0206,35.76,Cappuccino,Afternoon,Sat,Oct,6,10
2024-10-05,2024-10-05 20:08:38,20,card,ANON-0000-0000-0012,25.96,Americano,Night,Sat,Oct,6,10
2024-10-05,2024-10-05 20:09:34,20,card,ANON-0000-0000-0012,25.96,Americano,Night,Sat,Oct,6,10
2024-10-06,2024-10-06 08:22:57,8,card,ANON-0000-0000-0141,25.96,Cortado,Morning,Sun,Oct,7,10
2024-10-06,2024-10-06 10:05:44,10,card,ANON-0000-0000-0195,35.76,Cappuccino,Morning,Sun,Oct,7,10
2024-10-06,2024-10-06 10:06:47,10,card,ANON-0000-0000-0195,25.96,Cortado,Morning,Sun,Oct,7,10
2024-10-06,2024-10-06 11:55:29,11,card,ANON-0000-0000-0716,35.76,Latte,Morning,Sun,Oct,7,10
2024-10-06,2024-10-06 12:09:04,12,card,ANON-0000-0000-0665,35.76,Latte,Afternoon,Sun,Oct,7,10
2024-10-06,2024-10-06 12:10:17,12,card,ANON-0000-0000-0665,35.76,Cappuccino,Afternoon,Sun,Oct,7,10
2024-10-06,2024-10-06 12:11:43,12,card,ANON-0000-0000-0665,30.86,Americano with Milk,Afternoon,Sun,Oct,7,10
2024-10-06,2024-10-06 13:46:04,13,card,ANON-0000-0000-0717,25.96,Americano,Afternoon,Sun,Oct,7,10
2024-10-06,2024-10-06 13:47:02,13,card,ANON-0000-0000-0717,35.76,Cappuccino,Afternoon,Sun,Oct,7,10
2024-10-06,2024-10-06 13:50:00,13,card,ANON-0000-0000-0718,30.86,Americano with Milk,Afternoon,Sun,Oct,7,10
2024-10-06,2024-10-06 13:51:04,13,card,ANON-0000-0000-0718,35.76,Latte,Afternoon,Sun,Oct,7,10
2024-10-06,2024-10-06 13:51:56,13,card,ANON-0000-0000-0718,35.76,Cappuccino,Afternoon,Sun,Oct,7,10
2024-10-06,2024-10-06 16:31:34,16,card,ANON-0000-0000-0719,35.76,Cappuccino,Afternoon,Sun,Oct,7,10
2024-10-06,2024-10-06 16:35:46,16,card,ANON-0000-0000-0720,21.06,Espresso,Afternoon,Sun,Oct,7,10
2024-10-06,2024-10-06 18:17:45,18,card,ANON-0000-0000-0721,30.86,Americano with Milk,Night,Sun,Oct,7,10
2024-10-06,2024-10-06 18:35:16,18,card,ANON-0000-0000-0722,35.76,Hot Chocolate,Night,Sun,Oct,7,10
2024-10-06,2024-10-06 21:09:13,21,card,ANON-0000-0000-0723,35.76,Hot Chocolate,Night,Sun,Oct,7,10
2024-10-06,2024-10-06 21:10:00,21,card,ANON-0000-0000-0723,35.76,Hot Chocolate,Night,Sun,Oct,7,10
2024-10-06,2024-10-06 21:10:45,21,card,ANON-0000-0000-0636,35.76,Hot Chocolate,Night,Sun,Oct,7,10
2024-10-06,2024-10-06 21:16:49,21,card,ANON-0000-0000-0637,35.76,Latte,Night,Sun,Oct,7,10
2024-10-07,2024-10-07 08:33:36,8,card,ANON-0000-0000-0724,35.76,Latte,Morning,Mon,Oct,1,10
2024-10-07,2024-10-07 08:49:36,8,card,ANON-0000-0000-0385,35.76,Latte,Morning,Mon,Oct,1,10
2024-10-07,2024-10-07 08:50:42,8,card,ANON-0000-0000-0385,30.86,Americano with Milk,Morning,Mon,Oct,1,10
2024-10-07,2024-10-07 09:05:28,9,card,ANON-0000-0000-0725,35.76,Cocoa,Morning,Mon,Oct,1,10
2024-10-07,2024-10-07 09:09:58,9,card,ANON-0000-0000-0726,35.76,Latte,Morning,Mon,Oct,1,10
2024-10-07,2024-10-07 12:17:57,12,card,ANON-0000-0000-0727,30.86,Americano with Milk,Afternoon,Mon,Oct,1,10
2024-10-07,2024-10-07 14:31:45,14,card,ANON-0000-0000-0728,25.96,Americano,Afternoon,Mon,Oct,1,10
2024-10-07,2024-10-07 14:32:39,14,card,ANON-0000-0000-0728,25.96,Americano,Afternoon,Mon,Oct,1,10
2024-10-07,2024-10-07 17:48:55,17,card,ANON-0000-0000-0494,35.76,Latte,Night,Mon,Oct,1,10
2024-10-07,2024-10-07 21:14:42,21,card,ANON-0000-0000-0636,35.76,Hot Chocolate,Night,Mon,Oct,1,10
2024-10-07,2024-10-07 21:15:20,21,card,ANON-0000-0000-0636,35.76,Hot Chocolate,Night,Mon,Oct,1,10
2024-10-07,2024-10-07 21:40:49,21,card,ANON-0000-0000-0598,35.76,Latte,Night,Mon,Oct,1,10
2024-10-08,2024-10-08 08:11:51,8,card,ANON-0000-0000-0703,35.76,Latte,Morning,Tue,Oct,2,10
2024-10-08,2024-10-08 09:05:14,9,card,ANON-0000-0000-0276,30.86,Americano with Milk,Morning,Tue,Oct,2,10
2024-10-08,2024-10-08 10:22:31,10,card,ANON-0000-0000-0700,25.96,Americano,Morning,Tue,Oct,2,10
2024-10-08,2024-10-08 10:27:09,10,card,ANON-0000-0000-0683,35.76,Latte,Morning,Tue,Oct,2,10
2024-10-08,2024-10-08 11:30:10,11,card,ANON-0000-0000-0726,35.76,Latte,Morning,Tue,Oct,2,10
2024-10-08,2024-10-08 12:48:05,12,card,ANON-0000-0000-0225,25.96,Americano,Afternoon,Tue,Oct,2,10
2024-10-08,2024-10-08 12:49:05,12,card,ANON-0000-0000-0225,25.96,Americano,Afternoon,Tue,Oct,2,10
2024-10-08,2024-10-08 13:04:01,13,card,ANON-0000-0000-0729,35.76,Latte,Afternoon,Tue,Oct,2,10
2024-10-08,2024-10-08 13:04:59,13,card,ANON-0000-0000-0729,35.76,Latte,Afternoon,Tue,Oct,2,10
2024-10-08,2024-10-08 14:42:52,14,card,ANON-0000-0000-0507,35.76,Latte,Afternoon,Tue,Oct,2,10
2024-10-08,2024-10-08 15:13:41,15,card,ANON-0000-0000-0475,35.76,Latte,Afternoon,Tue,Oct,2,10
2024-10-08,2024-10-08 15:19:52,15,card,ANON-0000-0000-0050,25.96,Americano,Afternoon,Tue,Oct,2,10
2024-10-08,2024-10-08 15:50:43,15,card,ANON-0000-0000-0730,30.86,Americano with Milk,Afternoon,Tue,Oct,2,10
2024-10-08,2024-10-08 20:40:40,20,card,ANON-0000-0000-0731,35.76,Hot Chocolate,Night,Tue,Oct,2,10
2024-10-08,2024-10-08 20:41:33,20,card,ANON-0000-0000-0731,35.76,Cappuccino,Night,Tue,Oct,2,10
2024-10-08,2024-10-08 20:51:09,20,card,ANON-0000-0000-0732,35.76,Latte,Night,Tue,Oct,2,10
2024-10-08,2024-10-08 21:24:32,21,card,ANON-0000-0000-0040,30.86,Americano with Milk,Night,Tue,Oct,2,10
2024-10-08,2024-10-08 21:25:32,21,card,ANON-0000-0000-0040,30.86,Americano with Milk,Night,Tue,Oct,2,10
2024-10-09,2024-10-09 07:54:43,7,card,ANON-0000-0000-0570,35.76,Latte,Morning,Wed,Oct,3,10
2024-10-09,2024-10-09 08:25:58,8,card,ANON-0000-0000-0276,30.86,Americano with Milk,Morning,Wed,Oct,3,10
2024-10-09,2024-10-09 09:43:21,9,card,ANON-0000-0000-0424,30.86,Americano with Milk,Morning,Wed,Oct,3,10
2024-10-09,2024-10-09 09:59:40,9,card,ANON-0000-0000-0494,35.76,Latte,Morning,Wed,Oct,3,10
2024-10-09,2024-10-09 10:37:57,10,card,ANON-0000-0000-0733,21.06,Espresso,Morning,Wed,Oct,3,10
2024-10-09,2024-10-09 11:18:02,11,card,ANON-0000-0000-0734,25.96,Americano,Morning,Wed,Oct,3,10
2024-10-09,2024-10-09 13:03:09,13,card,ANON-0000-0000-0726,35.76,Latte,Afternoon,Wed,Oct,3,10
2024-10-09,2024-10-09 13:52:35,13,card,ANON-0000-0000-0735,30.86,Americano with Milk,Afternoon,Wed,Oct,3,10
2024-10-09,2024-10-09 17:26:44,17,card,ANON-0000-0000-0658,35.76,Cappuccino,Night,Wed,Oct,3,10
2024-10-09,2024-10-09 17:27:49,17,card,ANON-0000-0000-0658,25.96,Americano,Night,Wed,Oct,3,10
2024-10-09,2024-10-09 17:50:00,17,card,ANON-0000-0000-0736,21.06,Espresso,Night,Wed,Oct,3,10
2024-10-09,2024-10-09 20:49:12,20,card,ANON-0000-0000-0737,35.76,Cappuccino,Night,Wed,Oct,3,10
2024-10-10,2024-10-10 08:48:07,8,card,ANON-0000-0000-0003,25.96,Americano,Morning,Thu,Oct,4,10
2024-10-10,2024-10-10 09:23:20,9,card,ANON-0000-0000-0276,30.86,Americano with Milk,Morning,Thu,Oct,4,10
2024-10-10,2024-10-10 09:51:44,9,card,ANON-0000-0000-0738,35.76,Hot Chocolate,Morning,Thu,Oct,4,10
2024-10-10,2024-10-10 10:05:09,10,card,ANON-0000-0000-0375,35.76,Latte,Morning,Thu,Oct,4,10
2024-10-10,2024-10-10 10:42:43,10,card,ANON-0000-0000-0141,25.96,Cortado,Morning,Thu,Oct,4,10
2024-10-10,2024-10-10 10:43:30,10,card,ANON-0000-0000-0141,25.96,Cortado,Morning,Thu,Oct,4,10
2024-10-10,2024-10-10 10:55:33,10,card,ANON-0000-0000-0739,35.76,Latte,Morning,Thu,Oct,4,10
2024-10-10,2024-10-10 11:04:19,11,card,ANON-0000-0000-0740,35.76,Latte,Morning,Thu,Oct,4,10
2024-10-10,2024-10-10 15:05:43,15,card,ANON-0000-0000-0510,35.76,Cappuccino,Afternoon,Thu,Oct,4,10
2024-10-10,2024-10-10 17:40:44,17,card,ANON-0000-0000-0741,35.76,Latte,Night,Thu,Oct,4,10
2024-10-10,2024-10-10 18:18:33,18,card,ANON-0000-0000-0742,25.96,Americano,Night,Thu,Oct,4,10
2024-10-10,2024-10-10 18:56:31,18,card,ANON-0000-0000-0713,30.86,Americano with Milk,Night,Thu,Oct,4,10
2024-10-10,2024-10-10 18:57:35,18,card,ANON-0000-0000-0713,35.76,Latte,Night,Thu,Oct,4,10
2024-10-10,2024-10-10 22:33:17,22,card,ANON-0000-0000-0637,35.76,Hot Chocolate,Night,Thu,Oct,4,10
2024-10-10,2024-10-10 22:34:00,22,card,ANON-0000-0000-0637,35.76,Hot Chocolate,Night,Thu,Oct,4,10
2024-10-11,2024-10-11 07:54:52,7,card,ANON-0000-0000-0276,30.86,Americano with Milk,Morning,Fri,Oct,5,10
2024-10-11,2024-10-11 08:00:51,8,card,ANON-0000-0000-0703,35.76,Latte,Morning,Fri,Oct,5,10
2024-10-11,2024-10-11 08:12:20,8,card,ANON-0000-0000-0141,25.96,Cortado,Morning,Fri,Oct,5,10
2024-10-11,2024-10-11 08:28:19,8,card,ANON-0000-0000-0570,35.76,Latte,Morning,Fri,Oct,5,10
2024-10-11,2024-10-11 08:29:22,8,card,ANON-0000-0000-0570,35.76,Cocoa,Morning,Fri,Oct,5,10
2024-10-11,2024-10-11 08:55:44,8,card,ANON-0000-0000-0725,35.76,Cocoa,Morning,Fri,Oct,5,10
2024-10-11,2024-10-11 08:56:59,8,card,ANON-0000-0000-0726,30.86,Americano with Milk,Morning,Fri,Oct,5,10
2024-10-11,2024-10-11 08:58:09,8,card,ANON-0000-0000-0743,35.76,Hot Chocolate,Morning,Fri,Oct,5,10
2024-10-11,2024-10-11 09:31:42,9,card,ANON-0000-0000-0744,30.86,Americano with Milk,Morning,Fri,Oct,5,10
2024-10-11,2024-10-11 09:38:47,9,card,ANON-0000-0000-0402,25.96,Cortado,Morning,Fri,Oct,5,10
2024-10-11,2024-10-11 10:00:40,10,card,ANON-0000-0000-0375,25.96,Americano,Morning,Fri,Oct,5,10
2024-10-11,2024-10-11 10:01:55,10,card,ANON-0000-0000-0375,25.96,Americano,Morning,Fri,Oct,5,10
2024-10-11,2024-10-11 10:30:36,10,card,ANON-0000-0000-0242,30.86,Americano with Milk,Morning,Fri,Oct,5,10
2024-10-11,2024-10-11 13:05:01,13,card,ANON-0000-0000-0740,35.76,Latte,Afternoon,Fri,Oct,5,10
2024-10-11,2024-10-11 13:29:02,13,card,ANON-0000-0000-0012,25.96,Americano,Afternoon,Fri,Oct,5,10
2024-10-11,2024-10-11 13:30:09,13,card,ANON-0000-0000-0012,25.96,Americano,Afternoon,Fri,Oct,5,10
2024-10-11,2024-10-11 14:33:41,14,card,ANON-0000-0000-0745,35.76,Cocoa,Afternoon,Fri,Oct,5,10
2024-10-11,2024-10-11 14:35:29,14,card,ANON-0000-0000-0745,25.96,Americano,Afternoon,Fri,Oct,5,10
2024-10-11,2024-10-11 14:50:09,14,card,ANON-0000-0000-0714,35.76,Cappuccino,Afternoon,Fri,Oct,5,10
2024-10-11,2024-10-11 17:12:07,17,card,ANON-0000-0000-0746,35.76,Latte,Night,Fri,Oct,5,10
2024-10-11,2024-10-11 17:13:22,17,card,ANON-0000-0000-0746,35.76,Hot Chocolate,Night,Fri,Oct,5,10
2024-10-11,2024-10-11 17:26:11,17,card,ANON-0000-0000-0747,35.76,Hot Chocolate,Night,Fri,Oct,5,10
2024-10-11,2024-10-11 21:48:38,21,card,ANON-0000-0000-0690,35.76,Latte,Night,Fri,Oct,5,10
2024-10-11,2024-10-11 21:53:54,21,card,ANON-0000-0000-0748,30.86,Americano with Milk,Night,Fri,Oct,5,10
2024-10-11,2024-10-11 22:36:28,22,card,ANON-0000-0000-0749,35.76,Hot Chocolate,Night,Fri,Oct,5,10
2024-10-11,2024-10-11 22:37:27,22,card,ANON-0000-0000-0749,35.76,Hot Chocolate,Night,Fri,Oct,5,10
2024-10-12,2024-10-12 08:28:16,8,card,ANON-0000-0000-0141,25.96,Cortado,Morning,Sat,Oct,6,10
2024-10-12,2024-10-12 10:31:39,10,card,ANON-0000-0000-0650,25.96,Cortado,Morning,Sat,Oct,6,10
2024-10-12,2024-10-12 10:32:56,10,card,ANON-0000-0000-0650,25.96,Cortado,Morning,Sat,Oct,6,10
2024-10-12,2024-10-12 11:52:15,11,card,ANON-0000-0000-0507,35.76,Latte,Morning,Sat,Oct,6,10
2024-10-12,2024-10-12 11:53:41,11,card,ANON-0000-0000-0750,30.86,Americano with Milk,Morning,Sat,Oct,6,10
2024-10-12,2024-10-12 13:18:47,13,card,ANON-0000-0000-0751,35.76,Cappuccino,Afternoon,Sat,Oct,6,10
2024-10-12,2024-10-12 20:10:54,20,card,ANON-0000-0000-0507,35.76,Latte,Night,Sat,Oct,6,10
2024-10-13,2024-10-13 09:54:55,9,card,ANON-0000-0000-0141,25.96,Cortado,Morning,Sun,Oct,7,10
2024-10-13,2024-10-13 12:20:47,12,card,ANON-0000-0000-0752,30.86,Americano with Milk,Afternoon,Sun,Oct,7,10
2024-10-13,2024-10-13 13:32:30,13,card,ANON-0000-0000-0650,25.96,Cortado,Afternoon,Sun,Oct,7,10
2024-10-13,2024-10-13 13:33:29,13,card,ANON-0000-0000-0650,21.06,Espresso,Afternoon,Sun,Oct,7,10
2024-10-13,2024-10-13 13:34:26,13,card,ANON-0000-0000-0650,25.96,Cortado,Afternoon,Sun,Oct,7,10
2024-10-13,2024-10-13 17:53:21,17,card,ANON-0000-0000-0507,35.76,Latte,Night,Sun,Oct,7,10
2024-10-13,2024-10-13 17:54:22,17,card,ANON-0000-0000-0507,35.76,Latte,Night,Sun,Oct,7,10
2024-10-13,2024-10-13 18:22:59,18,card,ANON-0000-0000-0753,35.76,Cappuccino,Night,Sun,Oct,7,10
2024-10-13,2024-10-13 20:43:05,20,card,ANON-0000-0000-0257,35.76,Cappuccino,Night,Sun,Oct,7,10
2024-10-14,2024-10-14 08:26:55,8,card,ANON-0000-0000-0276,30.86,Americano with Milk,Morning,Mon,Oct,1,10
2024-10-14,2024-10-14 09:49:55,9,card,ANON-0000-0000-0754,35.76,Cocoa,Morning,Mon,Oct,1,10
2024-10-14,2024-10-14 10:27:51,10,card,ANON-0000-0000-0141,25.96,Cortado,Morning,Mon,Oct,1,10
2024-10-14,2024-10-14 10:38:07,10,card,ANON-0000-0000-0440,35.76,Latte,Morning,Mon,Oct,1,10
2024-10-14,2024-10-14 10:39:14,10,card,ANON-0000-0000-0440,35.76,Latte,Morning,Mon,Oct,1,10
2024-10-14,2024-10-14 11:23:51,11,card,ANON-0000-0000-0755,35.76,Cappuccino,Morning,Mon,Oct,1,10
2024-10-14,2024-10-14 11:25:37,11,card,ANON-0000-0000-0225,25.96,Americano,Morning,Mon,Oct,1,10
2024-10-14,2024-10-14 11:26:45,11,card,ANON-0000-0000-0225,25.96,Americano,Morning,Mon,Oct,1,10
2024-10-14,2024-10-14 14:36:07,14,card,ANON-0000-0000-0756,35.76,Latte,Afternoon,Mon,Oct,1,10
2024-10-14,2024-10-14 14:49:51,14,card,ANON-0000-0000-0507,35.76,Latte,Afternoon,Mon,Oct,1,10
2024-10-14,2024-10-14 16:37:47,16,card,ANON-0000-0000-0757,25.96,Americano,Afternoon,Mon,Oct,1,10
2024-10-14,2024-10-14 18:19:19,18,card,ANON-0000-0000-0758,35.76,Latte,Night,Mon,Oct,1,10
2024-10-14,2024-10-14 18:20:21,18,card,ANON-0000-0000-0758,35.76,Cappuccino,Night,Mon,Oct,1,10
2024-10-14,2024-10-14 22:08:54,22,card,ANON-0000-0000-0759,35.76,Latte,Night,Mon,Oct,1,10
2024-10-14,2024-10-14 22:10:24,22,card,ANON-0000-0000-0760,35.76,Latte,Night,Mon,Oct,1,10
2024-10-14,2024-10-14 22:21:54,22,card,ANON-0000-0000-0510,35.76,Latte,Night,Mon,Oct,1,10
2024-10-15,2024-10-15 08:14:29,8,card,ANON-0000-0000-0141,25.96,Cortado,Morning,Tue,Oct,2,10
2024-10-15,2024-10-15 08:34:18,8,card,ANON-0000-0000-0761,21.06,Espresso,Morning,Tue,Oct,2,10
2024-10-15,2024-10-15 11:13:22,11,card,ANON-0000-0000-0762,35.76,Hot Chocolate,Morning,Tue,Oct,2,10
2024-10-15,2024-10-15 11:15:21,11,card,ANON-0000-0000-0736,35.76,Latte,Morning,Tue,Oct,2,10
2024-10-15,2024-10-15 11:16:27,11,card,ANON-0000-0000-0736,35.76,Hot Chocolate,Morning,Tue,Oct,2,10
2024-10-15,2024-10-15 13:00:43,13,card,ANON-0000-0000-0763,35.76,Latte,Afternoon,Tue,Oct,2,10
2024-10-15,2024-10-15 13:15:45,13,card,ANON-0000-0000-0764,30.86,Americano with Milk,Afternoon,Tue,Oct,2,10
2024-10-15,2024-10-15 15:32:11,15,card,ANON-0000-0000-0683,35.76,Latte,Afternoon,Tue,Oct,2,10
2024-10-15,2024-10-15 15:54:17,15,card,ANON-0000-0000-0765,25.96,Americano,Afternoon,Tue,Oct,2,10
2024-10-15,2024-10-15 15:55:19,15,card,ANON-0000-0000-0765,21.06,Espresso,Afternoon,Tue,Oct,2,10
2024-10-15,2024-10-15 17:04:11,17,card,ANON-0000-0000-0766,35.76,Hot Chocolate,Night,Tue,Oct,2,10
2024-10-15,2024-10-15 19:22:21,19,card,ANON-0000-0000-0767,25.96,Americano,Night,Tue,Oct,2,10
2024-10-15,2024-10-15 19:23:17,19,card,ANON-0000-0000-0767,35.76,Cocoa,Night,Tue,Oct,2,10
2024-10-15,2024-10-15 20:11:15,20,card,ANON-0000-0000-0507,35.76,Latte,Night,Tue,Oct,2,10
2024-10-15,2024-10-15 20:12:29,20,card,ANON-0000-0000-0507,35.76,Latte,Night,Tue,Oct,2,10
2024-10-15,2024-10-15 21:18:08,21,card,ANON-0000-0000-0040,35.76,Hot Chocolate,Night,Tue,Oct,2,10
2024-10-15,2024-10-15 21:35:20,21,card,ANON-0000-0000-0040,35.76,Hot Chocolate,Night,Tue,Oct,2,10
2024-10-15,2024-10-15 22:15:20,22,card,ANON-0000-0000-0690,35.76,Latte,Night,Tue,Oct,2,10
2024-10-16,2024-10-16 08:21:26,8,card,ANON-0000-0000-0276,30.86,Americano with Milk,Morning,Wed,Oct,3,10
2024-10-16,2024-10-16 08:36:24,8,card,ANON-0000-0000-0696,35.76,Hot Chocolate,Morning,Wed,Oct,3,10
2024-10-16,2024-10-16 09:25:51,9,card,ANON-0000-0000-0570,35.76,Latte,Morning,Wed,Oct,3,10
2024-10-16,2024-10-16 10:15:48,10,card,ANON-0000-0000-0571,30.86,Americano with Milk,Morning,Wed,Oct,3,10
2024-10-16,2024-10-16 10:16:54,10,card,ANON-0000-0000-0571,30.86,Americano with Milk,Morning,Wed,Oct,3,10
2024-10-16,2024-10-16 10:45:25,10,card,ANON-0000-0000-0333,30.86,Americano with Milk,Morning,Wed,Oct,3,10
2024-10-16,2024-10-16 11:49:45,11,card,ANON-0000-0000-0768,25.96,Americano,Morning,Wed,Oct,3,10
2024-10-16,2024-10-16 12:29:44,12,card,ANON-0000-0000-0769,30.86,Americano with Milk,Afternoon,Wed,Oct,3,10
2024-10-16,2024-10-16 13:20:10,13,card,ANON-0000-0000-0764,25.96,Americano,Afternoon,Wed,Oct,3,10
2024-10-16,2024-10-16 16:45:30,16,card,ANON-0000-0000-0770,35.76,Latte,Afternoon,Wed,Oct,3,10
2024-10-16,2024-10-16 17:43:21,17,card,ANON-0000-0000-0510,30.86,Americano with Milk,Night,Wed,Oct,3,10
2024-10-16,2024-10-16 19:37:42,19,card,ANON-0000-0000-0771,30.86,Americano with Milk,Night,Wed,Oct,3,10
2024-10-16,2024-10-16 19:38:37,19,card,ANON-0000-0000-0771,30.86,Americano with Milk,Night,Wed,Oct,3,10
2024-10-16,2024-10-16 21:20:29,21,card,ANON-0000-0000-0772,35.76,Hot Chocolate,Night,Wed,Oct,3,10
2024-10-17,2024-10-17 07:47:01,7,card,ANON-0000-0000-0696,35.76,Latte,Morning,Thu,Oct,4,10
2024-10-17,2024-10-17 07:58:07,7,card,ANON-0000-0000-0570,35.76,Latte,Morning,Thu,Oct,4,10
2024-10-17,2024-10-17 09:24:27,9,card,ANON-0000-0000-0773,30.86,Americano with Milk,Morning,Thu,Oct,4,10
2024-10-17,2024-10-17 10:26:38,10,card,ANON-0000-0000-0510,35.76,Latte,Morning,Thu,Oct,4,10
2024-10-17,2024-10-17 10:44:54,10,card,ANON-0000-0000-0313,35.76,Hot Chocolate,Morning,Thu,Oct,4,10
2024-10-17,2024-10-17 11:59:27,11,card,ANON-0000-0000-0774,30.86,Americano with Milk,Morning,Thu,Oct,4,10
2024-10-17,2024-10-17 13:57:25,13,card,ANON-0000-0000-0775,35.76,Latte,Afternoon,Thu,Oct,4,10
2024-10-17,2024-10-17 14:34:43,14,card,ANON-0000-0000-0776,25.96,Americano,Afternoon,Thu,Oct,4,10
2024-10-17,2024-10-17 16:37:13,16,card,ANON-0000-0000-0702,35.76,Hot Chocolate,Afternoon,Thu,Oct,4,10
2024-10-17,2024-10-17 16:38:18,16,card,ANON-0000-0000-0702,35.76,Hot Chocolate,Afternoon,Thu,Oct,4,10
2024-10-17,2024-10-17 16:39:10,16,card,ANON-0000-0000-0702,35.76,Latte,Afternoon,Thu,Oct,4,10
2024-10-17,2024-10-17 16:48:36,16,card,ANON-0000-0000-0777,35.76,Hot Chocolate,Afternoon,Thu,Oct,4,10
2024-10-17,2024-10-17 16:49:33,16,card,ANON-0000-0000-0777,35.76,Hot Chocolate,Afternoon,Thu,Oct,4,10
2024-10-17,2024-10-17 17:08:28,17,card,ANON-0000-0000-0258,35.76,Cappuccino,Night,Thu,Oct,4,10
2024-10-17,2024-10-17 17:09:30,17,card,ANON-0000-0000-0258,35.76,Hot Chocolate,Night,Thu,Oct,4,10
2024-10-17,2024-10-17 19:43:12,19,card,ANON-0000-0000-0507,35.76,Latte,Night,Thu,Oct,4,10
2024-10-17,2024-10-17 20:11:36,20,card,ANON-0000-0000-0778,30.86,Americano with Milk,Night,Thu,Oct,4,10
2024-10-17,2024-10-17 21:46:13,21,card,ANON-0000-0000-0779,35.76,Latte,Night,Thu,Oct,4,10
2024-10-17,2024-10-17 21:47:20,21,card,ANON-0000-0000-0779,35.76,Latte,Night,Thu,Oct,4,10
2024-10-17,2024-10-17 21:48:32,21,card,ANON-0000-0000-0779,35.76,Latte,Night,Thu,Oct,4,10
2024-10-17,2024-10-17 21:49:55,21,card,ANON-0000-0000-0779,35.76,Hot Chocolate,Night,Thu,Oct,4,10
2024-10-18,2024-10-18 08:41:59,8,card,ANON-0000-0000-0012,35.76,Cocoa,Morning,Fri,Oct,5,10
2024-10-18,2024-10-18 08:42:59,8,card,ANON-0000-0000-0054,35.76,Cocoa,Morning,Fri,Oct,5,10
2024-10-18,2024-10-18 09:32:42,9,card,ANON-0000-0000-0003,35.76,Cocoa,Morning,Fri,Oct,5,10
2024-10-18,2024-10-18 09:34:08,9,card,ANON-0000-0000-0003,35.76,Cocoa,Morning,Fri,Oct,5,10
2024-10-18,2024-10-18 09:55:20,9,card,ANON-0000-0000-0780,35.76,Cappuccino,Morning,Fri,Oct,5,10
2024-10-18,2024-10-18 11:54:59,11,card,ANON-0000-0000-0780,35.76,Cappuccino,Morning,Fri,Oct,5,10
2024-10-18,2024-10-18 14:51:04,14,card,ANON-0000-0000-0781,35.76,Latte,Afternoon,Fri,Oct,5,10
2024-10-18,2024-10-18 14:52:15,14,card,ANON-0000-0000-0781,35.76,Cappuccino,Afternoon,Fri,Oct,5,10
2024-10-18,2024-10-18 15:39:20,15,card,ANON-0000-0000-0683,25.96,Americano,Afternoon,Fri,Oct,5,10
2024-10-18,2024-10-18 16:09:58,16,card,ANON-0000-0000-0782,35.76,Latte,Afternoon,Fri,Oct,5,10
2024-10-18,2024-10-18 17:45:39,17,card,ANON-0000-0000-0783,35.76,Hot Chocolate,Night,Fri,Oct,5,10
2024-10-18,2024-10-18 21:14:40,21,card,ANON-0000-0000-0012,35.76,Cocoa,Night,Fri,Oct,5,10
2024-10-18,2024-10-18 21:15:23,21,card,ANON-0000-0000-0012,35.76,Cocoa,Night,Fri,Oct,5,10
2024-10-18,2024-10-18 21:52:23,21,card,ANON-0000-0000-0784,30.86,Americano with Milk,Night,Fri,Oct,5,10
2024-10-18,2024-10-18 22:03:27,22,card,ANON-0000-0000-0690,35.76,Latte,Night,Fri,Oct,5,10
2024-10-19,2024-10-19 08:34:14,8,card,ANON-0000-0000-0785,30.86,Americano with Milk,Morning,Sat,Oct,6,10
2024-10-19,2024-10-19 13:22:06,13,card,ANON-0000-0000-0019,35.76,Latte,Afternoon,Sat,Oct,6,10
2024-10-19,2024-10-19 14:10:33,14,card,ANON-0000-0000-0355,35.76,Cappuccino,Afternoon,Sat,Oct,6,10
2024-10-19,2024-10-19 15:56:55,15,card,ANON-0000-0000-0507,35.76,Hot Chocolate,Afternoon,Sat,Oct,6,10
2024-10-19,2024-10-19 15:59:24,15,card,ANON-0000-0000-0507,35.76,Latte,Afternoon,Sat,Oct,6,10
2024-10-19,2024-10-19 16:02:46,16,card,ANON-0000-0000-0494,35.76,Latte,Afternoon,Sat,Oct,6,10
2024-10-19,2024-10-19 16:17:43,16,card,ANON-0000-0000-0696,35.76,Latte,Afternoon,Sat,Oct,6,10
2024-10-19,2024-10-19 21:46:46,21,card,ANON-0000-0000-0690,35.76,Cocoa,Night,Sat,Oct,6,10
2024-10-19,2024-10-19 22:46:38,22,card,ANON-0000-0000-0786,35.76,Cappuccino,Night,Sat,Oct,6,10
2024-10-20,2024-10-20 08:40:44,8,card,ANON-0000-0000-0570,35.76,Latte,Morning,Sun,Oct,7,10
2024-10-20,2024-10-20 08:41:50,8,card,ANON-0000-0000-0570,35.76,Cocoa,Morning,Sun,Oct,7,10
2024-10-20,2024-10-20 11:16:52,11,card,ANON-0000-0000-0787,35.76,Latte,Morning,Sun,Oct,7,10
2024-10-20,2024-10-20 14:28:46,14,card,ANON-0000-0000-0650,35.76,Hot Chocolate,Afternoon,Sun,Oct,7,10
2024-10-20,2024-10-20 14:29:44,14,card,ANON-0000-0000-0650,25.96,Cortado,Afternoon,Sun,Oct,7,10
2024-10-20,2024-10-20 15:52:45,15,card,ANON-0000-0000-0455,30.86,Americano with Milk,Afternoon,Sun,Oct,7,10
2024-10-20,2024-10-20 16:45:10,16,card,ANON-0000-0000-0788,35.76,Latte,Afternoon,Sun,Oct,7,10
2024-10-20,2024-10-20 16:46:05,16,card,ANON-0000-0000-0788,35.76,Latte,Afternoon,Sun,Oct,7,10
2024-10-20,2024-10-20 17:27:06,17,card,ANON-0000-0000-0507,35.76,Latte,Night,Sun,Oct,7,10
2024-10-20,2024-10-20 18:34:16,18,card,ANON-0000-0000-0012,35.76,Cocoa,Night,Sun,Oct,7,10
2024-10-20,2024-10-20 18:35:08,18,card,ANON-0000-0000-0012,35.76,Cocoa,Night,Sun,Oct,7,10
2024-10-20,2024-10-20 21:14:18,21,card,ANON-0000-0000-0789,35.76,Hot Chocolate,Night,Sun,Oct,7,10
2024-10-20,2024-10-20 21:15:18,21,card,ANON-0000-0000-0790,25.96,Cortado,Night,Sun,Oct,7,10
2024-10-20,2024-10-20 21:17:27,21,card,ANON-0000-0000-0791,35.76,Cocoa,Night,Sun,Oct,7,10
2024-10-20,2024-10-20 21:25:00,21,card,ANON-0000-0000-0792,35.76,Latte,Night,Sun,Oct,7,10
2024-10-20,2024-10-20 22:17:29,22,card,ANON-0000-0000-0550,35.76,Cappuccino,Night,Sun,Oct,7,10
2024-10-21,2024-10-21 07:48:43,7,card,ANON-0000-0000-0696,35.76,Latte,Morning,Mon,Oct,1,10
2024-10-21,2024-10-21 08:19:56,8,card,ANON-0000-0000-0097,35.76,Latte,Morning,Mon,Oct,1,10
2024-10-21,2024-10-21 09:04:54,9,card,ANON-0000-0000-0385,30.86,Americano with Milk,Morning,Mon,Oct,1,10
2024-10-21,2024-10-21 09:34:26,9,card,ANON-0000-0000-0793,35.76,Latte,Morning,Mon,Oct,1,10
2024-10-21,2024-10-21 10:25:09,10,card,ANON-0000-0000-0700,25.96,Americano,Morning,Mon,Oct,1,10
2024-10-21,2024-10-21 10:41:45,10,card,ANON-0000-0000-0141,25.96,Cortado,Morning,Mon,Oct,1,10
2024-10-21,2024-10-21 10:42:36,10,card,ANON-0000-0000-0141,25.96,Cortado,Morning,Mon,Oct,1,10
2024-10-21,2024-10-21 11:27:42,11,card,ANON-0000-0000-0274,21.06,Espresso,Morning,Mon,Oct,1,10
2024-10-21,2024-10-21 12:40:24,12,card,ANON-0000-0000-0751,35.76,Cappuccino,Afternoon,Mon,Oct,1,10
2024-10-21,2024-10-21 14:42:56,14,card,ANON-0000-0000-0794,35.76,Latte,Afternoon,Mon,Oct,1,10
2024-10-21,2024-10-21 14:43:58,14,card,ANON-0000-0000-0726,35.76,Latte,Afternoon,Mon,Oct,1,10
2024-10-21,2024-10-21 15:27:02,15,card,ANON-0000-0000-0795,30.86,Americano with Milk,Afternoon,Mon,Oct,1,10
2024-10-21,2024-10-21 15:39:05,15,card,ANON-0000-0000-0796,25.96,Cortado,Afternoon,Mon,Oct,1,10
2024-10-21,2024-10-21 16:42:57,16,card,ANON-0000-0000-0225,35.76,Cocoa,Afternoon,Mon,Oct,1,10
2024-10-21,2024-10-21 16:55:23,16,card,ANON-0000-0000-0797,35.76,Latte,Afternoon,Mon,Oct,1,10
2024-10-21,2024-10-21 19:21:13,19,card,ANON-0000-0000-0798,35.76,Hot Chocolate,Night,Mon,Oct,1,10
2024-10-21,2024-10-21 21:05:36,21,card,ANON-0000-0000-0799,35.76,Latte,Night,Mon,Oct,1,10
2024-10-21,2024-10-21 22:30:44,22,card,ANON-0000-0000-0789,35.76,Cocoa,Night,Mon,Oct,1,10
2024-10-21,2024-10-21 22:31:34,22,card,ANON-0000-0000-0791,35.76,Hot Chocolate,Night,Mon,Oct,1,10
2024-10-22,2024-10-22 07:33:00,7,card,ANON-0000-0000-0696,35.76,Latte,Morning,Tue,Oct,2,10
2024-10-22,2024-10-22 07:34:00,7,card,ANON-0000-0000-0696,35.76,Cappuccino,Morning,Tue,Oct,2,10
2024-10-22,2024-10-22 08:25:32,8,card,ANON-0000-0000-0276,30.86,Americano with Milk,Morning,Tue,Oct,2,10
2024-10-22,2024-10-22 09:17:50,9,card,ANON-0000-0000-0800,25.96,Cortado,Morning,Tue,Oct,2,10
2024-10-22,2024-10-22 10:51:32,10,card,ANON-0000-0000-0402,21.06,Espresso,Morning,Tue,Oct,2,10
2024-10-22,2024-10-22 10:52:17,10,card,ANON-0000-0000-0402,25.96,Cortado,Morning,Tue,Oct,2,10
2024-10-22,2024-10-22 18:07:03,18,card,ANON-0000-0000-0801,25.96,Americano,Night,Tue,Oct,2,10
2024-10-22,2024-10-22 19:46:39,19,card,ANON-0000-0000-0507,35.76,Hot Chocolate,Night,Tue,Oct,2,10
2024-10-22,2024-10-22 19:47:50,19,card,ANON-0000-0000-0507,35.76,Latte,Night,Tue,Oct,2,10
2024-10-23,2024-10-23 07:58:07,7,card,ANON-0000-0000-0696,35.76,Latte,Morning,Wed,Oct,3,10
2024-10-23,2024-10-23 08:45:15,8,card,ANON-0000-0000-0276,30.86,Americano with Milk,Morning,Wed,Oct,3,10
2024-10-23,2024-10-23 10:24:58,10,card,ANON-0000-0000-0141,25.96,Cortado,Morning,Wed,Oct,3,10
2024-10-23,2024-10-23 12:31:05,12,card,ANON-0000-0000-0802,30.86,Americano with Milk,Afternoon,Wed,Oct,3,10
2024-10-23,2024-10-23 16:20:02,16,card,ANON-0000-0000-0803,30.86,Americano with Milk,Afternoon,Wed,Oct,3,10
2024-10-23,2024-10-23 16:21:09,16,card,ANON-0000-0000-0803,30.86,Americano with Milk,Afternoon,Wed,Oct,3,10
2024-10-23,2024-10-23 16:42:30,16,card,ANON-0000-0000-0804,35.76,Cappuccino,Afternoon,Wed,Oct,3,10
2024-10-23,2024-10-23 17:02:46,17,card,ANON-0000-0000-0805,21.06,Espresso,Night,Wed,Oct,3,10
2024-10-23,2024-10-23 18:58:59,18,card,ANON-0000-0000-0040,35.76,Cocoa,Night,Wed,Oct,3,10
2024-10-23,2024-10-23 19:00:43,19,card,ANON-0000-0000-0040,35.76,Cappuccino,Night,Wed,Oct,3,10
2024-10-23,2024-10-23 21:57:21,21,card,ANON-0000-0000-0518,30.86,Americano with Milk,Night,Wed,Oct,3,10
2024-10-23,2024-10-23 21:58:24,21,card,ANON-0000-0000-0806,35.76,Hot Chocolate,Night,Wed,Oct,3,10
2024-10-23,2024-10-23 22:23:38,22,card,ANON-0000-0000-0807,35.76,Latte,Night,Wed,Oct,3,10
2024-10-24,2024-10-24 12:07:47,12,card,ANON-0000-0000-0808,25.96,Americano,Afternoon,Thu,Oct,4,10
2024-10-24,2024-10-24 13:24:00,13,card,ANON-0000-0000-0809,35.76,Cappuccino,Afternoon,Thu,Oct,4,10
2024-10-24,2024-10-24 14:09:47,14,card,ANON-0000-0000-0804,35.76,Cappuccino,Afternoon,Thu,Oct,4,10
2024-10-24,2024-10-24 14:49:02,14,card,ANON-0000-0000-0810,35.76,Hot Chocolate,Afternoon,Thu,Oct,4,10
2024-10-24,2024-10-24 14:49:49,14,card,ANON-0000-0000-0810,35.76,Latte,Afternoon,Thu,Oct,4,10
2024-10-24,2024-10-24 15:47:33,15,card,ANON-0000-0000-0788,35.76,Latte,Afternoon,Thu,Oct,4,10
2024-10-24,2024-10-24 15:48:30,15,card,ANON-0000-0000-0788,35.76,Latte,Afternoon,Thu,Oct,4,10
2024-10-24,2024-10-24 18:53:47,18,card,ANON-0000-0000-0811,25.96,Americano,Night,Thu,Oct,4,10
2024-10-24,2024-10-24 18:55:08,18,card,ANON-0000-0000-0811,25.96,Americano,Night,Thu,Oct,4,10
2024-10-24,2024-10-24 19:50:19,19,card,ANON-0000-0000-0507,35.76,Latte,Night,Thu,Oct,4,10
2024-10-24,2024-10-24 20:44:11,20,card,ANON-0000-0000-0812,25.96,Americano,Night,Thu,Oct,4,10
2024-10-24,2024-10-24 21:14:45,21,card,ANON-0000-0000-0813,35.76,Hot Chocolate,Night,Thu,Oct,4,10
2024-10-24,2024-10-24 21:15:29,21,card,ANON-0000-0000-0813,35.76,Hot Chocolate,Night,Thu,Oct,4,10
2024-10-24,2024-10-24 21:56:20,21,card,ANON-0000-0000-0637,35.76,Hot Chocolate,Night,Thu,Oct,4,10
2024-10-24,2024-10-24 21:57:10,21,card,ANON-0000-0000-0637,35.76,Cappuccino,Night,Thu,Oct,4,10
2024-10-25,2024-10-25 07:38:11,7,card,ANON-0000-0000-0696,35.76,Cappuccino,Morning,Fri,Oct,5,10
2024-10-25,2024-10-25 07:45:23,7,card,ANON-0000-0000-0402,21.06,Espresso,Morning,Fri,Oct,5,10
2024-10-25,2024-10-25 08:10:05,8,card,ANON-0000-0000-0570,35.76,Cocoa,Morning,Fri,Oct,5,10
2024-10-25,2024-10-25 08:10:55,8,card,ANON-0000-0000-0570,35.76,Latte,Morning,Fri,Oct,5,10
2024-10-25,2024-10-25 08:18:50,8,card,ANON-0000-0000-0084,35.76,Cocoa,Morning,Fri,Oct,5,10
2024-10-25,2024-10-25 10:03:28,10,card,ANON-0000-0000-0683,25.96,Americano,Morning,Fri,Oct,5,10
2024-10-25,2024-10-25 10:05:21,10,card,ANON-0000-0000-0683,25.96,Americano,Morning,Fri,Oct,5,10
2024-10-25,2024-10-25 10:51:01,10,card,ANON-0000-0000-0276,30.86,Americano with Milk,Morning,Fri,Oct,5,10
2024-10-25,2024-10-25 11:49:43,11,card,ANON-0000-0000-0012,35.76,Cocoa,Morning,Fri,Oct,5,10
2024-10-25,2024-10-25 11:50:30,11,card,ANON-0000-0000-0012,35.76,Cocoa,Morning,Fri,Oct,5,10
2024-10-25,2024-10-25 12:06:50,12,card,ANON-0000-0000-0141,25.96,Cortado,Afternoon,Fri,Oct,5,10
2024-10-25,2024-10-25 12:40:37,12,card,ANON-0000-0000-0814,35.76,Latte,Afternoon,Fri,Oct,5,10
2024-10-25,2024-10-25 14:23:17,14,card,ANON-0000-0000-0137,35.76,Cappuccino,Afternoon,Fri,Oct,5,10
2024-10-25,2024-10-25 22:19:24,22,card,ANON-0000-0000-0815,35.76,Hot Chocolate,Night,Fri,Oct,5,10
2024-10-25,2024-10-25 22:22:32,22,card,ANON-0000-0000-0815,21.06,Espresso,Night,Fri,Oct,5,10
2024-10-26,2024-10-26 07:49:59,7,card,ANON-0000-0000-0682,35.76,Cappuccino,Morning,Sat,Oct,6,10
2024-10-26,2024-10-26 08:41:45,8,card,ANON-0000-0000-0141,25.96,Cortado,Morning,Sat,Oct,6,10
2024-10-26,2024-10-26 08:53:00,8,card,ANON-0000-0000-0334,35.76,Cappuccino,Morning,Sat,Oct,6,10
2024-10-26,2024-10-26 10:24:38,10,card,ANON-0000-0000-0816,25.96,Americano,Morning,Sat,Oct,6,10
2024-10-26,2024-10-26 12:18:09,12,card,ANON-0000-0000-0040,35.76,Cocoa,Afternoon,Sat,Oct,6,10
2024-10-26,2024-10-26 13:03:31,13,card,ANON-0000-0000-0817,35.76,Latte,Afternoon,Sat,Oct,6,10
2024-10-26,2024-10-26 14:34:59,14,card,ANON-0000-0000-0276,35.76,Latte,Afternoon,Sat,Oct,6,10
2024-10-26,2024-10-26 14:36:15,14,card,ANON-0000-0000-0276,30.86,Americano with Milk,Afternoon,Sat,Oct,6,10
2024-10-26,2024-10-26 15:05:22,15,card,ANON-0000-0000-0141,25.96,Cortado,Afternoon,Sat,Oct,6,10
2024-10-26,2024-10-26 15:06:19,15,card,ANON-0000-0000-0141,25.96,Cortado,Afternoon,Sat,Oct,6,10
2024-10-26,2024-10-26 15:38:29,15,card,ANON-0000-0000-0818,35.76,Latte,Afternoon,Sat,Oct,6,10
2024-10-26,2024-10-26 15:39:30,15,card,ANON-0000-0000-0818,35.76,Latte,Afternoon,Sat,Oct,6,10
2024-10-26,2024-10-26 15:52:02,15,card,ANON-0000-0000-0819,30.86,Americano with Milk,Afternoon,Sat,Oct,6,10
2024-10-26,2024-10-26 15:53:22,15,card,ANON-0000-0000-0820,30.86,Americano with Milk,Afternoon,Sat,Oct,6,10
2024-10-26,2024-10-26 19:19:21,19,card,ANON-0000-0000-0715,35.76,Cappuccino,Night,Sat,Oct,6,10
2024-10-26,2024-10-26 20:34:47,20,card,ANON-0000-0000-0821,30.86,Americano with Milk,Night,Sat,Oct,6,10
2024-10-27,2024-10-27 11:01:57,11,card,ANON-0000-0000-0347,30.86,Americano with Milk,Morning,Sun,Oct,7,10
2024-10-27,2024-10-27 12:53:26,12,card,ANON-0000-0000-0276,35.76,Latte,Afternoon,Sun,Oct,7,10
2024-10-27,2024-10-27 12:54:28,12,card,ANON-0000-0000-0276,30.86,Americano with Milk,Afternoon,Sun,Oct,7,10
2024-10-27,2024-10-27 13:43:47,13,card,ANON-0000-0000-0822,35.76,Cappuccino,Afternoon,Sun,Oct,7,10
2024-10-27,2024-10-27 16:17:06,16,card,ANON-0000-0000-0507,35.76,Latte,Afternoon,Sun,Oct,7,10
2024-10-28,2024-10-28 07:46:28,7,card,ANON-0000-0000-0696,35.76,Cappuccino,Morning,Mon,Oct,1,10
2024-10-28,2024-10-28 08:01:12,8,card,ANON-0000-0000-0823,25.96,Americano,Morning,Mon,Oct,1,10
2024-10-28,2024-10-28 08:35:03,8,card,ANON-0000-0000-0683,35.76,Latte,Morning,Mon,Oct,1,10
2024-10-28,2024-10-28 09:15:43,9,card,ANON-0000-0000-0242,30.86,Americano with Milk,Morning,Mon,Oct,1,10
2024-10-28,2024-10-28 11:42:36,11,card,ANON-0000-0000-0824,35.76,Latte,Morning,Mon,Oct,1,10
2024-10-28,2024-10-28 11:43:43,11,card,ANON-0000-0000-0824,35.76,Latte,Morning,Mon,Oct,1,10
2024-10-28,2024-10-28 12:01:36,12,card,ANON-0000-0000-0707,35.76,Hot Chocolate,Afternoon,Mon,Oct,1,10
2024-10-28,2024-10-28 12:02:35,12,card,ANON-0000-0000-0825,30.86,Americano with Milk,Afternoon,Mon,Oct,1,10
2024-10-28,2024-10-28 12:21:30,12,card,ANON-0000-0000-0826,35.76,Cappuccino,Afternoon,Mon,Oct,1,10
2024-10-28,2024-10-28 14:10:55,14,card,ANON-0000-0000-0819,30.86,Americano with Milk,Afternoon,Mon,Oct,1,10
2024-10-28,2024-10-28 14:11:56,14,card,ANON-0000-0000-0819,30.86,Americano with Milk,Afternoon,Mon,Oct,1,10
2024-10-28,2024-10-28 14:31:00,14,card,ANON-0000-0000-0827,30.86,Americano with Milk,Afternoon,Mon,Oct,1,10
2024-10-28,2024-10-28 16:01:21,16,card,ANON-0000-0000-0159,35.76,Latte,Afternoon,Mon,Oct,1,10
2024-10-28,2024-10-28 17:55:18,17,card,ANON-0000-0000-0828,35.76,Cocoa,Night,Mon,Oct,1,10
2024-10-28,2024-10-28 17:56:02,17,card,ANON-0000-0000-0828,35.76,Cocoa,Night,Mon,Oct,1,10
2024-10-28,2024-10-28 19:10:25,19,card,ANON-0000-0000-0257,35.76,Cappuccino,Night,Mon,Oct,1,10
2024-10-28,2024-10-28 21:20:04,21,card,ANON-0000-0000-0329,30.86,Americano with Milk,Night,Mon,Oct,1,10
2024-10-28,2024-10-28 22:05:51,22,card,ANON-0000-0000-0695,30.86,Americano with Milk,Night,Mon,Oct,1,10
2024-10-29,2024-10-29 08:40:52,8,card,ANON-0000-0000-0804,35.76,Latte,Morning,Tue,Oct,2,10
2024-10-29,2024-10-29 08:47:06,8,card,ANON-0000-0000-0683,35.76,Latte,Morning,Tue,Oct,2,10
2024-10-29,2024-10-29 09:31:58,9,card,ANON-0000-0000-0570,35.76,Latte,Morning,Tue,Oct,2,10
2024-10-29,2024-10-29 11:59:47,11,card,ANON-0000-0000-0829,30.86,Americano with Milk,Morning,Tue,Oct,2,10
2024-10-29,2024-10-29 12:21:37,12,card,ANON-0000-0000-0830,21.06,Espresso,Afternoon,Tue,Oct,2,10
2024-10-29,2024-10-29 14:15:44,14,card,ANON-0000-0000-0831,25.96,Cortado,Afternoon,Tue,Oct,2,10
2024-10-29,2024-10-29 14:17:01,14,card,ANON-0000-0000-0831,25.96,Cortado,Afternoon,Tue,Oct,2,10
2024-10-29,2024-10-29 14:37:36,14,card,ANON-0000-0000-0832,35.76,Cappuccino,Afternoon,Tue,Oct,2,10
2024-10-29,2024-10-29 16:09:34,16,card,ANON-0000-0000-0833,35.76,Hot Chocolate,Afternoon,Tue,Oct,2,10
2024-10-29,2024-10-29 16:10:57,16,card,ANON-0000-0000-0834,35.76,Cocoa,Afternoon,Tue,Oct,2,10
2024-10-29,2024-10-29 16:17:33,16,card,ANON-0000-0000-0225,35.76,Cocoa,Afternoon,Tue,Oct,2,10
2024-10-29,2024-10-29 18:02:04,18,card,ANON-0000-0000-0835,30.86,Americano with Milk,Night,Tue,Oct,2,10
2024-10-29,2024-10-29 18:02:57,18,card,ANON-0000-0000-0835,30.86,Americano with Milk,Night,Tue,Oct,2,10
2024-10-29,2024-10-29 19:02:05,19,card,ANON-0000-0000-0836,30.86,Americano with Milk,Night,Tue,Oct,2,10
2024-10-29,2024-10-29 19:05:44,19,card,ANON-0000-0000-0206,35.76,Cappuccino,Night,Tue,Oct,2,10
2024-10-29,2024-10-29 19:51:13,19,card,ANON-0000-0000-0507,35.76,Hot Chocolate,Night,Tue,Oct,2,10
2024-10-29,2024-10-29 19:54:02,19,card,ANON-0000-0000-0507,35.76,Latte,Night,Tue,Oct,2,10
2024-10-29,2024-10-29 20:07:36,20,card,ANON-0000-0000-0799,35.76,Latte,Night,Tue,Oct,2,10
2024-10-30,2024-10-30 07:52:05,7,card,ANON-0000-0000-0703,35.76,Latte,Morning,Wed,Oct,3,10
2024-10-30,2024-10-30 08:46:27,8,card,ANON-0000-0000-0571,30.86,Americano with Milk,Morning,Wed,Oct,3,10
2024-10-30,2024-10-30 08:47:29,8,card,ANON-0000-0000-0571,30.86,Americano with Milk,Morning,Wed,Oct,3,10
2024-10-30,2024-10-30 09:11:29,9,card,ANON-0000-0000-0837,35.76,Latte,Morning,Wed,Oct,3,10
2024-10-30,2024-10-30 10:31:53,10,card,ANON-0000-0000-0838,35.76,Latte,Morning,Wed,Oct,3,10
2024-10-30,2024-10-30 10:33:08,10,card,ANON-0000-0000-0838,35.76,Latte,Morning,Wed,Oct,3,10
2024-10-30,2024-10-30 12:08:46,12,card,ANON-0000-0000-0375,35.76,Latte,Afternoon,Wed,Oct,3,10
2024-10-30,2024-10-30 12:09:47,12,card,ANON-0000-0000-0375,25.96,Americano,Afternoon,Wed,Oct,3,10
2024-10-30,2024-10-30 12:10:58,12,card,ANON-0000-0000-0734,30.86,Americano with Milk,Afternoon,Wed,Oct,3,10
2024-10-30,2024-10-30 12:37:01,12,card,ANON-0000-0000-0839,25.96,Americano,Afternoon,Wed,Oct,3,10
2024-10-30,2024-10-30 15:05:15,15,card,ANON-0000-0000-0507,35.76,Latte,Afternoon,Wed,Oct,3,10
2024-10-30,2024-10-30 15:07:03,15,card,ANON-0000-0000-0507,35.76,Latte,Afternoon,Wed,Oct,3,10
2024-10-30,2024-10-30 16:04:48,16,card,ANON-0000-0000-0840,30.86,Americano with Milk,Afternoon,Wed,Oct,3,10
2024-10-30,2024-10-30 18:08:12,18,card,ANON-0000-0000-0841,35.76,Hot Chocolate,Night,Wed,Oct,3,10
2024-10-30,2024-10-30 19:18:31,19,card,ANON-0000-0000-0819,30.86,Americano with Milk,Night,Wed,Oct,3,10
2024-10-30,2024-10-30 19:43:21,19,card,ANON-0000-0000-0842,30.86,Americano with Milk,Night,Wed,Oct,3,10
2024-10-31,2024-10-31 07:54:17,7,card,ANON-0000-0000-0703,35.76,Latte,Morning,Thu,Oct,4,10
2024-10-31,2024-10-31 08:38:54,8,card,ANON-0000-0000-0683,35.76,Latte,Morning,Thu,Oct,4,10
2024-10-31,2024-10-31 09:18:19,9,card,ANON-0000-0000-0276,30.86,Americano with Milk,Morning,Thu,Oct,4,10
2024-10-31,2024-10-31 15:59:27,15,card,ANON-0000-0000-0843,35.76,Latte,Afternoon,Thu,Oct,4,10
2024-10-31,2024-10-31 16:00:31,16,card,ANON-0000-0000-0844,30.86,Americano with Milk,Afternoon,Thu,Oct,4,10
2024-11-01,2024-11-01 08:24:03,8,card,ANON-0000-0000-0842,35.76,Cocoa,Morning,Fri,Nov,5,11
2024-11-01,2024-11-01 08:30:58,8,card,ANON-0000-0000-0304,25.96,Americano,Morning,Fri,Nov,5,11
2024-11-01,2024-11-01 10:54:50,10,card,ANON-0000-0000-0612,35.76,Latte,Morning,Fri,Nov,5,11
2024-11-01,2024-11-01 12:41:27,12,card,ANON-0000-0000-0012,35.76,Cocoa,Afternoon,Fri,Nov,5,11
2024-11-01,2024-11-01 12:42:18,12,card,ANON-0000-0000-0012,35.76,Cocoa,Afternoon,Fri,Nov,5,11
2024-11-01,2024-11-01 15:55:42,15,card,ANON-0000-0000-0845,25.96,Cortado,Afternoon,Fri,Nov,5,11
2024-11-01,2024-11-01 22:41:56,22,card,ANON-0000-0000-0695,30.86,Americano with Milk,Night,Fri,Nov,5,11
2024-11-02,2024-11-02 08:19:44,8,card,ANON-0000-0000-0141,25.96,Cortado,Morning,Sat,Nov,6,11
2024-11-02,2024-11-02 10:25:46,10,card,ANON-0000-0000-0828,35.76,Cocoa,Morning,Sat,Nov,6,11
2024-11-02,2024-11-02 10:33:10,10,card,ANON-0000-0000-0097,30.86,Americano with Milk,Morning,Sat,Nov,6,11
2024-11-02,2024-11-02 14:54:15,14,card,ANON-0000-0000-0846,30.86,Americano with Milk,Afternoon,Sat,Nov,6,11
2024-11-02,2024-11-02 16:24:16,16,card,ANON-0000-0000-0507,35.76,Hot Chocolate,Afternoon,Sat,Nov,6,11
2024-11-02,2024-11-02 16:25:57,16,card,ANON-0000-0000-0507,35.76,Latte,Afternoon,Sat,Nov,6,11
2024-11-02,2024-11-02 16:37:05,16,card,ANON-0000-0000-0847,35.76,Latte,Afternoon,Sat,Nov,6,11
2024-11-02,2024-11-02 18:18:27,18,card,ANON-0000-0000-0620,30.86,Americano with Milk,Night,Sat,Nov,6,11
2024-11-02,2024-11-02 18:58:24,18,card,ANON-0000-0000-0848,25.96,Americano,Night,Sat,Nov,6,11
2024-11-03,2024-11-03 08:23:00,8,card,ANON-0000-0000-0141,25.96,Cortado,Morning,Sun,Nov,7,11
2024-11-03,2024-11-03 09:47:06,9,card,ANON-0000-0000-0040,30.86,Americano with Milk,Morning,Sun,Nov,7,11
2024-11-03,2024-11-03 09:48:12,9,card,ANON-0000-0000-0040,30.86,Americano with Milk,Morning,Sun,Nov,7,11
2024-11-03,2024-11-03 13:13:51,13,card,ANON-0000-0000-0849,35.76,Latte,Afternoon,Sun,Nov,7,11
2024-11-03,2024-11-03 13:14:57,13,card,ANON-0000-0000-0849,30.86,Americano with Milk,Afternoon,Sun,Nov,7,11
2024-11-03,2024-11-03 13:18:25,13,card,ANON-0000-0000-0228,35.76,Cocoa,Afternoon,Sun,Nov,7,11
2024-11-03,2024-11-03 13:44:19,13,card,ANON-0000-0000-0850,25.96,Americano,Afternoon,Sun,Nov,7,11
2024-11-03,2024-11-03 13:59:01,13,card,ANON-0000-0000-0851,30.86,Americano with Milk,Afternoon,Sun,Nov,7,11
2024-11-03,2024-11-03 16:15:18,16,card,ANON-0000-0000-0622,35.76,Hot Chocolate,Afternoon,Sun,Nov,7,11
2024-11-03,2024-11-03 16:16:44,16,card,ANON-0000-0000-0622,35.76,Hot Chocolate,Afternoon,Sun,Nov,7,11
2024-11-03,2024-11-03 16:20:37,16,card,ANON-0000-0000-0852,25.96,Americano,Afternoon,Sun,Nov,7,11
2024-11-03,2024-11-03 16:21:46,16,card,ANON-0000-0000-0852,25.96,Americano,Afternoon,Sun,Nov,7,11
2024-11-03,2024-11-03 20:26:15,20,card,ANON-0000-0000-0225,35.76,Cocoa,Night,Sun,Nov,7,11
2024-11-04,2024-11-04 07:43:37,7,card,ANON-0000-0000-0696,35.76,Latte,Morning,Mon,Nov,1,11
2024-11-04,2024-11-04 08:37:33,8,card,ANON-0000-0000-0276,35.76,Latte,Morning,Mon,Nov,1,11
2024-11-04,2024-11-04 08:38:59,8,card,ANON-0000-0000-0276,30.86,Americano with Milk,Morning,Mon,Nov,1,11
2024-11-04,2024-11-04 12:33:36,12,card,ANON-0000-0000-0853,25.96,Americano,Afternoon,Mon,Nov,1,11
2024-11-04,2024-11-04 12:35:06,12,card,ANON-0000-0000-0854,30.86,Americano with Milk,Afternoon,Mon,Nov,1,11
2024-11-04,2024-11-04 14:44:38,14,card,ANON-0000-0000-0012,35.76,Cocoa,Afternoon,Mon,Nov,1,11
2024-11-04,2024-11-04 14:45:20,14,card,ANON-0000-0000-0012,35.76,Cocoa,Afternoon,Mon,Nov,1,11
2024-11-05,2024-11-05 07:49:32,7,card,ANON-0000-0000-0696,35.76,Cocoa,Morning,Tue,Nov,2,11
2024-11-05,2024-11-05 09:05:42,9,card,ANON-0000-0000-0276,30.86,Americano with Milk,Morning,Tue,Nov,2,11
2024-11-05,2024-11-05 09:12:12,9,card,ANON-0000-0000-0731,35.76,Cappuccino,Morning,Tue,Nov,2,11
2024-11-05,2024-11-05 09:13:40,9,card,ANON-0000-0000-0731,30.86,Americano with Milk,Morning,Tue,Nov,2,11
2024-11-05,2024-11-05 10:41:44,10,card,ANON-0000-0000-0012,30.86,Americano with Milk,Morning,Tue,Nov,2,11
2024-11-05,2024-11-05 11:47:30,11,card,ANON-0000-0000-0855,35.76,Cocoa,Morning,Tue,Nov,2,11
2024-11-05,2024-11-05 11:48:22,11,card,ANON-0000-0000-0856,35.76,Latte,Morning,Tue,Nov,2,11
2024-11-05,2024-11-05 14:36:38,14,card,ANON-0000-0000-0857,35.76,Latte,Afternoon,Tue,Nov,2,11
2024-11-05,2024-11-05 14:41:48,14,card,ANON-0000-0000-0858,35.76,Latte,Afternoon,Tue,Nov,2,11
2024-11-05,2024-11-05 18:52:56,18,card,ANON-0000-0000-0455,35.76,Cappuccino,Night,Tue,Nov,2,11
2024-11-05,2024-11-05 18:54:11,18,card,ANON-0000-0000-0455,35.76,Cappuccino,Night,Tue,Nov,2,11
2024-11-05,2024-11-05 18:55:19,18,card,ANON-0000-0000-0455,35.76,Cappuccino,Night,Tue,Nov,2,11
2024-11-05,2024-11-05 21:40:45,21,card,ANON-0000-0000-0859,35.76,Cocoa,Night,Tue,Nov,2,11
2024-11-05,2024-11-05 21:42:03,21,card,ANON-0000-0000-0859,35.76,Cocoa,Night,Tue,Nov,2,11
2024-11-05,2024-11-05 21:54:20,21,card,ANON-0000-0000-0722,35.76,Hot Chocolate,Night,Tue,Nov,2,11
2024-11-05,2024-11-05 22:05:51,22,card,ANON-0000-0000-0637,35.76,Hot Chocolate,Night,Tue,Nov,2,11
2024-11-05,2024-11-05 22:06:39,22,card,ANON-0000-0000-0637,30.86,Americano with Milk,Night,Tue,Nov,2,11
2024-11-06,2024-11-06 08:11:25,8,card,ANON-0000-0000-0570,35.76,Latte,Morning,Wed,Nov,3,11
2024-11-06,2024-11-06 11:45:31,11,card,ANON-0000-0000-0860,21.06,Espresso,Morning,Wed,Nov,3,11
2024-11-06,2024-11-06 13:15:33,13,card,ANON-0000-0000-0742,25.96,Americano,Afternoon,Wed,Nov,3,11
2024-11-06,2024-11-06 15:44:16,15,card,ANON-0000-0000-0622,35.76,Cappuccino,Afternoon,Wed,Nov,3,11
2024-11-06,2024-11-06 16:00:44,16,card,ANON-0000-0000-0861,35.76,Latte,Afternoon,Wed,Nov,3,11
2024-11-06,2024-11-06 16:02:05,16,card,ANON-0000-0000-0862,35.76,Cappuccino,Afternoon,Wed,Nov,3,11
2024-11-06,2024-11-06 18:40:43,18,card,ANON-0000-0000-0863,35.76,Hot Chocolate,Night,Wed,Nov,3,11
2024-11-06,2024-11-06 18:41:31,18,card,ANON-0000-0000-0863,35.76,Hot Chocolate,Night,Wed,Nov,3,11
2024-11-07,2024-11-07 12:17:16,12,card,ANON-0000-0000-0864,35.76,Latte,Afternoon,Thu,Nov,4,11
2024-11-07,2024-11-07 15:50:11,15,card,ANON-0000-0000-0865,25.96,Americano,Afternoon,Thu,Nov,4,11
2024-11-07,2024-11-07 16:39:39,16,card,ANON-0000-0000-0866,25.96,Americano,Afternoon,Thu,Nov,4,11
2024-11-07,2024-11-07 18:17:34,18,card,ANON-0000-0000-0828,35.76,Cocoa,Night,Thu,Nov,4,11
2024-11-07,2024-11-07 19:20:15,19,card,ANON-0000-0000-0867,35.76,Hot Chocolate,Night,Thu,Nov,4,11
2024-11-07,2024-11-07 19:21:38,19,card,ANON-0000-0000-0867,35.76,Latte,Night,Thu,Nov,4,11
2024-11-07,2024-11-07 20:02:31,20,card,ANON-0000-0000-0507,35.76,Latte,Night,Thu,Nov,4,11
2024-11-08,2024-11-08 09:05:42,9,card,ANON-0000-0000-0276,30.86,Americano with Milk,Morning,Fri,Nov,5,11
2024-11-08,2024-11-08 09:47:31,9,card,ANON-0000-0000-0375,25.96,Americano,Morning,Fri,Nov,5,11
2024-11-08,2024-11-08 09:49:00,9,card,ANON-0000-0000-0375,25.96,Americano,Morning,Fri,Nov,5,11
2024-11-08,2024-11-08 11:47:11,11,card,ANON-0000-0000-0494,35.76,Cappuccino,Morning,Fri,Nov,5,11
2024-11-08,2024-11-08 13:25:13,13,card,ANON-0000-0000-0868,35.76,Latte,Afternoon,Fri,Nov,5,11
2024-11-08,2024-11-08 13:26:18,13,card,ANON-0000-0000-0868,35.76,Latte,Afternoon,Fri,Nov,5,11
2024-11-08,2024-11-08 16:33:03,16,card,ANON-0000-0000-0869,30.86,Americano with Milk,Afternoon,Fri,Nov,5,11
2024-11-08,2024-11-08 16:55:28,16,card,ANON-0000-0000-0870,30.86,Americano with Milk,Afternoon,Fri,Nov,5,11
2024-11-08,2024-11-08 20:13:32,20,card,ANON-0000-0000-0871,35.76,Hot Chocolate,Night,Fri,Nov,5,11
2024-11-08,2024-11-08 20:14:24,20,card,ANON-0000-0000-0872,35.76,Hot Chocolate,Night,Fri,Nov,5,11
2024-11-08,2024-11-08 20:15:20,20,card,ANON-0000-0000-0872,35.76,Hot Chocolate,Night,Fri,Nov,5,11
2024-11-08,2024-11-08 22:27:10,22,card,ANON-0000-0000-0690,35.76,Latte,Night,Fri,Nov,5,11
2024-11-09,2024-11-09 10:08:19,10,card,ANON-0000-0000-0276,30.86,Americano with Milk,Morning,Sat,Nov,6,11
2024-11-09,2024-11-09 11:02:08,11,card,ANON-0000-0000-0141,25.96,Cortado,Morning,Sat,Nov,6,11
2024-11-09,2024-11-09 11:03:01,11,card,ANON-0000-0000-0141,25.96,Cortado,Morning,Sat,Nov,6,11
2024-11-09,2024-11-09 11:08:44,11,card,ANON-0000-0000-0873,35.76,Latte,Morning,Sat,Nov,6,11
2024-11-09,2024-11-09 13:50:15,13,card,ANON-0000-0000-0871,35.76,Hot Chocolate,Afternoon,Sat,Nov,6,11
2024-11-09,2024-11-09 13:50:55,13,card,ANON-0000-0000-0871,35.76,Hot Chocolate,Afternoon,Sat,Nov,6,11
2024-11-09,2024-11-09 14:21:52,14,card,ANON-0000-0000-0874,35.76,Hot Chocolate,Afternoon,Sat,Nov,6,11
2024-11-09,2024-11-09 14:22:50,14,card,ANON-0000-0000-0874,35.76,Hot Chocolate,Afternoon,Sat,Nov,6,11
2024-11-09,2024-11-09 14:37:33,14,card,ANON-0000-0000-0875,25.96,Americano,Afternoon,Sat,Nov,6,11
2024-11-09,2024-11-09 15:29:51,15,card,ANON-0000-0000-0276,30.86,Americano with Milk,Afternoon,Sat,Nov,6,11
2024-11-09,2024-11-09 16:15:48,16,card,ANON-0000-0000-0570,35.76,Latte,Afternoon,Sat,Nov,6,11
2024-11-09,2024-11-09 16:16:52,16,card,ANON-0000-0000-0570,35.76,Cocoa,Afternoon,Sat,Nov,6,11
2024-11-09,2024-11-09 20:42:05,20,card,ANON-0000-0000-0876,25.96,Americano,Night,Sat,Nov,6,11
2024-11-09,2024-11-09 20:43:28,20,card,ANON-0000-0000-0876,35.76,Latte,Night,Sat,Nov,6,11
2024-11-09,2024-11-09 22:13:28,22,card,ANON-0000-0000-0877,35.76,Cocoa,Night,Sat,Nov,6,11
2024-11-09,2024-11-09 22:52:58,22,card,ANON-0000-0000-0878,25.96,Americano,Night,Sat,Nov,6,11
2024-11-09,2024-11-09 22:54:19,22,card,ANON-0000-0000-0879,25.96,Americano,Night,Sat,Nov,6,11
2024-11-10,2024-11-10 09:46:22,9,card,ANON-0000-0000-0880,25.96,Americano,Morning,Sun,Nov,7,11
2024-11-10,2024-11-10 17:52:48,17,card,ANON-0000-0000-0881,35.76,Cocoa,Night,Sun,Nov,7,11
2024-11-10,2024-11-10 18:12:53,18,card,ANON-0000-0000-0882,35.76,Hot Chocolate,Night,Sun,Nov,7,11
2024-11-10,2024-11-10 18:14:04,18,card,ANON-0000-0000-0883,35.76,Hot Chocolate,Night,Sun,Nov,7,11
2024-11-10,2024-11-10 20:38:08,20,card,ANON-0000-0000-0884,35.76,Cappuccino,Night,Sun,Nov,7,11
2024-11-10,2024-11-10 20:39:07,20,card,ANON-0000-0000-0884,35.76,Cappuccino,Night,Sun,Nov,7,11
2024-11-11,2024-11-11 07:48:27,7,card,ANON-0000-0000-0696,35.76,Cappuccino,Morning,Mon,Nov,1,11
2024-11-11,2024-11-11 09:52:26,9,card,ANON-0000-0000-0276,30.86,Americano with Milk,Morning,Mon,Nov,1,11
2024-11-11,2024-11-11 10:19:09,10,card,ANON-0000-0000-0141,25.96,Cortado,Morning,Mon,Nov,1,11
2024-11-11,2024-11-11 16:18:44,16,card,ANON-0000-0000-0206,35.76,Cappuccino,Afternoon,Mon,Nov,1,11
2024-11-11,2024-11-11 16:19:53,16,card,ANON-0000-0000-0206,35.76,Hot Chocolate,Afternoon,Mon,Nov,1,11
2024-11-11,2024-11-11 17:33:32,17,card,ANON-0000-0000-0885,35.76,Cappuccino,Night,Mon,Nov,1,11
2024-11-11,2024-11-11 19:00:47,19,card,ANON-0000-0000-0886,35.76,Latte,Night,Mon,Nov,1,11
2024-11-11,2024-11-11 19:04:16,19,card,ANON-0000-0000-0887,35.76,Hot Chocolate,Night,Mon,Nov,1,11
2024-11-11,2024-11-11 21:08:32,21,card,ANON-0000-0000-0888,35.76,Latte,Night,Mon,Nov,1,11
2024-11-11,2024-11-11 21:09:47,21,card,ANON-0000-0000-0888,35.76,Latte,Night,Mon,Nov,1,11
2024-11-12,2024-11-12 10:03:09,10,card,ANON-0000-0000-0889,35.76,Latte,Morning,Tue,Nov,2,11
2024-11-12,2024-11-12 13:15:45,13,card,ANON-0000-0000-0890,35.76,Latte,Afternoon,Tue,Nov,2,11
2024-11-12,2024-11-12 14:39:15,14,card,ANON-0000-0000-0691,35.76,Latte,Afternoon,Tue,Nov,2,11
2024-11-12,2024-11-12 16:47:14,16,card,ANON-0000-0000-0891,35.76,Hot Chocolate,Afternoon,Tue,Nov,2,11
2024-11-12,2024-11-12 16:48:05,16,card,ANON-0000-0000-0891,35.76,Hot Chocolate,Afternoon,Tue,Nov,2,11
2024-11-12,2024-11-12 16:49:04,16,card,ANON-0000-0000-0891,35.76,Cocoa,Afternoon,Tue,Nov,2,11
2024-11-12,2024-11-12 18:45:14,18,card,ANON-0000-0000-0696,35.76,Cappuccino,Night,Tue,Nov,2,11
2024-11-12,2024-11-12 20:07:58,20,card,ANON-0000-0000-0892,35.76,Latte,Night,Tue,Nov,2,11
2024-11-12,2024-11-12 20:09:22,20,card,ANON-0000-0000-0893,35.76,Cocoa,Night,Tue,Nov,2,11
2024-11-13,2024-11-13 08:09:11,8,card,ANON-0000-0000-0894,30.86,Americano with Milk,Morning,Wed,Nov,3,11
2024-11-13,2024-11-13 10:37:43,10,card,ANON-0000-0000-0892,35.76,Latte,Morning,Wed,Nov,3,11
2024-11-13,2024-11-13 13:19:55,13,card,ANON-0000-0000-0895,30.86,Americano with Milk,Afternoon,Wed,Nov,3,11
2024-11-13,2024-11-13 13:20:58,13,card,ANON-0000-0000-0895,30.86,Americano with Milk,Afternoon,Wed,Nov,3,11
2024-11-13,2024-11-13 14:17:30,14,card,ANON-0000-0000-0896,30.86,Americano with Milk,Afternoon,Wed,Nov,3,11
2024-11-13,2024-11-13 14:46:58,14,card,ANON-0000-0000-0892,35.76,Latte,Afternoon,Wed,Nov,3,11
2024-11-14,2024-11-14 09:36:28,9,card,ANON-0000-0000-0892,35.76,Latte,Morning,Thu,Nov,4,11
2024-11-14,2024-11-14 10:06:43,10,card,ANON-0000-0000-0897,25.96,Americano,Morning,Thu,Nov,4,11
2024-11-14,2024-11-14 12:48:50,12,card,ANON-0000-0000-0898,21.06,Espresso,Afternoon,Thu,Nov,4,11
2024-11-14,2024-11-14 15:03:45,15,card,ANON-0000-0000-0899,35.76,Cappuccino,Afternoon,Thu,Nov,4,11
2024-11-14,2024-11-14 15:04:57,15,card,ANON-0000-0000-0900,35.76,Latte,Afternoon,Thu,Nov,4,11
2024-11-14,2024-11-14 15:05:50,15,card,ANON-0000-0000-0900,35.76,Cappuccino,Afternoon,Thu,Nov,4,11
2024-11-14,2024-11-14 16:13:08,16,card,ANON-0000-0000-0819,30.86,Americano with Milk,Afternoon,Thu,Nov,4,11
2024-11-14,2024-11-14 16:14:22,16,card,ANON-0000-0000-0819,35.76,Cappuccino,Afternoon,Thu,Nov,4,11
2024-11-14,2024-11-14 19:43:26,19,card,ANON-0000-0000-0507,35.76,Hot Chocolate,Night,Thu,Nov,4,11
2024-11-14,2024-11-14 19:46:37,19,card,ANON-0000-0000-0507,35.76,Hot Chocolate,Night,Thu,Nov,4,11
2024-11-14,2024-11-14 20:31:30,20,card,ANON-0000-0000-0877,35.76,Cocoa,Night,Thu,Nov,4,11
2024-11-14,2024-11-14 20:32:31,20,card,ANON-0000-0000-0877,35.76,Hot Chocolate,Night,Thu,Nov,4,11
2024-11-14,2024-11-14 21:24:32,21,card,ANON-0000-0000-0019,35.76,Latte,Night,Thu,Nov,4,11
2024-11-14,2024-11-14 22:40:42,22,card,ANON-0000-0000-0901,35.76,Latte,Night,Thu,Nov,4,11
2024-11-15,2024-11-15 08:45:51,8,card,ANON-0000-0000-0902,30.86,Americano with Milk,Morning,Fri,Nov,5,11
2024-11-15,2024-11-15 11:05:53,11,card,ANON-0000-0000-0769,30.86,Americano with Milk,Morning,Fri,Nov,5,11
2024-11-15,2024-11-15 12:09:00,12,card,ANON-0000-0000-0903,35.76,Cocoa,Afternoon,Fri,Nov,5,11
2024-11-15,2024-11-15 12:14:19,12,card,ANON-0000-0000-0904,35.76,Cocoa,Afternoon,Fri,Nov,5,11
2024-11-15,2024-11-15 13:57:34,13,card,ANON-0000-0000-0494,35.76,Latte,Afternoon,Fri,Nov,5,11
2024-11-15,2024-11-15 15:19:51,15,card,ANON-0000-0000-0905,25.96,Americano,Afternoon,Fri,Nov,5,11
2024-11-15,2024-11-15 17:35:41,17,card,ANON-0000-0000-0851,30.86,Americano with Milk,Night,Fri,Nov,5,11
2024-11-15,2024-11-15 17:55:01,17,card,ANON-0000-0000-0906,35.76,Latte,Night,Fri,Nov,5,11
2024-11-15,2024-11-15 18:12:45,18,card,ANON-0000-0000-0907,35.76,Hot Chocolate,Night,Fri,Nov,5,11
2024-11-15,2024-11-15 18:42:22,18,card,ANON-0000-0000-0287,30.86,Americano with Milk,Night,Fri,Nov,5,11
2024-11-15,2024-11-15 18:43:21,18,card,ANON-0000-0000-0287,30.86,Americano with Milk,Night,Fri,Nov,5,11
2024-11-16,2024-11-16 10:21:35,10,card,ANON-0000-0000-0141,25.96,Cortado,Morning,Sat,Nov,6,11
2024-11-16,2024-11-16 10:45:51,10,card,ANON-0000-0000-0908,25.96,Cortado,Morning,Sat,Nov,6,11
2024-11-16,2024-11-16 11:02:01,11,card,ANON-0000-0000-0909,35.76,Hot Chocolate,Morning,Sat,Nov,6,11
2024-11-16,2024-11-16 11:03:07,11,card,ANON-0000-0000-0910,35.76,Latte,Morning,Sat,Nov,6,11
2024-11-16,2024-11-16 11:39:25,11,card,ANON-0000-0000-0302,25.96,Americano,Morning,Sat,Nov,6,11
2024-11-16,2024-11-16 12:30:15,12,card,ANON-0000-0000-0911,35.76,Cappuccino,Afternoon,Sat,Nov,6,11
2024-11-16,2024-11-16 12:31:51,12,card,ANON-0000-0000-0912,30.86,Americano with Milk,Afternoon,Sat,Nov,6,11
2024-11-16,2024-11-16 12:48:36,12,card,ANON-0000-0000-0913,35.76,Latte,Afternoon,Sat,Nov,6,11
2024-11-16,2024-11-16 12:49:35,12,card,ANON-0000-0000-0913,35.76,Latte,Afternoon,Sat,Nov,6,11
2024-11-16,2024-11-16 13:16:55,13,card,ANON-0000-0000-0819,30.86,Americano with Milk,Afternoon,Sat,Nov,6,11
2024-11-16,2024-11-16 13:18:00,13,card,ANON-0000-0000-0914,35.76,Latte,Afternoon,Sat,Nov,6,11
2024-11-16,2024-11-16 13:19:09,13,card,ANON-0000-0000-0914,35.76,Latte,Afternoon,Sat,Nov,6,11
2024-11-16,2024-11-16 14:25:47,14,card,ANON-0000-0000-0915,30.86,Americano with Milk,Afternoon,Sat,Nov,6,11
2024-11-17,2024-11-17 10:29:37,10,card,ANON-0000-0000-0916,30.86,Americano with Milk,Morning,Sun,Nov,7,11
2024-11-17,2024-11-17 13:35:20,13,card,ANON-0000-0000-0917,30.86,Americano with Milk,Afternoon,Sun,Nov,7,11
2024-11-17,2024-11-17 14:18:42,14,card,ANON-0000-0000-0918,25.96,Americano,Afternoon,Sun,Nov,7,11
2024-11-17,2024-11-17 14:33:40,14,card,ANON-0000-0000-0919,30.86,Americano with Milk,Afternoon,Sun,Nov,7,11
2024-11-17,2024-11-17 16:27:26,16,card,ANON-0000-0000-0920,35.76,Latte,Afternoon,Sun,Nov,7,11
2024-11-17,2024-11-17 16:28:36,16,card,ANON-0000-0000-0920,35.76,Latte,Afternoon,Sun,Nov,7,11
2024-11-17,2024-11-17 18:10:07,18,card,ANON-0000-0000-0921,35.76,Hot Chocolate,Night,Sun,Nov,7,11
2024-11-17,2024-11-17 19:17:34,19,card,ANON-0000-0000-0922,35.76,Hot Chocolate,Night,Sun,Nov,7,11
2024-11-17,2024-11-17 19:18:28,19,card,ANON-0000-0000-0922,35.76,Hot Chocolate,Night,Sun,Nov,7,11
2024-11-18,2024-11-18 07:52:20,7,card,ANON-0000-0000-0769,30.86,Americano with Milk,Morning,Mon,Nov,1,11
2024-11-18,2024-11-18 07:53:16,7,card,ANON-0000-0000-0923,30.86,Americano with Milk,Morning,Mon,Nov,1,11
2024-11-18,2024-11-18 07:57:22,7,card,ANON-0000-0000-0570,35.76,Latte,Morning,Mon,Nov,1,11
2024-11-18,2024-11-18 16:44:49,16,card,ANON-0000-0000-0924,35.76,Latte,Afternoon,Mon,Nov,1,11
2024-11-18,2024-11-18 16:46:53,16,card,ANON-0000-0000-0906,35.76,Latte,Afternoon,Mon,Nov,1,11
2024-11-18,2024-11-18 18:50:54,18,card,ANON-0000-0000-0925,35.76,Latte,Night,Mon,Nov,1,11
2024-11-19,2024-11-19 07:49:01,7,card,ANON-0000-0000-0696,35.76,Cocoa,Morning,Tue,Nov,2,11
2024-11-19,2024-11-19 07:51:14,7,card,ANON-0000-0000-0923,30.86,Americano with Milk,Morning,Tue,Nov,2,11
2024-11-19,2024-11-19 07:52:13,7,card,ANON-0000-0000-0923,35.76,Latte,Morning,Tue,Nov,2,11
2024-11-19,2024-11-19 07:53:38,7,card,ANON-0000-0000-0926,21.06,Espresso,Morning,Tue,Nov,2,11
2024-11-19,2024-11-19 07:54:47,7,card,ANON-0000-0000-0927,35.76,Latte,Morning,Tue,Nov,2,11
2024-11-19,2024-11-19 10:29:23,10,card,ANON-0000-0000-0276,30.86,Americano with Milk,Morning,Tue,Nov,2,11
2024-11-19,2024-11-19 11:07:09,11,card,ANON-0000-0000-0928,35.76,Latte,Morning,Tue,Nov,2,11
2024-11-19,2024-11-19 16:22:40,16,card,ANON-0000-0000-0012,35.76,Cocoa,Afternoon,Tue,Nov,2,11
2024-11-19,2024-11-19 16:23:59,16,card,ANON-0000-0000-0012,35.76,Cocoa,Afternoon,Tue,Nov,2,11
2024-11-19,2024-11-19 16:41:04,16,card,ANON-0000-0000-0206,35.76,Cappuccino,Afternoon,Tue,Nov,2,11
2024-11-19,2024-11-19 16:47:41,16,card,ANON-0000-0000-0929,35.76,Cappuccino,Afternoon,Tue,Nov,2,11
2024-11-20,2024-11-20 13:29:39,13,card,ANON-0000-0000-0930,30.86,Americano with Milk,Afternoon,Wed,Nov,3,11
2024-11-20,2024-11-20 16:34:50,16,card,ANON-0000-0000-0906,35.76,Latte,Afternoon,Wed,Nov,3,11
2024-11-20,2024-11-20 17:49:52,17,card,ANON-0000-0000-0931,35.76,Cappuccino,Night,Wed,Nov,3,11
2024-11-20,2024-11-20 17:50:50,17,card,ANON-0000-0000-0931,35.76,Hot Chocolate,Night,Wed,Nov,3,11
2024-11-21,2024-11-21 11:06:11,11,card,ANON-0000-0000-0141,25.96,Cortado,Morning,Thu,Nov,4,11
2024-11-21,2024-11-21 12:33:36,12,card,ANON-0000-0000-0906,35.76,Latte,Afternoon,Thu,Nov,4,11
2024-11-21,2024-11-21 12:59:45,12,card,ANON-0000-0000-0903,35.76,Cocoa,Afternoon,Thu,Nov,4,11
2024-11-21,2024-11-21 13:00:47,13,card,ANON-0000-0000-0932,35.76,Cocoa,Afternoon,Thu,Nov,4,11
2024-11-21,2024-11-21 16:14:14,16,card,ANON-0000-0000-0906,35.76,Latte,Afternoon,Thu,Nov,4,11
2024-11-21,2024-11-21 17:35:27,17,card,ANON-0000-0000-0933,30.86,Americano with Milk,Night,Thu,Nov,4,11
2024-11-21,2024-11-21 17:39:23,17,card,ANON-0000-0000-0934,25.96,Cortado,Night,Thu,Nov,4,11
2024-11-21,2024-11-21 19:01:03,19,card,ANON-0000-0000-0935,35.76,Hot Chocolate,Night,Thu,Nov,4,11
2024-11-22,2024-11-22 07:50:36,7,card,ANON-0000-0000-0906,35.76,Latte,Morning,Fri,Nov,5,11
2024-11-22,2024-11-22 10:03:43,10,card,ANON-0000-0000-0696,35.76,Cappuccino,Morning,Fri,Nov,5,11
2024-11-22,2024-11-22 11:02:32,11,card,ANON-0000-0000-0936,35.76,Latte,Morning,Fri,Nov,5,11
2024-11-22,2024-11-22 11:24:26,11,card,ANON-0000-0000-0937,35.76,Cocoa,Morning,Fri,Nov,5,11
2024-11-22,2024-11-22 16:33:05,16,card,ANON-0000-0000-0938,35.76,Hot Chocolate,Afternoon,Fri,Nov,5,11
2024-11-22,2024-11-22 16:33:50,16,card,ANON-0000-0000-0938,35.76,Latte,Afternoon,Fri,Nov,5,11
2024-11-23,2024-11-23 09:10:46,9,card,ANON-0000-0000-0543,25.96,Cortado,Morning,Sat,Nov,6,11
2024-11-23,2024-11-23 09:11:49,9,card,ANON-0000-0000-0543,25.96,Cortado,Morning,Sat,Nov,6,11
2024-11-23,2024-11-23 10:05:16,10,card,ANON-0000-0000-0683,35.76,Latte,Morning,Sat,Nov,6,11
2024-11-23,2024-11-23 11:03:00,11,card,ANON-0000-0000-0172,35.76,Cappuccino,Morning,Sat,Nov,6,11
2024-11-23,2024-11-23 11:09:28,11,card,ANON-0000-0000-0939,25.96,Americano,Morning,Sat,Nov,6,11
2024-11-23,2024-11-23 11:10:26,11,card,ANON-0000-0000-0939,25.96,Americano,Morning,Sat,Nov,6,11
2024-11-23,2024-11-23 11:41:27,11,card,ANON-0000-0000-0494,35.76,Hot Chocolate,Morning,Sat,Nov,6,11
2024-11-23,2024-11-23 22:37:04,22,card,ANON-0000-0000-0940,35.76,Latte,Night,Sat,Nov,6,11
2024-11-24,2024-11-24 08:17:07,8,card,ANON-0000-0000-0570,35.76,Latte,Morning,Sun,Nov,7,11
2024-11-25,2024-11-25 07:49:18,7,card,ANON-0000-0000-0696,35.76,Cappuccino,Morning,Mon,Nov,1,11
2024-11-25,2024-11-25 07:54:24,7,card,ANON-0000-0000-0941,35.76,Latte,Morning,Mon,Nov,1,11
2024-11-25,2024-11-25 09:12:21,9,card,ANON-0000-0000-0276,30.86,Americano with Milk,Morning,Mon,Nov,1,11
2024-11-25,2024-11-25 10:38:08,10,card,ANON-0000-0000-0141,25.96,Cortado,Morning,Mon,Nov,1,11
2024-11-25,2024-11-25 12:50:58,12,card,ANON-0000-0000-0942,35.76,Latte,Afternoon,Mon,Nov,1,11
2024-11-25,2024-11-25 12:52:41,12,card,ANON-0000-0000-0943,35.76,Latte,Afternoon,Mon,Nov,1,11
2024-11-25,2024-11-25 16:30:56,16,card,ANON-0000-0000-0871,35.76,Hot Chocolate,Afternoon,Mon,Nov,1,11
2024-11-25,2024-11-25 19:01:59,19,card,ANON-0000-0000-0944,30.86,Americano with Milk,Night,Mon,Nov,1,11
2024-11-25,2024-11-25 19:37:58,19,card,ANON-0000-0000-0945,35.76,Hot Chocolate,Night,Mon,Nov,1,11
2024-11-25,2024-11-25 21:42:15,21,card,ANON-0000-0000-0637,35.76,Hot Chocolate,Night,Mon,Nov,1,11
2024-11-25,2024-11-25 21:43:00,21,card,ANON-0000-0000-0637,35.76,Cappuccino,Night,Mon,Nov,1,11
2024-11-26,2024-11-26 07:54:38,7,card,ANON-0000-0000-0570,35.76,Latte,Morning,Tue,Nov,2,11
2024-11-26,2024-11-26 11:02:56,11,card,ANON-0000-0000-0903,35.76,Cocoa,Morning,Tue,Nov,2,11
2024-11-26,2024-11-26 11:03:47,11,card,ANON-0000-0000-0946,25.96,Americano,Morning,Tue,Nov,2,11
2024-11-26,2024-11-26 11:06:09,11,card,ANON-0000-0000-0947,35.76,Cocoa,Morning,Tue,Nov,2,11
2024-11-26,2024-11-26 11:07:10,11,card,ANON-0000-0000-0947,35.76,Cocoa,Morning,Tue,Nov,2,11
2024-11-26,2024-11-26 16:03:54,16,card,ANON-0000-0000-0948,35.76,Latte,Afternoon,Tue,Nov,2,11
2024-11-26,2024-11-26 16:05:01,16,card,ANON-0000-0000-0949,35.76,Latte,Afternoon,Tue,Nov,2,11
2024-11-26,2024-11-26 17:11:38,17,card,ANON-0000-0000-0950,25.96,Americano,Night,Tue,Nov,2,11
2024-11-26,2024-11-26 17:12:34,17,card,ANON-0000-0000-0950,30.86,Americano with Milk,Night,Tue,Nov,2,11
2024-11-26,2024-11-26 19:47:25,19,card,ANON-0000-0000-0951,35.76,Cocoa,Night,Tue,Nov,2,11
2024-11-28,2024-11-28 08:41:17,8,card,ANON-0000-0000-0952,35.76,Cappuccino,Morning,Thu,Nov,4,11
2024-11-28,2024-11-28 09:14:01,9,card,ANON-0000-0000-0276,30.86,Americano with Milk,Morning,Thu,Nov,4,11
2024-11-28,2024-11-28 20:24:42,20,card,ANON-0000-0000-0012,30.86,Americano with Milk,Night,Thu,Nov,4,11
2024-11-28,2024-11-28 20:25:46,20,card,ANON-0000-0000-0019,35.76,Latte,Night,Thu,Nov,4,11
2024-11-28,2024-11-28 20:55:00,20,card,ANON-0000-0000-0507,35.76,Latte,Night,Thu,Nov,4,11
2024-11-28,2024-11-28 22:00:16,22,card,ANON-0000-0000-0748,35.76,Cappuccino,Night,Thu,Nov,4,11
2024-11-29,2024-11-29 07:53:16,7,card,ANON-0000-0000-0696,35.76,Cocoa,Morning,Fri,Nov,5,11
2024-11-29,2024-11-29 07:57:42,7,card,ANON-0000-0000-0570,35.76,Latte,Morning,Fri,Nov,5,11
2024-11-29,2024-11-29 09:07:32,9,card,ANON-0000-0000-0385,30.86,Americano with Milk,Morning,Fri,Nov,5,11
2024-11-29,2024-11-29 09:08:30,9,card,ANON-0000-0000-0385,30.86,Americano with Milk,Morning,Fri,Nov,5,11
2024-11-29,2024-11-29 15:18:07,15,card,ANON-0000-0000-0953,30.86,Americano with Milk,Afternoon,Fri,Nov,5,11
2024-11-29,2024-11-29 15:19:20,15,card,ANON-0000-0000-0954,35.76,Latte,Afternoon,Fri,Nov,5,11
2024-11-29,2024-11-29 20:57:55,20,card,ANON-0000-0000-0955,35.76,Cocoa,Night,Fri,Nov,5,11
2024-11-30,2024-11-30 12:58:12,12,card,ANON-0000-0000-0570,35.76,Cocoa,Afternoon,Sat,Nov,6,11
2024-11-30,2024-11-30 14:04:56,14,card,ANON-0000-0000-0956,25.96,Americano,Afternoon,Sat,Nov,6,11
2024-11-30,2024-11-30 14:05:58,14,card,ANON-0000-0000-0956,35.76,Hot Chocolate,Afternoon,Sat,Nov,6,11
2024-11-30,2024-11-30 14:16:52,14,card,ANON-0000-0000-0494,35.76,Cocoa,Afternoon,Sat,Nov,6,11
2024-11-30,2024-11-30 15:33:44,15,card,ANON-0000-0000-0097,30.86,Americano with Milk,Afternoon,Sat,Nov,6,11
2024-11-30,2024-11-30 22:03:48,22,card,ANON-0000-0000-0957,30.86,Americano with Milk,Night,Sat,Nov,6,11
2024-12-01,2024-12-01 10:15:32,10,card,ANON-0000-0000-0040,30.86,Americano with Milk,Morning,Sun,Dec,7,12
2024-12-01,2024-12-01 10:16:32,10,card,ANON-0000-0000-0040,30.86,Americano with Milk,Morning,Sun,Dec,7,12
2024-12-01,2024-12-01 10:22:47,10,card,ANON-0000-0000-0385,30.86,Americano with Milk,Morning,Sun,Dec,7,12
2024-12-01,2024-12-01 14:34:23,14,card,ANON-0000-0000-0958,30.86,Americano with Milk,Afternoon,Sun,Dec,7,12
2024-12-01,2024-12-01 15:09:13,15,card,ANON-0000-0000-0959,35.76,Cocoa,Afternoon,Sun,Dec,7,12
2024-12-01,2024-12-01 15:09:57,15,card,ANON-0000-0000-0959,35.76,Cocoa,Afternoon,Sun,Dec,7,12
2024-12-01,2024-12-01 15:43:02,15,card,ANON-0000-0000-0960,35.76,Cappuccino,Afternoon,Sun,Dec,7,12
2024-12-01,2024-12-01 15:56:31,15,card,ANON-0000-0000-0961,35.76,Latte,Afternoon,Sun,Dec,7,12
2024-12-01,2024-12-01 15:57:49,15,card,ANON-0000-0000-0962,35.76,Latte,Afternoon,Sun,Dec,7,12
2024-12-01,2024-12-01 16:32:59,16,card,ANON-0000-0000-0963,35.76,Latte,Afternoon,Sun,Dec,7,12
2024-12-01,2024-12-01 16:34:30,16,card,ANON-0000-0000-0964,35.76,Latte,Afternoon,Sun,Dec,7,12
2024-12-01,2024-12-01 17:10:24,17,card,ANON-0000-0000-0965,30.86,Americano with Milk,Night,Sun,Dec,7,12
2024-12-01,2024-12-01 17:11:32,17,card,ANON-0000-0000-0965,30.86,Americano with Milk,Night,Sun,Dec,7,12
2024-12-01,2024-12-01 18:38:29,18,card,ANON-0000-0000-0966,30.86,Americano with Milk,Night,Sun,Dec,7,12
2024-12-02,2024-12-02 07:50:37,7,card,ANON-0000-0000-0696,35.76,Latte,Morning,Mon,Dec,1,12
2024-12-02,2024-12-02 07:51:59,7,card,ANON-0000-0000-0967,25.96,Americano,Morning,Mon,Dec,1,12
2024-12-02,2024-12-02 08:21:30,8,card,ANON-0000-0000-0276,30.86,Americano with Milk,Morning,Mon,Dec,1,12
2024-12-02,2024-12-02 08:53:14,8,card,ANON-0000-0000-0968,35.76,Cocoa,Morning,Mon,Dec,1,12
2024-12-02,2024-12-02 11:04:25,11,card,ANON-0000-0000-0141,25.96,Cortado,Morning,Mon,Dec,1,12
2024-12-02,2024-12-02 15:28:24,15,card,ANON-0000-0000-0969,21.06,Espresso,Afternoon,Mon,Dec,1,12
2024-12-02,2024-12-02 16:12:24,16,card,ANON-0000-0000-0970,35.76,Cappuccino,Afternoon,Mon,Dec,1,12
2024-12-02,2024-12-02 17:34:22,17,card,ANON-0000-0000-0971,25.96,Americano,Night,Mon,Dec,1,12
2024-12-02,2024-12-02 18:00:32,18,card,ANON-0000-0000-0972,35.76,Cappuccino,Night,Mon,Dec,1,12
2024-12-03,2024-12-03 08:11:19,8,card,ANON-0000-0000-0570,35.76,Latte,Morning,Tue,Dec,2,12
2024-12-03,2024-12-03 09:23:31,9,card,ANON-0000-0000-0276,30.86,Americano with Milk,Morning,Tue,Dec,2,12
2024-12-03,2024-12-03 09:24:27,9,card,ANON-0000-0000-0276,30.86,Americano with Milk,Morning,Tue,Dec,2,12
2024-12-03,2024-12-03 11:17:58,11,card,ANON-0000-0000-0973,25.96,Americano,Morning,Tue,Dec,2,12
2024-12-03,2024-12-03 11:42:08,11,card,ANON-0000-0000-0974,30.86,Americano with Milk,Morning,Tue,Dec,2,12
2024-12-03,2024-12-03 11:43:16,11,card,ANON-0000-0000-0819,30.86,Americano with Milk,Morning,Tue,Dec,2,12
2024-12-03,2024-12-03 11:45:54,11,card,ANON-0000-0000-0819,30.86,Americano with Milk,Morning,Tue,Dec,2,12
2024-12-03,2024-12-03 20:50:56,20,card,ANON-0000-0000-0975,35.76,Cocoa,Night,Tue,Dec,2,12
2024-12-03,2024-12-03 21:33:17,21,card,ANON-0000-0000-0685,35.76,Latte,Night,Tue,Dec,2,12
2024-12-03,2024-12-03 21:34:13,21,card,ANON-0000-0000-0685,35.76,Cappuccino,Night,Tue,Dec,2,12
2024-12-03,2024-12-03 21:35:19,21,card,ANON-0000-0000-0685,35.76,Hot Chocolate,Night,Tue,Dec,2,12
2024-12-03,2024-12-03 22:19:14,22,card,ANON-0000-0000-0976,30.86,Americano with Milk,Night,Tue,Dec,2,12
2024-12-03,2024-12-03 22:21:42,22,card,ANON-0000-0000-0206,35.76,Cappuccino,Night,Tue,Dec,2,12
2024-12-04,2024-12-04 08:32:48,8,card,ANON-0000-0000-0141,25.96,Cortado,Morning,Wed,Dec,3,12
2024-12-04,2024-12-04 08:50:30,8,card,ANON-0000-0000-0977,35.76,Latte,Morning,Wed,Dec,3,12
2024-12-04,2024-12-04 08:52:15,8,card,ANON-0000-0000-0978,35.76,Latte,Morning,Wed,Dec,3,12
2024-12-04,2024-12-04 09:04:14,9,card,ANON-0000-0000-0979,25.96,Americano,Morning,Wed,Dec,3,12
2024-12-04,2024-12-04 10:23:01,10,card,ANON-0000-0000-0276,30.86,Americano with Milk,Morning,Wed,Dec,3,12
2024-12-04,2024-12-04 10:24:08,10,card,ANON-0000-0000-0276,30.86,Americano with Milk,Morning,Wed,Dec,3,12
2024-12-04,2024-12-04 10:26:58,10,card,ANON-0000-0000-0980,30.86,Americano with Milk,Morning,Wed,Dec,3,12
2024-12-04,2024-12-04 10:29:48,10,card,ANON-0000-0000-0783,35.76,Hot Chocolate,Morning,Wed,Dec,3,12
2024-12-04,2024-12-04 11:45:58,11,card,ANON-0000-0000-0981,30.86,Americano with Milk,Morning,Wed,Dec,3,12
2024-12-04,2024-12-04 14:33:55,14,card,ANON-0000-0000-0982,35.76,Hot Chocolate,Afternoon,Wed,Dec,3,12
2024-12-05,2024-12-05 08:53:48,8,card,ANON-0000-0000-0983,25.96,Americano,Morning,Thu,Dec,4,12
2024-12-05,2024-12-05 09:20:29,9,card,ANON-0000-0000-0141,25.96,Cortado,Morning,Thu,Dec,4,12
2024-12-05,2024-12-05 10:02:51,10,card,ANON-0000-0000-0276,30.86,Americano with Milk,Morning,Thu,Dec,4,12
2024-12-05,2024-12-05 10:05:06,10,card,ANON-0000-0000-0276,30.86,Americano with Milk,Morning,Thu,Dec,4,12
2024-12-05,2024-12-05 11:31:58,11,card,ANON-0000-0000-0579,35.76,Latte,Morning,Thu,Dec,4,12
2024-12-05,2024-12-05 11:50:45,11,card,ANON-0000-0000-0984,25.96,Americano,Morning,Thu,Dec,4,12
2024-12-05,2024-12-05 14:30:58,14,card,ANON-0000-0000-0985,35.76,Cappuccino,Afternoon,Thu,Dec,4,12
2024-12-05,2024-12-05 15:21:19,15,card,ANON-0000-0000-0906,35.76,Latte,Afternoon,Thu,Dec,4,12
2024-12-05,2024-12-05 16:02:10,16,card,ANON-0000-0000-0771,35.76,Latte,Afternoon,Thu,Dec,4,12
2024-12-06,2024-12-06 11:42:18,11,card,ANON-0000-0000-0906,35.76,Latte,Morning,Fri,Dec,5,12
2024-12-06,2024-12-06 16:31:58,16,card,ANON-0000-0000-0938,35.76,Hot Chocolate,Afternoon,Fri,Dec,5,12
2024-12-06,2024-12-06 22:30:33,22,card,ANON-0000-0000-0731,35.76,Latte,Night,Fri,Dec,5,12
2024-12-06,2024-12-06 22:31:30,22,card,ANON-0000-0000-0731,35.76,Hot Chocolate,Night,Fri,Dec,5,12
2024-12-07,2024-12-07 11:17:10,11,card,ANON-0000-0000-0986,30.86,Americano with Milk,Morning,Sat,Dec,6,12
2024-12-07,2024-12-07 14:16:43,14,card,ANON-0000-0000-0987,25.96,Americano,Afternoon,Sat,Dec,6,12
2024-12-07,2024-12-07 15:44:05,15,card,ANON-0000-0000-0409,35.76,Latte,Afternoon,Sat,Dec,6,12
2024-12-07,2024-12-07 19:11:13,19,card,ANON-0000-0000-0206,35.76,Cappuccino,Night,Sat,Dec,6,12
2024-12-07,2024-12-07 22:00:10,22,card,ANON-0000-0000-0988,30.86,Americano with Milk,Night,Sat,Dec,6,12
2024-12-07,2024-12-07 22:28:17,22,card,ANON-0000-0000-0989,25.96,Americano,Night,Sat,Dec,6,12
2024-12-08,2024-12-08 08:29:25,8,card,ANON-0000-0000-0141,25.96,Cortado,Morning,Sun,Dec,7,12
2024-12-08,2024-12-08 10:42:38,10,card,ANON-0000-0000-0787,35.76,Latte,Morning,Sun,Dec,7,12
2024-12-08,2024-12-08 10:43:43,10,card,ANON-0000-0000-0787,35.76,Cappuccino,Morning,Sun,Dec,7,12
2024-12-08,2024-12-08 12:51:41,12,card,ANON-0000-0000-0990,25.96,Cortado,Afternoon,Sun,Dec,7,12
2024-12-08,2024-12-08 13:02:36,13,card,ANON-0000-0000-0991,30.86,Americano with Milk,Afternoon,Sun,Dec,7,12
2024-12-08,2024-12-08 13:03:39,13,card,ANON-0000-0000-0991,30.86,Americano with Milk,Afternoon,Sun,Dec,7,12
2024-12-08,2024-12-08 17:26:29,17,card,ANON-0000-0000-0206,35.76,Cappuccino,Night,Sun,Dec,7,12
2024-12-08,2024-12-08 18:41:49,18,card,ANON-0000-0000-0992,21.06,Espresso,Night,Sun,Dec,7,12
2024-12-08,2024-12-08 20:47:19,20,card,ANON-0000-0000-0097,35.76,Cappuccino,Night,Sun,Dec,7,12
2024-12-08,2024-12-08 21:28:30,21,card,ANON-0000-0000-0993,30.86,Americano with Milk,Night,Sun,Dec,7,12
2024-12-08,2024-12-08 21:41:24,21,card,ANON-0000-0000-0976,30.86,Americano with Milk,Night,Sun,Dec,7,12
2024-12-09,2024-12-09 08:32:41,8,card,ANON-0000-0000-0994,35.76,Cappuccino,Morning,Mon,Dec,1,12
2024-12-09,2024-12-09 09:12:25,9,card,ANON-0000-0000-0995,25.96,Americano,Morning,Mon,Dec,1,12
2024-12-09,2024-12-09 09:33:57,9,card,ANON-0000-0000-0276,30.86,Americano with Milk,Morning,Mon,Dec,1,12
2024-12-09,2024-12-09 13:00:55,13,card,ANON-0000-0000-0802,25.96,Cortado,Afternoon,Mon,Dec,1,12
2024-12-09,2024-12-09 21:21:51,21,card,ANON-0000-0000-0996,35.76,Cocoa,Night,Mon,Dec,1,12
2024-12-10,2024-12-10 12:25:50,12,card,ANON-0000-0000-0141,25.96,Cortado,Afternoon,Tue,Dec,2,12
2024-12-10,2024-12-10 18:21:58,18,card,ANON-0000-0000-0938,35.76,Hot Chocolate,Night,Tue,Dec,2,12
2024-12-11,2024-12-11 07:49:46,7,card,ANON-0000-0000-0570,35.76,Latte,Morning,Wed,Dec,3,12
2024-12-11,2024-12-11 10:45:48,10,card,ANON-0000-0000-0141,25.96,Cortado,Morning,Wed,Dec,3,12
2024-12-11,2024-12-11 12:13:06,12,card,ANON-0000-0000-0997,35.76,Hot Chocolate,Afternoon,Wed,Dec,3,12
2024-12-11,2024-12-11 12:56:48,12,card,ANON-0000-0000-0998,21.06,Espresso,Afternoon,Wed,Dec,3,12
2024-12-11,2024-12-11 17:59:25,17,card,ANON-0000-0000-0999,35.76,Cocoa,Night,Wed,Dec,3,12
2024-12-11,2024-12-11 21:01:08,21,card,ANON-0000-0000-0690,35.76,Latte,Night,Wed,Dec,3,12
2024-12-11,2024-12-11 21:18:17,21,card,ANON-0000-0000-1000,35.76,Latte,Night,Wed,Dec,3,12
2024-12-12,2024-12-12 07:58:31,7,card,ANON-0000-0000-1001,30.86,Americano with Milk,Morning,Thu,Dec,4,12
2024-12-12,2024-12-12 12:49:24,12,card,ANON-0000-0000-1002,25.96,Americano,Afternoon,Thu,Dec,4,12
2024-12-12,2024-12-12 16:55:02,16,card,ANON-0000-0000-1003,21.06,Espresso,Afternoon,Thu,Dec,4,12
2024-12-12,2024-12-12 16:55:49,16,card,ANON-0000-0000-1003,21.06,Espresso,Afternoon,Thu,Dec,4,12
2024-12-12,2024-12-12 16:57:01,16,card,ANON-0000-0000-1003,25.96,Americano,Afternoon,Thu,Dec,4,12
2024-12-12,2024-12-12 19:50:01,19,card,ANON-0000-0000-0922,35.76,Cocoa,Night,Thu,Dec,4,12
2024-12-12,2024-12-12 19:50:58,19,card,ANON-0000-0000-0922,35.76,Cocoa,Night,Thu,Dec,4,12
2024-12-13,2024-12-13 12:27:25,12,card,ANON-0000-0000-1004,25.96,Americano,Afternoon,Fri,Dec,5,12
2024-12-13,2024-12-13 12:53:06,12,card,ANON-0000-0000-1003,25.96,Americano,Afternoon,Fri,Dec,5,12
2024-12-13,2024-12-13 12:54:40,12,card,ANON-0000-0000-1003,35.76,Hot Chocolate,Afternoon,Fri,Dec,5,12
2024-12-13,2024-12-13 14:01:58,14,card,ANON-0000-0000-1005,35.76,Hot Chocolate,Afternoon,Fri,Dec,5,12
2024-12-13,2024-12-13 16:23:24,16,card,ANON-0000-0000-0494,35.76,Cocoa,Afternoon,Fri,Dec,5,12
2024-12-13,2024-12-13 19:19:04,19,card,ANON-0000-0000-0876,35.76,Cappuccino,Night,Fri,Dec,5,12
2024-12-13,2024-12-13 19:20:10,19,card,ANON-0000-0000-0876,35.76,Cappuccino,Night,Fri,Dec,5,12
2024-12-13,2024-12-13 21:35:42,21,card,ANON-0000-0000-0748,35.76,Latte,Night,Fri,Dec,5,12
2024-12-14,2024-12-14 08:27:32,8,card,ANON-0000-0000-1006,30.86,Americano with Milk,Morning,Sat,Dec,6,12
2024-12-14,2024-12-14 09:03:06,9,card,ANON-0000-0000-1007,35.76,Cocoa,Morning,Sat,Dec,6,12
2024-12-14,2024-12-14 11:41:58,11,card,ANON-0000-0000-0664,35.76,Cappuccino,Morning,Sat,Dec,6,12
2024-12-14,2024-12-14 13:19:07,13,card,ANON-0000-0000-1008,25.96,Americano,Afternoon,Sat,Dec,6,12
2024-12-14,2024-12-14 13:20:09,13,card,ANON-0000-0000-1008,35.76,Latte,Afternoon,Sat,Dec,6,12
2024-12-14,2024-12-14 16:10:30,16,card,ANON-0000-0000-0612,35.76,Cocoa,Afternoon,Sat,Dec,6,12
2024-12-14,2024-12-14 16:29:59,16,card,ANON-0000-0000-0040,25.96,Americano,Afternoon,Sat,Dec,6,12
2024-12-14,2024-12-14 16:30:50,16,card,ANON-0000-0000-0040,25.96,Americano,Afternoon,Sat,Dec,6,12
2024-12-14,2024-12-14 17:00:16,17,card,ANON-0000-0000-1003,25.96,Americano,Night,Sat,Dec,6,12
2024-12-14,2024-12-14 17:01:29,17,card,ANON-0000-0000-1003,25.96,Americano,Night,Sat,Dec,6,12
2024-12-14,2024-12-14 18:23:44,18,card,ANON-0000-0000-1009,30.86,Americano with Milk,Night,Sat,Dec,6,12
2024-12-15,2024-12-15 11:09:25,11,card,ANON-0000-0000-0570,35.76,Latte,Morning,Sun,Dec,7,12
2024-12-15,2024-12-15 11:10:26,11,card,ANON-0000-0000-0570,35.76,Cocoa,Morning,Sun,Dec,7,12
2024-12-15,2024-12-15 17:58:05,17,card,ANON-0000-0000-0798,35.76,Hot Chocolate,Night,Sun,Dec,7,12
2024-12-16,2024-12-16 07:52:18,7,card,ANON-0000-0000-0570,35.76,Latte,Morning,Mon,Dec,1,12
2024-12-16,2024-12-16 08:03:31,8,card,ANON-0000-0000-1010,35.76,Hot Chocolate,Morning,Mon,Dec,1,12
2024-12-16,2024-12-16 08:46:54,8,card,ANON-0000-0000-0714,35.76,Cocoa,Morning,Mon,Dec,1,12
2024-12-16,2024-12-16 12:19:08,12,card,ANON-0000-0000-1011,30.86,Americano with Milk,Afternoon,Mon,Dec,1,12
2024-12-16,2024-12-16 13:08:53,13,card,ANON-0000-0000-0886,35.76,Latte,Afternoon,Mon,Dec,1,12
2024-12-16,2024-12-16 14:13:18,14,card,ANON-0000-0000-0896,35.76,Hot Chocolate,Afternoon,Mon,Dec,1,12
2024-12-16,2024-12-16 18:23:07,18,card,ANON-0000-0000-0012,35.76,Latte,Night,Mon,Dec,1,12
2024-12-16,2024-12-16 18:24:01,18,card,ANON-0000-0000-0012,30.86,Americano with Milk,Night,Mon,Dec,1,12
2024-12-17,2024-12-17 08:48:18,8,card,ANON-0000-0000-1012,25.96,Cortado,Morning,Tue,Dec,2,12
2024-12-17,2024-12-17 08:52:33,8,card,ANON-0000-0000-1013,35.76,Cappuccino,Morning,Tue,Dec,2,12
2024-12-17,2024-12-17 10:49:06,10,card,ANON-0000-0000-0276,30.86,Americano with Milk,Morning,Tue,Dec,2,12
2024-12-17,2024-12-17 16:22:35,16,card,ANON-0000-0000-1014,25.96,Americano,Afternoon,Tue,Dec,2,12
2024-12-17,2024-12-17 16:23:37,16,card,ANON-0000-0000-1014,35.76,Cocoa,Afternoon,Tue,Dec,2,12
2024-12-17,2024-12-17 17:14:22,17,card,ANON-0000-0000-0664,35.76,Cappuccino,Night,Tue,Dec,2,12
2024-12-17,2024-12-17 18:54:57,18,card,ANON-0000-0000-0907,35.76,Cocoa,Night,Tue,Dec,2,12
2024-12-18,2024-12-18 09:30:28,9,card,ANON-0000-0000-1015,35.76,Latte,Morning,Wed,Dec,3,12
2024-12-18,2024-12-18 10:01:21,10,card,ANON-0000-0000-1016,30.86,Americano with Milk,Morning,Wed,Dec,3,12
2024-12-18,2024-12-18 10:03:02,10,card,ANON-0000-0000-1016,35.76,Latte,Morning,Wed,Dec,3,12
2024-12-18,2024-12-18 10:04:03,10,card,ANON-0000-0000-1016,35.76,Cappuccino,Morning,Wed,Dec,3,12
2024-12-19,2024-12-19 10:12:11,10,card,ANON-0000-0000-1017,35.76,Hot Chocolate,Morning,Thu,Dec,4,12
2024-12-19,2024-12-19 11:25:44,11,card,ANON-0000-0000-0276,30.86,Americano with Milk,Morning,Thu,Dec,4,12
2024-12-19,2024-12-19 12:10:52,12,card,ANON-0000-0000-1018,21.06,Espresso,Afternoon,Thu,Dec,4,12
2024-12-19,2024-12-19 13:38:57,13,card,ANON-0000-0000-1019,35.76,Hot Chocolate,Afternoon,Thu,Dec,4,12
2024-12-19,2024-12-19 19:00:56,19,card,ANON-0000-0000-0206,35.76,Cappuccino,Night,Thu,Dec,4,12
2024-12-19,2024-12-19 19:10:41,19,card,ANON-0000-0000-0040,35.76,Cappuccino,Night,Thu,Dec,4,12
2024-12-19,2024-12-19 19:48:18,19,card,ANON-0000-0000-1020,30.86,Americano with Milk,Night,Thu,Dec,4,12
2024-12-19,2024-12-19 19:49:43,19,card,ANON-0000-0000-1020,35.76,Hot Chocolate,Night,Thu,Dec,4,12
2024-12-19,2024-12-19 21:08:12,21,card,ANON-0000-0000-1021,35.76,Latte,Night,Thu,Dec,4,12
2024-12-19,2024-12-19 21:09:16,21,card,ANON-0000-0000-1021,35.76,Cappuccino,Night,Thu,Dec,4,12
2024-12-20,2024-12-20 08:14:52,8,card,ANON-0000-0000-0141,25.96,Cortado,Morning,Fri,Dec,5,12
2024-12-20,2024-12-20 09:39:30,9,card,ANON-0000-0000-0276,30.86,Americano with Milk,Morning,Fri,Dec,5,12
2024-12-20,2024-12-20 10:12:43,10,card,ANON-0000-0000-1022,35.76,Cappuccino,Morning,Fri,Dec,5,12
2024-12-20,2024-12-20 10:55:29,10,card,ANON-0000-0000-0141,25.96,Cortado,Morning,Fri,Dec,5,12
2024-12-20,2024-12-20 12:21:17,12,card,ANON-0000-0000-0819,21.06,Espresso,Afternoon,Fri,Dec,5,12
2024-12-20,2024-12-20 12:22:49,12,card,ANON-0000-0000-0819,30.86,Americano with Milk,Afternoon,Fri,Dec,5,12
2024-12-20,2024-12-20 14:58:20,14,card,ANON-0000-0000-1023,25.96,Cortado,Afternoon,Fri,Dec,5,12
2024-12-20,2024-12-20 18:28:22,18,card,ANON-0000-0000-1024,35.76,Cappuccino,Night,Fri,Dec,5,12
2024-12-20,2024-12-20 18:57:13,18,card,ANON-0000-0000-0206,35.76,Cappuccino,Night,Fri,Dec,5,12
2024-12-21,2024-12-21 10:19:24,10,card,ANON-0000-0000-1025,35.76,Cappuccino,Morning,Sat,Dec,6,12
2024-12-21,2024-12-21 10:20:41,10,card,ANON-0000-0000-1025,35.76,Latte,Morning,Sat,Dec,6,12
2024-12-21,2024-12-21 10:32:03,10,card,ANON-0000-0000-1026,25.96,Americano,Morning,Sat,Dec,6,12
2024-12-21,2024-12-21 15:33:04,15,card,ANON-0000-0000-0507,35.76,Hot Chocolate,Afternoon,Sat,Dec,6,12
2024-12-21,2024-12-21 15:33:50,15,card,ANON-0000-0000-0507,35.76,Latte,Afternoon,Sat,Dec,6,12
2024-12-21,2024-12-21 15:35:29,15,card,ANON-0000-0000-0842,30.86,Americano with Milk,Afternoon,Sat,Dec,6,12
2024-12-21,2024-12-21 15:58:07,15,card,ANON-0000-0000-1027,35.76,Latte,Afternoon,Sat,Dec,6,12
2024-12-21,2024-12-21 17:47:28,17,card,ANON-0000-0000-1020,35.76,Cocoa,Night,Sat,Dec,6,12
2024-12-21,2024-12-21 18:02:37,18,card,ANON-0000-0000-1028,35.76,Hot Chocolate,Night,Sat,Dec,6,12
2024-12-21,2024-12-21 18:08:17,18,card,ANON-0000-0000-1029,25.96,Cortado,Night,Sat,Dec,6,12
2024-12-21,2024-12-21 19:48:13,19,card,ANON-0000-0000-1030,30.86,Americano with Milk,Night,Sat,Dec,6,12
2024-12-21,2024-12-21 19:49:46,19,card,ANON-0000-0000-1030,25.96,Cortado,Night,Sat,Dec,6,12
2024-12-21,2024-12-21 21:49:47,21,card,ANON-0000-0000-1029,25.96,Cortado,Night,Sat,Dec,6,12
2024-12-21,2024-12-21 21:58:49,21,card,ANON-0000-0000-1031,35.76,Latte,Night,Sat,Dec,6,12
2024-12-21,2024-12-21 22:16:14,22,card,ANON-0000-0000-1029,25.96,Cortado,Night,Sat,Dec,6,12
2024-12-22,2024-12-22 10:42:56,10,card,ANON-0000-0000-0333,35.76,Cappuccino,Morning,Sun,Dec,7,12
2024-12-22,2024-12-22 18:55:45,18,card,ANON-0000-0000-0206,35.76,Cappuccino,Night,Sun,Dec,7,12
2024-12-22,2024-12-22 19:35:46,19,card,ANON-0000-0000-1032,35.76,Hot Chocolate,Night,Sun,Dec,7,12
2024-12-22,2024-12-22 19:36:30,19,card,ANON-0000-0000-1032,35.76,Hot Chocolate,Night,Sun,Dec,7,12
2024-12-22,2024-12-22 20:26:37,20,card,ANON-0000-0000-0636,35.76,Hot Chocolate,Night,Sun,Dec,7,12
2024-12-22,2024-12-22 21:55:19,21,card,ANON-0000-0000-1033,35.76,Cocoa,Night,Sun,Dec,7,12
2024-12-22,2024-12-22 21:56:56,21,card,ANON-0000-0000-1034,25.96,Cortado,Night,Sun,Dec,7,12
2024-12-23,2024-12-23 09:03:21,9,card,ANON-0000-0000-1029,25.96,Cortado,Morning,Mon,Dec,1,12
2024-12-23,2024-12-23 09:22:18,9,card,ANON-0000-0000-0276,30.86,Americano with Milk,Morning,Mon,Dec,1,12
2024-12-23,2024-12-23 10:42:03,10,card,ANON-0000-0000-0042,30.86,Americano with Milk,Morning,Mon,Dec,1,12
2024-12-23,2024-12-23 11:35:54,11,card,ANON-0000-0000-0570,35.76,Cappuccino,Morning,Mon,Dec,1,12
2024-12-23,2024-12-23 14:05:32,14,card,ANON-0000-0000-1035,35.76,Latte,Afternoon,Mon,Dec,1,12
2024-12-23,2024-12-23 15:00:24,15,card,ANON-0000-0000-1036,30.86,Americano with Milk,Afternoon,Mon,Dec,1,12
2024-12-23,2024-12-23 16:14:50,16,card,ANON-0000-0000-0906,35.76,Latte,Afternoon,Mon,Dec,1,12
2024-12-23,2024-12-23 17:21:20,17,card,ANON-0000-0000-1037,25.96,Cortado,Night,Mon,Dec,1,12
2024-12-23,2024-12-23 17:22:40,17,card,ANON-0000-0000-1037,35.76,Latte,Night,Mon,Dec,1,12
2024-12-23,2024-12-23 20:46:07,20,card,ANON-0000-0000-1029,25.96,Cortado,Night,Mon,Dec,1,12
2024-12-24,2024-12-24 15:10:43,15,card,ANON-0000-0000-1038,30.86,Americano with Milk,Afternoon,Tue,Dec,2,12
2024-12-24,2024-12-24 16:08:38,16,card,ANON-0000-0000-1039,35.76,Hot Chocolate,Afternoon,Tue,Dec,2,12
2024-12-24,2024-12-24 17:55:29,17,card,ANON-0000-0000-1029,25.96,Cortado,Night,Tue,Dec,2,12
2024-12-24,2024-12-24 19:10:36,19,card,ANON-0000-0000-1039,35.76,Hot Chocolate,Night,Tue,Dec,2,12
2024-12-24,2024-12-24 19:11:37,19,card,ANON-0000-0000-1040,35.76,Latte,Night,Tue,Dec,2,12
2024-12-24,2024-12-24 19:12:35,19,card,ANON-0000-0000-1039,21.06,Espresso,Night,Tue,Dec,2,12
2024-12-24,2024-12-24 19:36:02,19,card,ANON-0000-0000-0097,35.76,Cappuccino,Night,Tue,Dec,2,12
2024-12-25,2024-12-25 10:43:57,10,card,ANON-0000-0000-1041,35.76,Latte,Morning,Wed,Dec,3,12
2024-12-25,2024-12-25 10:45:02,10,card,ANON-0000-0000-1041,35.76,Latte,Morning,Wed,Dec,3,12
2024-12-25,2024-12-25 12:35:03,12,card,ANON-0000-0000-1042,30.86,Americano with Milk,Afternoon,Wed,Dec,3,12
2024-12-25,2024-12-25 12:36:00,12,card,ANON-0000-0000-1042,25.96,Americano,Afternoon,Wed,Dec,3,12
2024-12-25,2024-12-25 13:17:11,13,card,ANON-0000-0000-1043,30.86,Americano with Milk,Afternoon,Wed,Dec,3,12
2024-12-25,2024-12-25 13:32:48,13,card,ANON-0000-0000-1044,25.96,Americano,Afternoon,Wed,Dec,3,12
2024-12-25,2024-12-25 20:02:40,20,card,ANON-0000-0000-0097,35.76,Cappuccino,Night,Wed,Dec,3,12
2024-12-25,2024-12-25 21:18:50,21,card,ANON-0000-0000-1045,35.76,Cocoa,Night,Wed,Dec,3,12
2024-12-25,2024-12-25 21:19:42,21,card,ANON-0000-0000-1045,35.76,Cocoa,Night,Wed,Dec,3,12
2024-12-25,2024-12-25 21:57:30,21,card,ANON-0000-0000-1046,35.76,Latte,Night,Wed,Dec,3,12
2024-12-25,2024-12-25 22:51:03,22,card,ANON-0000-0000-0154,35.76,Cappuccino,Night,Wed,Dec,3,12
2024-12-25,2024-12-25 22:53:06,22,card,ANON-0000-0000-0154,30.86,Americano with Milk,Night,Wed,Dec,3,12
2024-12-26,2024-12-26 13:12:38,13,card,ANON-0000-0000-1047,35.76,Cappuccino,Afternoon,Thu,Dec,4,12
2024-12-26,2024-12-26 15:04:34,15,card,ANON-0000-0000-1048,21.06,Espresso,Afternoon,Thu,Dec,4,12
2024-12-27,2024-12-27 07:50:21,7,card,ANON-0000-0000-1049,25.96,Americano,Morning,Fri,Dec,5,12
2024-12-27,2024-12-27 08:57:39,8,card,ANON-0000-0000-1029,25.96,Cortado,Morning,Fri,Dec,5,12
2024-12-27,2024-12-27 09:09:55,9,card,ANON-0000-0000-0141,25.96,Cortado,Morning,Fri,Dec,5,12
2024-12-27,2024-12-27 10:12:53,10,card,ANON-0000-0000-0276,30.86,Americano with Milk,Morning,Fri,Dec,5,12
2024-12-27,2024-12-27 17:12:05,17,card,ANON-0000-0000-1050,35.76,Latte,Night,Fri,Dec,5,12
2024-12-27,2024-12-27 19:47:28,19,card,ANON-0000-0000-1051,25.96,Americano,Night,Fri,Dec,5,12
2024-12-27,2024-12-27 19:48:22,19,card,ANON-0000-0000-1051,30.86,Americano with Milk,Night,Fri,Dec,5,12
2024-12-27,2024-12-27 22:54:33,22,card,ANON-0000-0000-0701,35.76,Cocoa,Night,Fri,Dec,5,12
2024-12-28,2024-12-28 09:00:23,9,card,ANON-0000-0000-1029,25.96,Cortado,Morning,Sat,Dec,6,12
2024-12-28,2024-12-28 09:50:38,9,card,ANON-0000-0000-0141,25.96,Cortado,Morning,Sat,Dec,6,12
2024-12-28,2024-12-28 10:18:44,10,card,ANON-0000-0000-0727,30.86,Americano with Milk,Morning,Sat,Dec,6,12
2024-12-28,2024-12-28 10:52:03,10,card,ANON-0000-0000-0570,35.76,Latte,Morning,Sat,Dec,6,12
2024-12-28,2024-12-28 14:10:01,14,card,ANON-0000-0000-1052,35.76,Cappuccino,Afternoon,Sat,Dec,6,12
2024-12-28,2024-12-28 14:13:17,14,card,ANON-0000-0000-1053,35.76,Hot Chocolate,Afternoon,Sat,Dec,6,12
2024-12-28,2024-12-28 17:23:40,17,card,ANON-0000-0000-0507,35.76,Latte,Night,Sat,Dec,6,12
2024-12-28,2024-12-28 22:11:02,22,card,ANON-0000-0000-1054,35.76,Cappuccino,Night,Sat,Dec,6,12
2024-12-29,2024-12-29 13:46:16,13,card,ANON-0000-0000-1029,25.96,Cortado,Afternoon,Sun,Dec,7,12
2024-12-29,2024-12-29 15:04:27,15,card,ANON-0000-0000-1055,21.06,Espresso,Afternoon,Sun,Dec,7,12
2024-12-29,2024-12-29 15:05:16,15,card,ANON-0000-0000-1055,25.96,Americano,Afternoon,Sun,Dec,7,12
2024-12-29,2024-12-29 17:30:05,17,card,ANON-0000-0000-1056,25.96,Cortado,Night,Sun,Dec,7,12
2024-12-29,2024-12-29 17:31:47,17,card,ANON-0000-0000-1057,21.06,Espresso,Night,Sun,Dec,7,12
2024-12-29,2024-12-29 19:47:44,19,card,ANON-0000-0000-1029,25.96,Cortado,Night,Sun,Dec,7,12
2024-12-29,2024-12-29 20:25:54,20,card,ANON-0000-0000-1058,35.76,Hot Chocolate,Night,Sun,Dec,7,12
2024-12-29,2024-12-29 21:17:19,21,card,ANON-0000-0000-0729,35.76,Latte,Night,Sun,Dec,7,12
2024-12-30,2024-12-30 09:02:44,9,card,ANON-0000-0000-1029,25.96,Cortado,Morning,Mon,Dec,1,12
2024-12-30,2024-12-30 09:44:12,9,card,ANON-0000-0000-0276,30.86,Americano with Milk,Morning,Mon,Dec,1,12
2024-12-30,2024-12-30 13:52:31,13,card,ANON-0000-0000-1059,35.76,Latte,Afternoon,Mon,Dec,1,12
2024-12-30,2024-12-30 13:53:39,13,card,ANON-0000-0000-1059,35.76,Hot Chocolate,Afternoon,Mon,Dec,1,12
2024-12-30,2024-12-30 15:12:45,15,card,ANON-0000-0000-0920,35.76,Latte,Afternoon,Mon,Dec,1,12
2024-12-30,2024-12-30 15:13:39,15,card,ANON-0000-0000-0920,30.86,Americano with Milk,Afternoon,Mon,Dec,1,12
2024-12-30,2024-12-30 16:29:54,16,card,ANON-0000-0000-1003,30.86,Americano with Milk,Afternoon,Mon,Dec,1,12
2024-12-30,2024-12-30 16:31:29,16,card,ANON-0000-0000-1060,25.96,Americano,Afternoon,Mon,Dec,1,12
2024-12-30,2024-12-30 16:36:46,16,card,ANON-0000-0000-0886,35.76,Cappuccino,Afternoon,Mon,Dec,1,12
2024-12-31,2024-12-31 08:52:29,8,card,ANON-0000-0000-1029,25.96,Cortado,Morning,Tue,Dec,2,12
2024-12-31,2024-12-31 09:36:50,9,card,ANON-0000-0000-1034,35.76,Cappuccino,Morning,Tue,Dec,2,12
2024-12-31,2024-12-31 09:39:41,9,card,ANON-0000-0000-1034,25.96,Cortado,Morning,Tue,Dec,2,12
2024-12-31,2024-12-31 09:45:29,9,card,ANON-0000-0000-1061,35.76,Cocoa,Morning,Tue,Dec,2,12
2024-12-31,2024-12-31 10:26:53,10,card,ANON-0000-0000-1062,30.86,Americano with Milk,Morning,Tue,Dec,2,12
2024-12-31,2024-12-31 10:29:28,10,card,ANON-0000-0000-1062,30.86,Americano with Milk,Morning,Tue,Dec,2,12
2024-12-31,2024-12-31 11:11:31,11,card,ANON-0000-0000-0195,35.76,Cappuccino,Morning,Tue,Dec,2,12
2024-12-31,2024-12-31 11:12:42,11,card,ANON-0000-0000-0195,30.86,Americano with Milk,Morning,Tue,Dec,2,12
2024-12-31,2024-12-31 15:42:14,15,card,ANON-0000-0000-0012,21.06,Espresso,Afternoon,Tue,Dec,2,12
2024-12-31,2024-12-31 15:43:13,15,card,ANON-0000-0000-0012,25.96,Americano,Afternoon,Tue,Dec,2,12
2024-12-31,2024-12-31 16:07:19,16,card,ANON-0000-0000-1063,35.76,Cappuccino,Afternoon,Tue,Dec,2,12
2024-12-31,2024-12-31 17:10:18,17,card,ANON-0000-0000-0525,35.76,Latte,Night,Tue,Dec,2,12
2024-12-31,2024-12-31 17:30:53,17,card,ANON-0000-0000-1064,30.86,Americano with Milk,Night,Tue,Dec,2,12
2024-12-31,2024-12-31 17:31:49,17,card,ANON-0000-0000-1065,35.76,Cappuccino,Night,Tue,Dec,2,12
2024-12-31,2024-12-31 19:07:25,19,card,ANON-0000-0000-1066,35.76,Latte,Night,Tue,Dec,2,12
2024-12-31,2024-12-31 19:08:39,19,card,ANON-0000-0000-1066,35.76,Hot Chocolate,Night,Tue,Dec,2,12
2025-01-02,2025-01-02 09:58:05,9,card,ANON-0000-0000-0276,30.86,Americano with Milk,Morning,Thu,Jan,4,1
2025-01-02,2025-01-02 13:29:40,13,card,ANON-0000-0000-1067,35.76,Cocoa,Afternoon,Thu,Jan,4,1
2025-01-02,2025-01-02 13:30:39,13,card,ANON-0000-0000-1067,35.76,Cocoa,Afternoon,Thu,Jan,4,1
2025-01-02,2025-01-02 14:41:11,14,card,ANON-0000-0000-1068,25.96,Cortado,Afternoon,Thu,Jan,4,1
2025-01-02,2025-01-02 14:42:46,14,card,ANON-0000-0000-1068,25.96,Cortado,Afternoon,Thu,Jan,4,1
2025-01-02,2025-01-02 16:22:32,16,card,ANON-0000-0000-1069,25.96,Americano,Afternoon,Thu,Jan,4,1
2025-01-02,2025-01-02 16:34:59,16,card,ANON-0000-0000-0877,35.76,Hot Chocolate,Afternoon,Thu,Jan,4,1
2025-01-02,2025-01-02 16:35:44,16,card,ANON-0000-0000-0877,30.86,Americano with Milk,Afternoon,Thu,Jan,4,1
2025-01-02,2025-01-02 17:43:10,17,card,ANON-0000-0000-0525,35.76,Cappuccino,Night,Thu,Jan,4,1
2025-01-03,2025-01-03 09:03:23,9,card,ANON-0000-0000-1029,25.96,Cortado,Morning,Fri,Jan,5,1
2025-01-03,2025-01-03 10:10:31,10,card,ANON-0000-0000-0276,30.86,Americano with Milk,Morning,Fri,Jan,5,1
2025-01-03,2025-01-03 16:58:09,16,card,ANON-0000-0000-1070,30.86,Americano with Milk,Afternoon,Fri,Jan,5,1
2025-01-03,2025-01-03 22:13:29,22,card,ANON-0000-0000-0620,35.76,Cappuccino,Night,Fri,Jan,5,1
2025-01-03,2025-01-03 22:18:20,22,card,ANON-0000-0000-1071,25.96,Americano,Night,Fri,Jan,5,1
2025-01-03,2025-01-03 22:19:14,22,card,ANON-0000-0000-1072,25.96,Americano,Night,Fri,Jan,5,1
2025-01-03,2025-01-03 22:21:26,22,card,ANON-0000-0000-0690,35.76,Latte,Night,Fri,Jan,5,1
2025-01-04,2025-01-04 08:58:27,8,card,ANON-0000-0000-1029,25.96,Cortado,Morning,Sat,Jan,6,1
2025-01-04,2025-01-04 09:59:28,9,card,ANON-0000-0000-1073,25.96,Americano,Morning,Sat,Jan,6,1
2025-01-04,2025-01-04 13:40:00,13,card,ANON-0000-0000-1074,35.76,Cappuccino,Afternoon,Sat,Jan,6,1
2025-01-04,2025-01-04 15:59:33,15,card,ANON-0000-0000-0877,35.76,Cocoa,Afternoon,Sat,Jan,6,1
2025-01-04,2025-01-04 16:12:55,16,card,ANON-0000-0000-1034,30.86,Americano with Milk,Afternoon,Sat,Jan,6,1
2025-01-04,2025-01-04 16:14:10,16,card,ANON-0000-0000-1034,35.76,Cappuccino,Afternoon,Sat,Jan,6,1
2025-01-04,2025-01-04 16:16:11,16,card,ANON-0000-0000-1034,35.76,Cappuccino,Afternoon,Sat,Jan,6,1
2025-01-04,2025-01-04 16:18:04,16,card,ANON-0000-0000-1034,25.96,Cortado,Afternoon,Sat,Jan,6,1
2025-01-04,2025-01-04 18:11:39,18,card,ANON-0000-0000-1075,25.96,Americano,Night,Sat,Jan,6,1
2025-01-04,2025-01-04 22:23:31,22,card,ANON-0000-0000-1000,35.76,Latte,Night,Sat,Jan,6,1
2025-01-05,2025-01-05 09:45:58,9,card,ANON-0000-0000-1076,30.86,Americano with Milk,Morning,Sun,Jan,7,1
2025-01-05,2025-01-05 10:53:01,10,card,ANON-0000-0000-1077,35.76,Latte,Morning,Sun,Jan,7,1
2025-01-05,2025-01-05 22:07:16,22,card,ANON-0000-0000-1078,30.86,Americano with Milk,Night,Sun,Jan,7,1
2025-01-06,2025-01-06 19:58:51,19,card,ANON-0000-0000-1079,25.96,Americano,Night,Mon,Jan,1,1
2025-01-07,2025-01-07 13:29:03,13,card,ANON-0000-0000-1080,35.76,Cappuccino,Afternoon,Tue,Jan,2,1
2025-01-07,2025-01-07 22:32:45,22,card,ANON-0000-0000-1081,35.76,Cocoa,Night,Tue,Jan,2,1
2025-01-07,2025-01-07 22:33:59,22,card,ANON-0000-0000-1081,35.76,Cocoa,Night,Tue,Jan,2,1
2025-01-08,2025-01-08 07:30:02,7,card,ANON-0000-0000-1082,30.86,Americano with Milk,Morning,Wed,Jan,3,1
2025-01-08,2025-01-08 09:11:15,9,card,ANON-0000-0000-1083,35.76,Latte,Morning,Wed,Jan,3,1
2025-01-08,2025-01-08 10:30:29,10,card,ANON-0000-0000-1034,25.96,Cortado,Morning,Wed,Jan,3,1
2025-01-08,2025-01-08 17:22:52,17,card,ANON-0000-0000-0206,35.76,Cappuccino,Night,Wed,Jan,3,1
2025-01-09,2025-01-09 08:07:08,8,card,ANON-0000-0000-1084,25.96,Americano,Morning,Thu,Jan,4,1
2025-01-09,2025-01-09 08:56:35,8,card,ANON-0000-0000-0570,35.76,Latte,Morning,Thu,Jan,4,1
2025-01-09,2025-01-09 09:02:32,9,card,ANON-0000-0000-0385,30.86,Americano with Milk,Morning,Thu,Jan,4,1
2025-01-09,2025-01-09 14:27:24,14,card,ANON-0000-0000-0348,21.06,Espresso,Afternoon,Thu,Jan,4,1
2025-01-09,2025-01-09 15:36:59,15,card,ANON-0000-0000-1085,35.76,Latte,Afternoon,Thu,Jan,4,1
2025-01-09,2025-01-09 15:48:10,15,card,ANON-0000-0000-0141,30.86,Americano with Milk,Afternoon,Thu,Jan,4,1
2025-01-09,2025-01-09 15:49:12,15,card,ANON-0000-0000-0141,25.96,Cortado,Afternoon,Thu,Jan,4,1
2025-01-09,2025-01-09 20:30:29,20,card,ANON-0000-0000-0012,30.86,Americano with Milk,Night,Thu,Jan,4,1
2025-01-09,2025-01-09 22:10:21,22,card,ANON-0000-0000-0329,35.76,Latte,Night,Thu,Jan,4,1
2025-01-10,2025-01-10 08:49:21,8,card,ANON-0000-0000-0224,30.86,Americano with Milk,Morning,Fri,Jan,5,1
2025-01-10,2025-01-10 09:16:36,9,card,ANON-0000-0000-0385,30.86,Americano with Milk,Morning,Fri,Jan,5,1
2025-01-10,2025-01-10 17:51:19,17,card,ANON-0000-0000-1086,35.76,Cappuccino,Night,Fri,Jan,5,1
2025-01-10,2025-01-10 17:55:53,17,card,ANON-0000-0000-1045,35.76,Hot Chocolate,Night,Fri,Jan,5,1
2025-01-10,2025-01-10 17:59:39,17,card,ANON-0000-0000-0224,30.86,Americano with Milk,Night,Fri,Jan,5,1
2025-01-11,2025-01-11 07:44:30,7,card,ANON-0000-0000-0842,30.86,Americano with Milk,Morning,Sat,Jan,6,1
2025-01-11,2025-01-11 10:49:41,10,card,ANON-0000-0000-1087,35.76,Hot Chocolate,Morning,Sat,Jan,6,1
2025-01-11,2025-01-11 11:13:54,11,card,ANON-0000-0000-1088,25.96,Americano,Morning,Sat,Jan,6,1
2025-01-11,2025-01-11 11:20:18,11,card,ANON-0000-0000-1089,35.76,Latte,Morning,Sat,Jan,6,1
2025-01-11,2025-01-11 11:21:26,11,card,ANON-0000-0000-1089,35.76,Latte,Morning,Sat,Jan,6,1
2025-01-11,2025-01-11 12:10:59,12,card,ANON-0000-0000-1089,35.76,Latte,Afternoon,Sat,Jan,6,1
2025-01-11,2025-01-11 12:13:25,12,card,ANON-0000-0000-1089,35.76,Latte,Afternoon,Sat,Jan,6,1
2025-01-11,2025-01-11 14:12:55,14,card,ANON-0000-0000-1090,30.86,Americano with Milk,Afternoon,Sat,Jan,6,1
2025-01-11,2025-01-11 14:15:38,14,card,ANON-0000-0000-1091,30.86,Americano with Milk,Afternoon,Sat,Jan,6,1
2025-01-11,2025-01-11 14:16:44,14,card,ANON-0000-0000-1091,35.76,Cappuccino,Afternoon,Sat,Jan,6,1
2025-01-11,2025-01-11 14:47:03,14,card,ANON-0000-0000-1092,35.76,Latte,Afternoon,Sat,Jan,6,1
2025-01-11,2025-01-11 17:19:34,17,card,ANON-0000-0000-1093,25.96,Cortado,Night,Sat,Jan,6,1
2025-01-11,2025-01-11 17:20:57,17,card,ANON-0000-0000-1094,35.76,Latte,Night,Sat,Jan,6,1
2025-01-11,2025-01-11 17:22:05,17,card,ANON-0000-0000-1093,25.96,Cortado,Night,Sat,Jan,6,1
2025-01-11,2025-01-11 18:01:28,18,card,ANON-0000-0000-1095,30.86,Americano with Milk,Night,Sat,Jan,6,1
2025-01-12,2025-01-12 11:45:32,11,card,ANON-0000-0000-0842,30.86,Americano with Milk,Morning,Sun,Jan,7,1
2025-01-12,2025-01-12 11:48:19,11,card,ANON-0000-0000-0842,25.96,Americano,Morning,Sun,Jan,7,1
2025-01-12,2025-01-12 11:49:50,11,card,ANON-0000-0000-0012,30.86,Americano with Milk,Morning,Sun,Jan,7,1
2025-01-12,2025-01-12 16:15:59,16,card,ANON-0000-0000-1096,35.76,Hot Chocolate,Afternoon,Sun,Jan,7,1
2025-01-12,2025-01-12 20:56:04,20,card,ANON-0000-0000-1097,30.86,Americano with Milk,Night,Sun,Jan,7,1
2025-01-13,2025-01-13 08:08:20,8,card,ANON-0000-0000-0533,30.86,Americano with Milk,Morning,Mon,Jan,1,1
2025-01-13,2025-01-13 09:17:20,9,card,ANON-0000-0000-0276,30.86,Americano with Milk,Morning,Mon,Jan,1,1
2025-01-13,2025-01-13 13:02:57,13,card,ANON-0000-0000-1034,25.96,Cortado,Afternoon,Mon,Jan,1,1
2025-01-13,2025-01-13 13:50:47,13,card,ANON-0000-0000-0906,35.76,Latte,Afternoon,Mon,Jan,1,1
2025-01-13,2025-01-13 14:11:27,14,card,ANON-0000-0000-1098,35.76,Latte,Afternoon,Mon,Jan,1,1
2025-01-13,2025-01-13 14:12:28,14,card,ANON-0000-0000-1098,35.76,Cappuccino,Afternoon,Mon,Jan,1,1
2025-01-13,2025-01-13 16:25:36,16,card,ANON-0000-0000-1099,35.76,Latte,Afternoon,Mon,Jan,1,1
2025-01-13,2025-01-13 20:51:18,20,card,ANON-0000-0000-0050,21.06,Espresso,Night,Mon,Jan,1,1
2025-01-14,2025-01-14 07:37:42,7,card,ANON-0000-0000-0682,35.76,Latte,Morning,Tue,Jan,2,1
2025-01-14,2025-01-14 09:53:43,9,card,ANON-0000-0000-1029,25.96,Cortado,Morning,Tue,Jan,2,1
2025-01-14,2025-01-14 10:21:46,10,card,ANON-0000-0000-0276,30.86,Americano with Milk,Morning,Tue,Jan,2,1
2025-01-14,2025-01-14 12:49:14,12,card,ANON-0000-0000-1100,35.76,Latte,Afternoon,Tue,Jan,2,1
2025-01-14,2025-01-14 16:18:19,16,card,ANON-0000-0000-1101,30.86,Americano with Milk,Afternoon,Tue,Jan,2,1
2025-01-14,2025-01-14 16:19:27,16,card,ANON-0000-0000-1101,30.86,Americano with Milk,Afternoon,Tue,Jan,2,1
2025-01-14,2025-01-14 19:41:56,19,card,ANON-0000-0000-0206,35.76,Cappuccino,Night,Tue,Jan,2,1
2025-01-14,2025-01-14 21:02:36,21,card,ANON-0000-0000-1097,35.76,Latte,Night,Tue,Jan,2,1
2025-01-15,2025-01-15 09:12:04,9,card,ANON-0000-0000-0419,30.86,Americano with Milk,Morning,Wed,Jan,3,1
2025-01-15,2025-01-15 11:10:24,11,card,ANON-0000-0000-1102,25.96,Americano,Morning,Wed,Jan,3,1
2025-01-15,2025-01-15 13:14:15,13,card,ANON-0000-0000-0886,35.76,Cappuccino,Afternoon,Wed,Jan,3,1
2025-01-15,2025-01-15 15:35:22,15,card,ANON-0000-0000-0634,35.76,Latte,Afternoon,Wed,Jan,3,1
2025-01-15,2025-01-15 15:36:48,15,card,ANON-0000-0000-1103,35.76,Cappuccino,Afternoon,Wed,Jan,3,1
2025-01-15,2025-01-15 15:37:56,15,card,ANON-0000-0000-0634,35.76,Latte,Afternoon,Wed,Jan,3,1
2025-01-15,2025-01-15 16:55:26,16,card,ANON-0000-0000-1104,35.76,Latte,Afternoon,Wed,Jan,3,1
2025-01-15,2025-01-15 18:06:12,18,card,ANON-0000-0000-1105,35.76,Latte,Night,Wed,Jan,3,1
2025-01-15,2025-01-15 19:51:14,19,card,ANON-0000-0000-1097,35.76,Latte,Night,Wed,Jan,3,1
2025-01-15,2025-01-15 21:41:14,21,card,ANON-0000-0000-0731,35.76,Cappuccino,Night,Wed,Jan,3,1
2025-01-16,2025-01-16 09:32:58,9,card,ANON-0000-0000-0886,35.76,Latte,Morning,Thu,Jan,4,1
2025-01-16,2025-01-16 09:38:09,9,card,ANON-0000-0000-0419,30.86,Americano with Milk,Morning,Thu,Jan,4,1
2025-01-16,2025-01-16 10:41:41,10,card,ANON-0000-0000-0012,30.86,Americano with Milk,Morning,Thu,Jan,4,1
2025-01-16,2025-01-16 12:12:16,12,card,ANON-0000-0000-0141,25.96,Cortado,Afternoon,Thu,Jan,4,1
2025-01-16,2025-01-16 15:16:19,15,card,ANON-0000-0000-1106,35.76,Latte,Afternoon,Thu,Jan,4,1
2025-01-16,2025-01-16 16:35:11,16,card,ANON-0000-0000-0406,35.76,Latte,Afternoon,Thu,Jan,4,1
2025-01-16,2025-01-16 18:15:57,18,card,ANON-0000-0000-1097,35.76,Cappuccino,Night,Thu,Jan,4,1
2025-01-16,2025-01-16 21:16:00,21,card,ANON-0000-0000-1045,35.76,Hot Chocolate,Night,Thu,Jan,4,1
2025-01-16,2025-01-16 21:16:59,21,card,ANON-0000-0000-1045,35.76,Hot Chocolate,Night,Thu,Jan,4,1
2025-01-16,2025-01-16 21:40:13,21,card,ANON-0000-0000-1107,25.96,Cortado,Night,Thu,Jan,4,1
2025-01-17,2025-01-17 07:38:20,7,card,ANON-0000-0000-1108,35.76,Cocoa,Morning,Fri,Jan,5,1
2025-01-17,2025-01-17 08:26:21,8,card,ANON-0000-0000-1109,35.76,Latte,Morning,Fri,Jan,5,1
2025-01-17,2025-01-17 08:27:48,8,card,ANON-0000-0000-1109,35.76,Cappuccino,Morning,Fri,Jan,5,1
2025-01-17,2025-01-17 08:47:56,8,card,ANON-0000-0000-0276,30.86,Americano with Milk,Morning,Fri,Jan,5,1
2025-01-17,2025-01-17 09:27:38,9,card,ANON-0000-0000-0012,30.86,Americano with Milk,Morning,Fri,Jan,5,1
2025-01-17,2025-01-17 14:20:54,14,card,ANON-0000-0000-1110,35.76,Cocoa,Afternoon,Fri,Jan,5,1
2025-01-17,2025-01-17 14:22:03,14,card,ANON-0000-0000-1110,35.76,Cocoa,Afternoon,Fri,Jan,5,1
2025-01-17,2025-01-17 17:39:11,17,card,ANON-0000-0000-0906,35.76,Hot Chocolate,Night,Fri,Jan,5,1
2025-01-17,2025-01-17 21:22:19,21,card,ANON-0000-0000-0877,35.76,Hot Chocolate,Night,Fri,Jan,5,1
2025-01-18,2025-01-18 10:12:38,10,card,ANON-0000-0000-1082,30.86,Americano with Milk,Morning,Sat,Jan,6,1
2025-01-18,2025-01-18 16:33:40,16,card,ANON-0000-0000-0507,35.76,Hot Chocolate,Afternoon,Sat,Jan,6,1
2025-01-18,2025-01-18 16:35:14,16,card,ANON-0000-0000-0507,35.76,Latte,Afternoon,Sat,Jan,6,1
2025-01-18,2025-01-18 16:36:29,16,card,ANON-0000-0000-0507,35.76,Hot Chocolate,Afternoon,Sat,Jan,6,1
2025-01-20,2025-01-20 08:29:48,8,card,ANON-0000-0000-0012,30.86,Americano with Milk,Morning,Mon,Jan,1,1
2025-01-20,2025-01-20 10:57:25,10,card,ANON-0000-0000-0276,30.86,Americano with Milk,Morning,Mon,Jan,1,1
2025-01-20,2025-01-20 11:40:24,11,card,ANON-0000-0000-0141,25.96,Cortado,Morning,Mon,Jan,1,1
2025-01-20,2025-01-20 12:04:50,12,card,ANON-0000-0000-1111,25.96,Americano,Afternoon,Mon,Jan,1,1
2025-01-20,2025-01-20 12:06:01,12,card,ANON-0000-0000-1111,25.96,Cortado,Afternoon,Mon,Jan,1,1
2025-01-20,2025-01-20 13:45:14,13,card,ANON-0000-0000-1112,30.86,Americano with Milk,Afternoon,Mon,Jan,1,1
2025-01-20,2025-01-20 20:08:11,20,card,ANON-0000-0000-1113,35.76,Hot Chocolate,Night,Mon,Jan,1,1
2025-01-20,2025-01-20 20:26:25,20,card,ANON-0000-0000-1114,35.76,Cappuccino,Night,Mon,Jan,1,1
2025-01-20,2025-01-20 20:27:29,20,card,ANON-0000-0000-1114,35.76,Cappuccino,Night,Mon,Jan,1,1
2025-01-20,2025-01-20 21:13:45,21,card,ANON-0000-0000-1115,35.76,Latte,Night,Mon,Jan,1,1
2025-01-21,2025-01-21 08:05:04,8,card,ANON-0000-0000-1010,35.76,Cocoa,Morning,Tue,Jan,2,1
2025-01-21,2025-01-21 08:18:19,8,card,ANON-0000-0000-0141,25.96,Cortado,Morning,Tue,Jan,2,1
2025-01-21,2025-01-21 08:19:28,8,card,ANON-0000-0000-1082,30.86,Americano with Milk,Morning,Tue,Jan,2,1
2025-01-21,2025-01-21 15:35:17,15,card,ANON-0000-0000-1116,25.96,Americano,Afternoon,Tue,Jan,2,1
2025-01-21,2025-01-21 18:32:33,18,card,ANON-0000-0000-1117,35.76,Hot Chocolate,Night,Tue,Jan,2,1
2025-01-21,2025-01-21 18:54:13,18,card,ANON-0000-0000-0333,35.76,Latte,Night,Tue,Jan,2,1
2025-01-21,2025-01-21 18:56:15,18,card,ANON-0000-0000-0333,35.76,Latte,Night,Tue,Jan,2,1
2025-01-21,2025-01-21 19:15:21,19,card,ANON-0000-0000-1110,25.96,Americano,Night,Tue,Jan,2,1
2025-01-22,2025-01-22 11:24:46,11,card,ANON-0000-0000-1118,21.06,Espresso,Morning,Wed,Jan,3,1
2025-01-22,2025-01-22 17:32:07,17,card,ANON-0000-0000-0463,30.86,Americano with Milk,Night,Wed,Jan,3,1
2025-01-22,2025-01-22 18:49:59,18,card,ANON-0000-0000-1119,35.76,Cocoa,Night,Wed,Jan,3,1
2025-01-22,2025-01-22 19:10:26,19,card,ANON-0000-0000-1051,30.86,Americano with Milk,Night,Wed,Jan,3,1
2025-01-22,2025-01-22 19:11:23,19,card,ANON-0000-0000-1051,35.76,Cappuccino,Night,Wed,Jan,3,1
2025-01-22,2025-01-22 19:29:16,19,card,ANON-0000-0000-1120,35.76,Latte,Night,Wed,Jan,3,1
2025-01-22,2025-01-22 20:14:31,20,card,ANON-0000-0000-1121,30.86,Americano with Milk,Night,Wed,Jan,3,1
2025-01-24,2025-01-24 13:42:17,13,card,ANON-0000-0000-1034,35.76,Cappuccino,Afternoon,Fri,Jan,5,1
2025-01-24,2025-01-24 13:43:38,13,card,ANON-0000-0000-1034,25.96,Cortado,Afternoon,Fri,Jan,5,1
2025-01-24,2025-01-24 15:28:39,15,card,ANON-0000-0000-1122,35.76,Cocoa,Afternoon,Fri,Jan,5,1
2025-01-24,2025-01-24 17:41:49,17,card,ANON-0000-0000-1123,25.96,Americano,Night,Fri,Jan,5,1
2025-01-24,2025-01-24 21:16:26,21,card,ANON-0000-0000-1045,35.76,Cocoa,Night,Fri,Jan,5,1
2025-01-24,2025-01-24 22:31:56,22,card,ANON-0000-0000-1124,35.76,Hot Chocolate,Night,Fri,Jan,5,1
2025-01-24,2025-01-24 22:32:58,22,card,ANON-0000-0000-1124,35.76,Latte,Night,Fri,Jan,5,1
2025-01-25,2025-01-25 13:21:04,13,card,ANON-0000-0000-1114,35.76,Cappuccino,Afternoon,Sat,Jan,6,1
2025-01-25,2025-01-25 14:38:25,14,card,ANON-0000-0000-1125,35.76,Cappuccino,Afternoon,Sat,Jan,6,1
2025-01-25,2025-01-25 14:39:35,14,card,ANON-0000-0000-1126,25.96,Americano,Afternoon,Sat,Jan,6,1
2025-01-26,2025-01-26 12:35:23,12,card,ANON-0000-0000-1127,25.96,Americano,Afternoon,Sun,Jan,7,1
2025-01-26,2025-01-26 12:36:34,12,card,ANON-0000-0000-1127,21.06,Espresso,Afternoon,Sun,Jan,7,1
2025-01-27,2025-01-27 08:07:42,8,card,ANON-0000-0000-0141,25.96,Cortado,Morning,Mon,Jan,1,1
2025-01-27,2025-01-27 08:32:44,8,card,ANON-0000-0000-0141,25.96,Americano,Morning,Mon,Jan,1,1
2025-01-27,2025-01-27 12:05:02,12,card,ANON-0000-0000-1128,35.76,Cappuccino,Afternoon,Mon,Jan,1,1
2025-01-27,2025-01-27 13:45:09,13,card,ANON-0000-0000-0276,30.86,Americano with Milk,Afternoon,Mon,Jan,1,1
2025-01-27,2025-01-27 15:27:54,15,card,ANON-0000-0000-0141,30.86,Americano with Milk,Afternoon,Mon,Jan,1,1
2025-01-27,2025-01-27 15:29:01,15,card,ANON-0000-0000-0141,25.96,Cortado,Afternoon,Mon,Jan,1,1
2025-01-27,2025-01-27 15:30:13,15,card,ANON-0000-0000-0141,30.86,Americano with Milk,Afternoon,Mon,Jan,1,1
2025-01-27,2025-01-27 18:55:19,18,card,ANON-0000-0000-1129,35.76,Latte,Night,Mon,Jan,1,1
2025-01-27,2025-01-27 19:02:40,19,card,ANON-0000-0000-1130,35.76,Latte,Night,Mon,Jan,1,1
2025-01-27,2025-01-27 19:03:45,19,card,ANON-0000-0000-1131,35.76,Latte,Night,Mon,Jan,1,1
2025-01-28,2025-01-28 08:26:37,8,card,ANON-0000-0000-0197,35.76,Latte,Morning,Tue,Jan,2,1
2025-01-28,2025-01-28 09:33:17,9,card,ANON-0000-0000-1132,25.96,Americano,Morning,Tue,Jan,2,1
2025-01-28,2025-01-28 11:56:27,11,card,ANON-0000-0000-0224,30.86,Americano with Milk,Morning,Tue,Jan,2,1
2025-01-28,2025-01-28 12:22:01,12,card,ANON-0000-0000-1133,25.96,Americano,Afternoon,Tue,Jan,2,1
2025-01-28,2025-01-28 16:19:08,16,card,ANON-0000-0000-1134,35.76,Cocoa,Afternoon,Tue,Jan,2,1
2025-01-28,2025-01-28 16:20:45,16,card,ANON-0000-0000-1134,25.96,Cortado,Afternoon,Tue,Jan,2,1
2025-01-28,2025-01-28 17:40:01,17,card,ANON-0000-0000-1135,25.96,Americano,Night,Tue,Jan,2,1
2025-01-28,2025-01-28 20:11:51,20,card,ANON-0000-0000-1136,35.76,Latte,Night,Tue,Jan,2,1
2025-01-28,2025-01-28 20:13:45,20,card,ANON-0000-0000-1137,35.76,Cappuccino,Night,Tue,Jan,2,1
2025-01-29,2025-01-29 09:38:47,9,card,ANON-0000-0000-1069,25.96,Americano,Morning,Wed,Jan,3,1
2025-01-29,2025-01-29 16:25:37,16,card,ANON-0000-0000-1138,25.96,Americano,Afternoon,Wed,Jan,3,1
2025-01-29,2025-01-29 19:19:08,19,card,ANON-0000-0000-1139,30.86,Americano with Milk,Night,Wed,Jan,3,1
2025-01-29,2025-01-29 19:20:35,19,card,ANON-0000-0000-1139,21.06,Espresso,Night,Wed,Jan,3,1
2025-01-30,2025-01-30 09:18:06,9,card,ANON-0000-0000-0224,30.86,Americano with Milk,Morning,Thu,Jan,4,1
2025-01-30,2025-01-30 10:12:34,10,card,ANON-0000-0000-0276,30.86,Americano with Milk,Morning,Thu,Jan,4,1
2025-01-30,2025-01-30 11:26:29,11,card,ANON-0000-0000-0862,25.96,Cortado,Morning,Thu,Jan,4,1
2025-01-30,2025-01-30 12:42:16,12,card,ANON-0000-0000-1140,35.76,Hot Chocolate,Afternoon,Thu,Jan,4,1
2025-01-30,2025-01-30 13:02:01,13,card,ANON-0000-0000-1141,25.96,Americano,Afternoon,Thu,Jan,4,1
2025-01-30,2025-01-30 14:41:42,14,card,ANON-0000-0000-1142,30.86,Americano with Milk,Afternoon,Thu,Jan,4,1
2025-01-30,2025-01-30 17:18:48,17,card,ANON-0000-0000-1143,35.76,Hot Chocolate,Night,Thu,Jan,4,1
2025-01-30,2025-01-30 18:24:07,18,card,ANON-0000-0000-1069,30.86,Americano with Milk,Night,Thu,Jan,4,1
2025-01-30,2025-01-30 18:41:50,18,card,ANON-0000-0000-1144,25.96,Cortado,Night,Thu,Jan,4,1
2025-01-31,2025-01-31 08:40:51,8,card,ANON-0000-0000-0141,25.96,Americano,Morning,Fri,Jan,5,1
2025-01-31,2025-01-31 08:41:45,8,card,ANON-0000-0000-0141,30.86,Americano with Milk,Morning,Fri,Jan,5,1
2025-01-31,2025-01-31 09:17:15,9,card,ANON-0000-0000-0304,30.86,Americano with Milk,Morning,Fri,Jan,5,1
2025-01-31,2025-01-31 09:20:11,9,card,ANON-0000-0000-1145,35.76,Cocoa,Morning,Fri,Jan,5,1
2025-01-31,2025-01-31 09:26:47,9,card,ANON-0000-0000-0333,35.76,Cappuccino,Morning,Fri,Jan,5,1
2025-01-31,2025-01-31 09:27:48,9,card,ANON-0000-0000-0333,35.76,Cappuccino,Morning,Fri,Jan,5,1
2025-01-31,2025-01-31 12:31:01,12,card,ANON-0000-0000-1133,35.76,Latte,Afternoon,Fri,Jan,5,1
2025-01-31,2025-01-31 12:54:26,12,card,ANON-0000-0000-0507,35.76,Latte,Afternoon,Fri,Jan,5,1
2025-01-31,2025-01-31 14:02:58,14,card,ANON-0000-0000-1146,35.76,Cappuccino,Afternoon,Fri,Jan,5,1
2025-01-31,2025-01-31 16:48:34,16,card,ANON-0000-0000-0304,30.86,Americano with Milk,Afternoon,Fri,Jan,5,1
2025-01-31,2025-01-31 22:35:59,22,card,ANON-0000-0000-1147,30.86,Americano with Milk,Night,Fri,Jan,5,1
2025-01-31,2025-01-31 22:37:02,22,card,ANON-0000-0000-1148,25.96,Americano,Night,Fri,Jan,5,1
2025-02-01,2025-02-01 08:50:24,8,card,ANON-0000-0000-0304,30.86,Americano with Milk,Morning,Sat,Feb,6,2
2025-02-01,2025-02-01 10:07:23,10,card,ANON-0000-0000-0224,30.86,Americano with Milk,Morning,Sat,Feb,6,2
2025-02-01,2025-02-01 13:14:47,13,card,ANON-0000-0000-0141,25.96,Cortado,Afternoon,Sat,Feb,6,2
2025-02-01,2025-02-01 13:15:29,13,card,ANON-0000-0000-0141,25.96,Cortado,Afternoon,Sat,Feb,6,2
2025-02-01,2025-02-01 14:35:19,14,card,ANON-0000-0000-1149,35.76,Cappuccino,Afternoon,Sat,Feb,6,2
2025-02-01,2025-02-01 14:36:17,14,card,ANON-0000-0000-1149,35.76,Cappuccino,Afternoon,Sat,Feb,6,2
2025-02-01,2025-02-01 15:49:59,15,card,ANON-0000-0000-1069,35.76,Latte,Afternoon,Sat,Feb,6,2
2025-02-01,2025-02-01 18:57:14,18,card,ANON-0000-0000-1114,35.76,Cappuccino,Night,Sat,Feb,6,2
2025-02-01,2025-02-01 19:53:16,19,card,ANON-0000-0000-0224,30.86,Americano with Milk,Night,Sat,Feb,6,2
2025-02-01,2025-02-01 19:54:24,19,card,ANON-0000-0000-0224,30.86,Americano with Milk,Night,Sat,Feb,6,2
2025-02-01,2025-02-01 21:37:02,21,card,ANON-0000-0000-0427,30.86,Americano with Milk,Night,Sat,Feb,6,2
2025-02-02,2025-02-02 10:56:22,10,card,ANON-0000-0000-1132,35.76,Cappuccino,Morning,Sun,Feb,7,2
2025-02-02,2025-02-02 10:57:38,10,card,ANON-0000-0000-1132,35.76,Cappuccino,Morning,Sun,Feb,7,2
2025-02-02,2025-02-02 12:54:32,12,card,ANON-0000-0000-1150,35.76,Latte,Afternoon,Sun,Feb,7,2
2025-02-02,2025-02-02 12:56:05,12,card,ANON-0000-0000-1151,35.76,Latte,Afternoon,Sun,Feb,7,2
2025-02-02,2025-02-02 14:22:57,14,card,ANON-0000-0000-0265,30.86,Americano with Milk,Afternoon,Sun,Feb,7,2
2025-02-02,2025-02-02 16:45:08,16,card,ANON-0000-0000-0507,35.76,Latte,Afternoon,Sun,Feb,7,2
2025-02-02,2025-02-02 16:46:57,16,card,ANON-0000-0000-1152,35.76,Latte,Afternoon,Sun,Feb,7,2
2025-02-03,2025-02-03 07:03:25,7,card,ANON-0000-0000-1152,35.76,Cappuccino,Morning,Mon,Feb,1,2
2025-02-03,2025-02-03 07:04:57,7,card,ANON-0000-0000-1152,30.86,Americano with Milk,Morning,Mon,Feb,1,2
2025-02-03,2025-02-03 08:04:04,8,card,ANON-0000-0000-1152,21.06,Espresso,Morning,Mon,Feb,1,2
2025-02-03,2025-02-03 08:09:09,8,card,ANON-0000-0000-1153,30.86,Americano with Milk,Morning,Mon,Feb,1,2
2025-02-03,2025-02-03 10:15:39,10,card,ANON-0000-0000-1154,25.96,Americano,Morning,Mon,Feb,1,2
2025-02-03,2025-02-03 10:22:18,10,card,ANON-0000-0000-1155,35.76,Cappuccino,Morning,Mon,Feb,1,2
2025-02-03,2025-02-03 10:49:59,10,card,ANON-0000-0000-1156,30.86,Americano with Milk,Morning,Mon,Feb,1,2
2025-02-03,2025-02-03 13:25:02,13,card,ANON-0000-0000-1157,35.76,Cappuccino,Afternoon,Mon,Feb,1,2
2025-02-03,2025-02-03 13:32:54,13,card,ANON-0000-0000-1158,35.76,Cappuccino,Afternoon,Mon,Feb,1,2
2025-02-03,2025-02-03 13:51:03,13,card,ANON-0000-0000-1159,25.96,Americano,Afternoon,Mon,Feb,1,2
2025-02-03,2025-02-03 14:06:37,14,card,ANON-0000-0000-1160,25.96,Americano,Afternoon,Mon,Feb,1,2
2025-02-03,2025-02-03 14:47:02,14,card,ANON-0000-0000-0019,35.76,Latte,Afternoon,Mon,Feb,1,2
2025-02-03,2025-02-03 14:50:21,14,card,ANON-0000-0000-0507,35.76,Latte,Afternoon,Mon,Feb,1,2
2025-02-03,2025-02-03 15:01:45,15,card,ANON-0000-0000-1161,35.76,Latte,Afternoon,Mon,Feb,1,2
2025-02-03,2025-02-03 15:41:27,15,card,ANON-0000-0000-1110,25.96,Americano,Afternoon,Mon,Feb,1,2
2025-02-03,2025-02-03 17:01:27,17,card,ANON-0000-0000-1160,35.76,Cocoa,Night,Mon,Feb,1,2
2025-02-03,2025-02-03 17:09:55,17,card,ANON-0000-0000-1162,30.86,Americano with Milk,Night,Mon,Feb,1,2
2025-02-03,2025-02-03 17:11:07,17,card,ANON-0000-0000-1163,30.86,Americano with Milk,Night,Mon,Feb,1,2
2025-02-03,2025-02-03 17:12:05,17,card,ANON-0000-0000-1163,30.86,Americano with Milk,Night,Mon,Feb,1,2
2025-02-03,2025-02-03 17:13:22,17,card,ANON-0000-0000-1164,35.76,Hot Chocolate,Night,Mon,Feb,1,2
2025-02-03,2025-02-03 17:14:18,17,card,ANON-0000-0000-1164,35.76,Latte,Night,Mon,Feb,1,2
2025-02-03,2025-02-03 17:15:41,17,card,ANON-0000-0000-1165,35.76,Hot Chocolate,Night,Mon,Feb,1,2
2025-02-03,2025-02-03 17:44:18,17,card,ANON-0000-0000-1166,30.86,Americano with Milk,Night,Mon,Feb,1,2
2025-02-03,2025-02-03 18:09:00,18,card,ANON-0000-0000-1167,25.96,Americano,Night,Mon,Feb,1,2
2025-02-03,2025-02-03 20:44:14,20,card,ANON-0000-0000-1168,35.76,Cocoa,Night,Mon,Feb,1,2
2025-02-04,2025-02-04 10:04:57,10,card,ANON-0000-0000-1163,30.86,Americano with Milk,Morning,Tue,Feb,2,2
2025-02-04,2025-02-04 10:11:31,10,card,ANON-0000-0000-1110,25.96,Americano,Morning,Tue,Feb,2,2
2025-02-04,2025-02-04 12:35:58,12,card,ANON-0000-0000-1169,30.86,Americano with Milk,Afternoon,Tue,Feb,2,2
2025-02-04,2025-02-04 13:07:39,13,card,ANON-0000-0000-1160,25.96,Cortado,Afternoon,Tue,Feb,2,2
2025-02-04,2025-02-04 14:15:14,14,card,ANON-0000-0000-1170,25.96,Americano,Afternoon,Tue,Feb,2,2
2025-02-04,2025-02-04 14:17:36,14,card,ANON-0000-0000-1163,30.86,Americano with Milk,Afternoon,Tue,Feb,2,2
2025-02-04,2025-02-04 14:19:49,14,card,ANON-0000-0000-1171,25.96,Americano,Afternoon,Tue,Feb,2,2
2025-02-04,2025-02-04 18:13:42,18,card,ANON-0000-0000-1157,30.86,Americano with Milk,Night,Tue,Feb,2,2
2025-02-04,2025-02-04 19:05:22,19,card,ANON-0000-0000-1172,35.76,Cocoa,Night,Tue,Feb,2,2
2025-02-04,2025-02-04 19:09:37,19,card,ANON-0000-0000-1173,35.76,Cocoa,Night,Tue,Feb,2,2
2025-02-04,2025-02-04 19:10:28,19,card,ANON-0000-0000-1173,35.76,Cocoa,Night,Tue,Feb,2,2
2025-02-04,2025-02-04 19:27:27,19,card,ANON-0000-0000-1174,25.96,Cortado,Night,Tue,Feb,2,2
2025-02-05,2025-02-05 08:42:11,8,card,ANON-0000-0000-1156,30.86,Americano with Milk,Morning,Wed,Feb,3,2
2025-02-05,2025-02-05 09:10:44,9,card,ANON-0000-0000-1163,30.86,Americano with Milk,Morning,Wed,Feb,3,2
2025-02-05,2025-02-05 11:49:36,11,card,ANON-0000-0000-1163,25.96,Americano,Morning,Wed,Feb,3,2
2025-02-05,2025-02-05 11:50:42,11,card,ANON-0000-0000-1163,25.96,Americano,Morning,Wed,Feb,3,2
2025-02-05,2025-02-05 11:51:45,11,card,ANON-0000-0000-1163,25.96,Americano,Morning,Wed,Feb,3,2
2025-02-05,2025-02-05 11:58:36,11,card,ANON-0000-0000-1163,30.86,Americano with Milk,Morning,Wed,Feb,3,2
2025-02-05,2025-02-05 12:10:47,12,card,ANON-0000-0000-1175,25.96,Americano,Afternoon,Wed,Feb,3,2
2025-02-05,2025-02-05 13:20:46,13,card,ANON-0000-0000-1176,25.96,Americano,Afternoon,Wed,Feb,3,2
2025-02-05,2025-02-05 13:43:43,13,card,ANON-0000-0000-1171,21.06,Espresso,Afternoon,Wed,Feb,3,2
2025-02-05,2025-02-05 13:44:29,13,card,ANON-0000-0000-1171,21.06,Espresso,Afternoon,Wed,Feb,3,2
2025-02-05,2025-02-05 14:57:53,14,card,ANON-0000-0000-1161,35.76,Cappuccino,Afternoon,Wed,Feb,3,2
2025-02-05,2025-02-05 15:50:59,15,card,ANON-0000-0000-1177,35.76,Cappuccino,Afternoon,Wed,Feb,3,2
2025-02-05,2025-02-05 16:34:20,16,card,ANON-0000-0000-1165,35.76,Hot Chocolate,Afternoon,Wed,Feb,3,2
2025-02-05,2025-02-05 16:35:33,16,card,ANON-0000-0000-1164,35.76,Latte,Afternoon,Wed,Feb,3,2
2025-02-05,2025-02-05 16:36:34,16,card,ANON-0000-0000-1164,35.76,Latte,Afternoon,Wed,Feb,3,2
2025-02-05,2025-02-05 16:39:02,16,card,ANON-0000-0000-1152,35.76,Cocoa,Afternoon,Wed,Feb,3,2
2025-02-05,2025-02-05 16:41:10,16,card,ANON-0000-0000-1165,35.76,Hot Chocolate,Afternoon,Wed,Feb,3,2
2025-02-05,2025-02-05 18:18:34,18,card,ANON-0000-0000-1178,35.76,Cappuccino,Night,Wed,Feb,3,2
2025-02-05,2025-02-05 18:19:49,18,card,ANON-0000-0000-1179,35.76,Cappuccino,Night,Wed,Feb,3,2
2025-02-05,2025-02-05 18:20:51,18,card,ANON-0000-0000-1180,35.76,Cocoa,Night,Wed,Feb,3,2
2025-02-05,2025-02-05 18:25:29,18,card,ANON-0000-0000-1157,30.86,Americano with Milk,Night,Wed,Feb,3,2
2025-02-05,2025-02-05 18:45:42,18,card,ANON-0000-0000-1181,35.76,Cappuccino,Night,Wed,Feb,3,2
2025-02-05,2025-02-05 19:06:46,19,card,ANON-0000-0000-0507,35.76,Hot Chocolate,Night,Wed,Feb,3,2
2025-02-05,2025-02-05 20:03:21,20,card,ANON-0000-0000-1182,35.76,Cocoa,Night,Wed,Feb,3,2
2025-02-06,2025-02-06 07:16:49,7,card,ANON-0000-0000-1163,30.86,Americano with Milk,Morning,Thu,Feb,4,2
2025-02-06,2025-02-06 13:59:21,13,card,ANON-0000-0000-1171,25.96,Americano,Afternoon,Thu,Feb,4,2
2025-02-06,2025-02-06 14:55:32,14,card,ANON-0000-0000-1162,30.86,Americano with Milk,Afternoon,Thu,Feb,4,2
2025-02-06,2025-02-06 14:59:22,14,card,ANON-0000-0000-1158,35.76,Cappuccino,Afternoon,Thu,Feb,4,2
2025-02-06,2025-02-06 16:14:50,16,card,ANON-0000-0000-1163,35.76,Cocoa,Afternoon,Thu,Feb,4,2
2025-02-06,2025-02-06 17:09:46,17,card,ANON-0000-0000-1170,35.76,Cocoa,Night,Thu,Feb,4,2
2025-02-06,2025-02-06 17:54:25,17,card,ANON-0000-0000-1183,35.76,Cocoa,Night,Thu,Feb,4,2
2025-02-06,2025-02-06 19:53:13,19,card,ANON-0000-0000-1158,35.76,Cappuccino,Night,Thu,Feb,4,2
2025-02-06,2025-02-06 19:55:07,19,card,ANON-0000-0000-1184,21.06,Espresso,Night,Thu,Feb,4,2
2025-02-06,2025-02-06 20:06:59,20,card,ANON-0000-0000-1185,35.76,Cocoa,Night,Thu,Feb,4,2
2025-02-06,2025-02-06 20:07:47,20,card,ANON-0000-0000-1186,35.76,Cocoa,Night,Thu,Feb,4,2
2025-02-06,2025-02-06 20:23:14,20,card,ANON-0000-0000-1163,35.76,Latte,Night,Thu,Feb,4,2
2025-02-07,2025-02-07 08:44:50,8,card,ANON-0000-0000-1152,30.86,Americano with Milk,Morning,Fri,Feb,5,2
2025-02-07,2025-02-07 09:07:05,9,card,ANON-0000-0000-1187,30.86,Americano with Milk,Morning,Fri,Feb,5,2
2025-02-07,2025-02-07 10:49:23,10,card,ANON-0000-0000-1188,25.96,Americano,Morning,Fri,Feb,5,2
2025-02-07,2025-02-07 12:09:39,12,card,ANON-0000-0000-1189,35.76,Cocoa,Afternoon,Fri,Feb,5,2
2025-02-07,2025-02-07 12:51:22,12,card,ANON-0000-0000-1163,30.86,Americano with Milk,Afternoon,Fri,Feb,5,2
2025-02-07,2025-02-07 12:58:52,12,card,ANON-0000-0000-1190,25.96,Americano,Afternoon,Fri,Feb,5,2
2025-02-07,2025-02-07 16:04:11,16,card,ANON-0000-0000-1170,25.96,Cortado,Afternoon,Fri,Feb,5,2
2025-02-07,2025-02-07 16:22:13,16,card,ANON-0000-0000-1191,35.76,Latte,Afternoon,Fri,Feb,5,2
2025-02-07,2025-02-07 16:23:14,16,card,ANON-0000-0000-1165,35.76,Hot Chocolate,Afternoon,Fri,Feb,5,2
2025-02-07,2025-02-07 16:24:35,16,card,ANON-0000-0000-1165,35.76,Latte,Afternoon,Fri,Feb,5,2
2025-02-07,2025-02-07 18:42:37,18,card,ANON-0000-0000-1178,35.76,Cocoa,Night,Fri,Feb,5,2
2025-02-07,2025-02-07 18:43:36,18,card,ANON-0000-0000-1179,35.76,Cocoa,Night,Fri,Feb,5,2
2025-02-07,2025-02-07 18:44:31,18,card,ANON-0000-0000-1192,25.96,Cortado,Night,Fri,Feb,5,2
2025-02-07,2025-02-07 18:45:23,18,card,ANON-0000-0000-1192,35.76,Cocoa,Night,Fri,Feb,5,2
2025-02-07,2025-02-07 20:10:59,20,card,ANON-0000-0000-1193,35.76,Cocoa,Night,Fri,Feb,5,2
2025-02-07,2025-02-07 20:30:57,20,card,ANON-0000-0000-1161,25.96,Cortado,Night,Fri,Feb,5,2
2025-02-08,2025-02-08 09:01:43,9,card,ANON-0000-0000-1163,25.96,Americano,Morning,Sat,Feb,6,2
2025-02-08,2025-02-08 10:56:17,10,card,ANON-0000-0000-1153,30.86,Americano with Milk,Morning,Sat,Feb,6,2
2025-02-08,2025-02-08 11:02:41,11,card,ANON-0000-0000-1194,25.96,Cortado,Morning,Sat,Feb,6,2
2025-02-08,2025-02-08 11:39:34,11,card,ANON-0000-0000-1195,25.96,Americano,Morning,Sat,Feb,6,2
2025-02-08,2025-02-08 12:46:13,12,card,ANON-0000-0000-1167,25.96,Americano,Afternoon,Sat,Feb,6,2
2025-02-08,2025-02-08 13:26:48,13,card,ANON-0000-0000-1170,25.96,Americano,Afternoon,Sat,Feb,6,2
2025-02-08,2025-02-08 15:07:04,15,card,ANON-0000-0000-1110,25.96,Americano,Afternoon,Sat,Feb,6,2
2025-02-08,2025-02-08 15:08:09,15,card,ANON-0000-0000-1110,25.96,Americano,Afternoon,Sat,Feb,6,2
2025-02-09,2025-02-09 08:49:24,8,card,ANON-0000-0000-1161,35.76,Cocoa,Morning,Sun,Feb,7,2
2025-02-09,2025-02-09 10:31:09,10,card,ANON-0000-0000-1157,30.86,Americano with Milk,Morning,Sun,Feb,7,2
2025-02-09,2025-02-09 10:51:28,10,card,ANON-0000-0000-1163,25.96,Americano,Morning,Sun,Feb,7,2
2025-02-09,2025-02-09 12:05:05,12,card,ANON-0000-0000-1196,35.76,Latte,Afternoon,Sun,Feb,7,2
2025-02-09,2025-02-09 15:13:09,15,card,ANON-0000-0000-1189,35.76,Cocoa,Afternoon,Sun,Feb,7,2
2025-02-09,2025-02-09 15:14:02,15,card,ANON-0000-0000-1189,35.76,Latte,Afternoon,Sun,Feb,7,2
2025-02-09,2025-02-09 15:15:58,15,card,ANON-0000-0000-1178,35.76,Hot Chocolate,Afternoon,Sun,Feb,7,2
2025-02-09,2025-02-09 15:16:52,15,card,ANON-0000-0000-1179,35.76,Cocoa,Afternoon,Sun,Feb,7,2
2025-02-09,2025-02-09 16:20:19,16,card,ANON-0000-0000-1161,25.96,Cortado,Afternoon,Sun,Feb,7,2
2025-02-10,2025-02-10 07:01:47,7,card,ANON-0000-0000-1152,25.96,Americano,Morning,Mon,Feb,1,2
2025-02-10,2025-02-10 08:16:32,8,card,ANON-0000-0000-1110,25.96,Americano,Morning,Mon,Feb,1,2
2025-02-10,2025-02-10 08:24:56,8,card,ANON-0000-0000-1152,25.96,Americano,Morning,Mon,Feb,1,2
2025-02-10,2025-02-10 11:11:43,11,card,ANON-0000-0000-1153,30.86,Americano with Milk,Morning,Mon,Feb,1,2
2025-02-10,2025-02-10 13:08:50,13,card,ANON-0000-0000-1167,25.96,Americano,Afternoon,Mon,Feb,1,2
2025-02-10,2025-02-10 13:11:06,13,card,ANON-0000-0000-1168,35.76,Cocoa,Afternoon,Mon,Feb,1,2
2025-02-10,2025-02-10 13:26:55,13,card,ANON-0000-0000-1197,30.86,Americano with Milk,Afternoon,Mon,Feb,1,2
2025-02-10,2025-02-10 13:40:13,13,card,ANON-0000-0000-1198,25.96,Americano,Afternoon,Mon,Feb,1,2
2025-02-10,2025-02-10 14:01:52,14,card,ANON-0000-0000-1199,35.76,Latte,Afternoon,Mon,Feb,1,2
2025-02-10,2025-02-10 14:07:41,14,card,ANON-0000-0000-1163,25.96,Americano,Afternoon,Mon,Feb,1,2
2025-02-10,2025-02-10 14:11:46,14,card,ANON-0000-0000-1163,35.76,Cocoa,Afternoon,Mon,Feb,1,2
2025-02-10,2025-02-10 14:15:45,14,card,ANON-0000-0000-1163,35.76,Cocoa,Afternoon,Mon,Feb,1,2
2025-02-10,2025-02-10 15:01:55,15,card,ANON-0000-0000-1200,35.76,Cappuccino,Afternoon,Mon,Feb,1,2
2025-02-10,2025-02-10 15:14:01,15,card,ANON-0000-0000-1166,30.86,Americano with Milk,Afternoon,Mon,Feb,1,2
2025-02-10,2025-02-10 15:46:03,15,card,ANON-0000-0000-1191,35.76,Latte,Afternoon,Mon,Feb,1,2
2025-02-10,2025-02-10 15:47:44,15,card,ANON-0000-0000-1165,35.76,Hot Chocolate,Afternoon,Mon,Feb,1,2
2025-02-10,2025-02-10 16:20:55,16,card,ANON-0000-0000-1170,35.76,Cocoa,Afternoon,Mon,Feb,1,2
2025-02-10,2025-02-10 17:12:02,17,card,ANON-0000-0000-0878,25.96,Americano,Night,Mon,Feb,1,2
2025-02-10,2025-02-10 18:27:15,18,card,ANON-0000-0000-1157,30.86,Americano with Milk,Night,Mon,Feb,1,2
2025-02-10,2025-02-10 19:14:01,19,card,ANON-0000-0000-1178,35.76,Latte,Night,Mon,Feb,1,2
2025-02-10,2025-02-10 19:14:54,19,card,ANON-0000-0000-1201,35.76,Latte,Night,Mon,Feb,1,2
2025-02-11,2025-02-11 10:38:26,10,card,ANON-0000-0000-1163,25.96,Americano,Morning,Tue,Feb,2,2
2025-02-11,2025-02-11 11:19:15,11,card,ANON-0000-0000-1176,25.96,Americano,Morning,Tue,Feb,2,2
2025-02-11,2025-02-11 11:20:12,11,card,ANON-0000-0000-1166,30.86,Americano with Milk,Morning,Tue,Feb,2,2
2025-02-11,2025-02-11 11:21:08,11,card,ANON-0000-0000-1189,35.76,Cocoa,Morning,Tue,Feb,2,2
2025-02-11,2025-02-11 15:56:50,15,card,ANON-0000-0000-1156,35.76,Hot Chocolate,Afternoon,Tue,Feb,2,2
2025-02-11,2025-02-11 16:09:08,16,card,ANON-0000-0000-1194,30.86,Americano with Milk,Afternoon,Tue,Feb,2,2
2025-02-11,2025-02-11 16:49:41,16,card,ANON-0000-0000-1202,21.06,Espresso,Afternoon,Tue,Feb,2,2
2025-02-11,2025-02-11 17:35:35,17,card,ANON-0000-0000-1163,35.76,Latte,Night,Tue,Feb,2,2
2025-02-11,2025-02-11 17:36:42,17,card,ANON-0000-0000-1163,30.86,Americano with Milk,Night,Tue,Feb,2,2
2025-02-11,2025-02-11 17:44:13,17,card,ANON-0000-0000-1203,30.86,Americano with Milk,Night,Tue,Feb,2,2
2025-02-11,2025-02-11 17:50:40,17,card,ANON-0000-0000-1110,25.96,Americano,Night,Tue,Feb,2,2
2025-02-11,2025-02-11 17:54:38,17,card,ANON-0000-0000-1203,30.86,Americano with Milk,Night,Tue,Feb,2,2
2025-02-11,2025-02-11 19:04:11,19,card,ANON-0000-0000-1204,35.76,Latte,Night,Tue,Feb,2,2
2025-02-11,2025-02-11 19:05:04,19,card,ANON-0000-0000-1204,35.76,Cocoa,Night,Tue,Feb,2,2
2025-02-12,2025-02-12 07:16:57,7,card,ANON-0000-0000-1200,35.76,Cappuccino,Morning,Wed,Feb,3,2
2025-02-12,2025-02-12 07:35:38,7,card,ANON-0000-0000-1163,25.96,Americano,Morning,Wed,Feb,3,2
2025-02-12,2025-02-12 08:54:36,8,card,ANON-0000-0000-1163,35.76,Cocoa,Morning,Wed,Feb,3,2
2025-02-12,2025-02-12 09:19:46,9,card,ANON-0000-0000-1153,30.86,Americano with Milk,Morning,Wed,Feb,3,2
2025-02-12,2025-02-12 10:43:13,10,card,ANON-0000-0000-1188,25.96,Americano,Morning,Wed,Feb,3,2
2025-02-12,2025-02-12 12:43:29,12,card,ANON-0000-0000-1205,25.96,Americano,Afternoon,Wed,Feb,3,2
2025-02-12,2025-02-12 13:08:09,13,card,ANON-0000-0000-1206,25.96,Americano,Afternoon,Wed,Feb,3,2
2025-02-12,2025-02-12 13:41:40,13,card,ANON-0000-0000-1160,35.76,Hot Chocolate,Afternoon,Wed,Feb,3,2
2025-02-12,2025-02-12 15:41:25,15,card,ANON-0000-0000-1164,35.76,Hot Chocolate,Afternoon,Wed,Feb,3,2
2025-02-12,2025-02-12 15:42:17,15,card,ANON-0000-0000-1191,35.76,Latte,Afternoon,Wed,Feb,3,2
2025-02-12,2025-02-12 15:43:35,15,card,ANON-0000-0000-1165,35.76,Hot Chocolate,Afternoon,Wed,Feb,3,2
2025-02-12,2025-02-12 16:12:58,16,card,ANON-0000-0000-1160,25.96,Americano,Afternoon,Wed,Feb,3,2
2025-02-12,2025-02-12 16:26:09,16,card,ANON-0000-0000-1160,25.96,Americano,Afternoon,Wed,Feb,3,2
2025-02-12,2025-02-12 17:05:32,17,card,ANON-0000-0000-1200,35.76,Cappuccino,Night,Wed,Feb,3,2
2025-02-12,2025-02-12 17:42:51,17,card,ANON-0000-0000-1110,25.96,Americano,Night,Wed,Feb,3,2
2025-02-12,2025-02-12 20:05:41,20,card,ANON-0000-0000-0507,35.76,Latte,Night,Wed,Feb,3,2
2025-02-12,2025-02-12 20:23:13,20,card,ANON-0000-0000-1178,35.76,Cocoa,Night,Wed,Feb,3,2
2025-02-12,2025-02-12 21:17:04,21,card,ANON-0000-0000-1158,35.76,Cappuccino,Night,Wed,Feb,3,2
2025-02-13,2025-02-13 07:38:48,7,card,ANON-0000-0000-1153,30.86,Americano with Milk,Morning,Thu,Feb,4,2
2025-02-13,2025-02-13 08:45:57,8,card,ANON-0000-0000-1152,25.96,Americano,Morning,Thu,Feb,4,2
2025-02-13,2025-02-13 09:17:21,9,card,ANON-0000-0000-1207,21.06,Espresso,Morning,Thu,Feb,4,2
2025-02-13,2025-02-13 09:36:05,9,card,ANON-0000-0000-1168,35.76,Cocoa,Morning,Thu,Feb,4,2
2025-02-13,2025-02-13 10:29:33,10,card,ANON-0000-0000-1156,30.86,Americano with Milk,Morning,Thu,Feb,4,2
2025-02-13,2025-02-13 10:59:27,10,card,ANON-0000-0000-1157,30.86,Americano with Milk,Morning,Thu,Feb,4,2
2025-02-13,2025-02-13 16:30:39,16,card,ANON-0000-0000-1163,25.96,Americano,Afternoon,Thu,Feb,4,2
2025-02-13,2025-02-13 16:31:34,16,card,ANON-0000-0000-1163,25.96,Americano,Afternoon,Thu,Feb,4,2
2025-02-13,2025-02-13 17:16:12,17,card,ANON-0000-0000-1178,30.86,Americano with Milk,Night,Thu,Feb,4,2
2025-02-13,2025-02-13 17:17:20,17,card,ANON-0000-0000-1179,30.86,Americano with Milk,Night,Thu,Feb,4,2
2025-02-13,2025-02-13 18:01:35,18,card,ANON-0000-0000-1208,35.76,Latte,Night,Thu,Feb,4,2
2025-02-13,2025-02-13 18:15:09,18,card,ANON-0000-0000-0046,35.76,Cappuccino,Night,Thu,Feb,4,2
2025-02-13,2025-02-13 19:06:30,19,card,ANON-0000-0000-1209,35.76,Latte,Night,Thu,Feb,4,2
2025-02-14,2025-02-14 11:38:56,11,card,ANON-0000-0000-1163,25.96,Americano,Morning,Fri,Feb,5,2
2025-02-14,2025-02-14 14:07:09,14,card,ANON-0000-0000-1210,35.76,Hot Chocolate,Afternoon,Fri,Feb,5,2
2025-02-14,2025-02-14 14:46:00,14,card,ANON-0000-0000-1198,25.96,Americano,Afternoon,Fri,Feb,5,2
2025-02-14,2025-02-14 14:46:45,14,card,ANON-0000-0000-1198,21.06,Espresso,Afternoon,Fri,Feb,5,2
2025-02-14,2025-02-14 14:58:12,14,card,ANON-0000-0000-1211,30.86,Americano with Milk,Afternoon,Fri,Feb,5,2
2025-02-14,2025-02-14 15:00:17,15,card,ANON-0000-0000-1200,35.76,Cappuccino,Afternoon,Fri,Feb,5,2
2025-02-14,2025-02-14 15:36:41,15,card,ANON-0000-0000-0507,35.76,Cappuccino,Afternoon,Fri,Feb,5,2
2025-02-14,2025-02-14 15:38:47,15,card,ANON-0000-0000-0507,35.76,Latte,Afternoon,Fri,Feb,5,2
2025-02-14,2025-02-14 15:53:56,15,card,ANON-0000-0000-1212,35.76,Hot Chocolate,Afternoon,Fri,Feb,5,2
2025-02-14,2025-02-14 15:54:57,15,card,ANON-0000-0000-1212,35.76,Cappuccino,Afternoon,Fri,Feb,5,2
2025-02-14,2025-02-14 17:03:16,17,card,ANON-0000-0000-1160,25.96,Americano,Night,Fri,Feb,5,2
2025-02-14,2025-02-14 17:04:30,17,card,ANON-0000-0000-1160,35.76,Cocoa,Night,Fri,Feb,5,2
2025-02-14,2025-02-14 17:09:08,17,card,ANON-0000-0000-1202,21.06,Espresso,Night,Fri,Feb,5,2
2025-02-14,2025-02-14 17:25:25,17,card,ANON-0000-0000-1213,30.86,Americano with Milk,Night,Fri,Feb,5,2
2025-02-14,2025-02-14 21:18:30,21,card,ANON-0000-0000-1214,25.96,Americano,Night,Fri,Feb,5,2
2025-02-15,2025-02-15 09:22:52,9,card,ANON-0000-0000-1200,35.76,Cappuccino,Morning,Sat,Feb,6,2
2025-02-15,2025-02-15 12:41:54,12,card,ANON-0000-0000-1163,35.76,Cappuccino,Afternoon,Sat,Feb,6,2
2025-02-15,2025-02-15 12:44:27,12,card,ANON-0000-0000-1163,25.96,Americano,Afternoon,Sat,Feb,6,2
2025-02-15,2025-02-15 13:02:20,13,card,ANON-0000-0000-0878,30.86,Americano with Milk,Afternoon,Sat,Feb,6,2
2025-02-15,2025-02-15 13:32:06,13,card,ANON-0000-0000-1200,30.86,Americano with Milk,Afternoon,Sat,Feb,6,2
2025-02-15,2025-02-15 14:01:51,14,card,ANON-0000-0000-1184,35.76,Cappuccino,Afternoon,Sat,Feb,6,2
2025-02-15,2025-02-15 14:11:54,14,card,ANON-0000-0000-1215,25.96,Americano,Afternoon,Sat,Feb,6,2
2025-02-15,2025-02-15 15:40:08,15,card,ANON-0000-0000-1201,35.76,Hot Chocolate,Afternoon,Sat,Feb,6,2
2025-02-15,2025-02-15 15:40:59,15,card,ANON-0000-0000-1179,35.76,Hot Chocolate,Afternoon,Sat,Feb,6,2
2025-02-16,2025-02-16 10:46:43,10,card,ANON-0000-0000-1216,25.96,Americano,Morning,Sun,Feb,7,2
2025-02-16,2025-02-16 10:50:01,10,card,ANON-0000-0000-1169,25.96,Americano,Morning,Sun,Feb,7,2
2025-02-16,2025-02-16 10:51:04,10,card,ANON-0000-0000-1169,30.86,Americano with Milk,Morning,Sun,Feb,7,2
2025-02-16,2025-02-16 11:04:48,11,card,ANON-0000-0000-1156,35.76,Hot Chocolate,Morning,Sun,Feb,7,2
2025-02-16,2025-02-16 11:32:29,11,card,ANON-0000-0000-1160,25.96,Americano,Morning,Sun,Feb,7,2
2025-02-16,2025-02-16 14:15:37,14,card,ANON-0000-0000-1196,35.76,Hot Chocolate,Afternoon,Sun,Feb,7,2
2025-02-16,2025-02-16 14:16:41,14,card,ANON-0000-0000-1196,35.76,Latte,Afternoon,Sun,Feb,7,2
2025-02-16,2025-02-16 17:12:27,17,card,ANON-0000-0000-1163,35.76,Hot Chocolate,Night,Sun,Feb,7,2
2025-02-16,2025-02-16 17:13:33,17,card,ANON-0000-0000-1163,30.86,Americano with Milk,Night,Sun,Feb,7,2
2025-02-16,2025-02-16 17:44:33,17,card,ANON-0000-0000-1217,30.86,Americano with Milk,Night,Sun,Feb,7,2
2025-02-17,2025-02-17 06:50:04,6,card,ANON-0000-0000-1200,35.76,Cappuccino,Morning,Mon,Feb,1,2
2025-02-17,2025-02-17 08:53:14,8,card,ANON-0000-0000-1163,25.96,Americano,Morning,Mon,Feb,1,2
2025-02-17,2025-02-17 09:00:55,9,card,ANON-0000-0000-1160,25.96,Americano,Morning,Mon,Feb,1,2
2025-02-17,2025-02-17 09:28:07,9,card,ANON-0000-0000-1218,30.86,Americano with Milk,Morning,Mon,Feb,1,2
2025-02-17,2025-02-17 09:56:59,9,card,ANON-0000-0000-1210,35.76,Hot Chocolate,Morning,Mon,Feb,1,2
2025-02-17,2025-02-17 10:20:12,10,card,ANON-0000-0000-1219,30.86,Americano with Milk,Morning,Mon,Feb,1,2
2025-02-17,2025-02-17 10:44:48,10,card,ANON-0000-0000-1160,25.96,Americano,Morning,Mon,Feb,1,2
2025-02-17,2025-02-17 11:53:59,11,card,ANON-0000-0000-1203,30.86,Americano with Milk,Morning,Mon,Feb,1,2
2025-02-17,2025-02-17 11:55:02,11,card,ANON-0000-0000-1202,21.06,Espresso,Morning,Mon,Feb,1,2
2025-02-17,2025-02-17 12:48:58,12,card,ANON-0000-0000-1220,35.76,Cappuccino,Afternoon,Mon,Feb,1,2
2025-02-17,2025-02-17 14:23:02,14,card,ANON-0000-0000-1221,35.76,Latte,Afternoon,Mon,Feb,1,2
2025-02-17,2025-02-17 15:05:42,15,card,ANON-0000-0000-1194,30.86,Americano with Milk,Afternoon,Mon,Feb,1,2
2025-02-17,2025-02-17 15:33:20,15,card,ANON-0000-0000-1191,35.76,Latte,Afternoon,Mon,Feb,1,2
2025-02-17,2025-02-17 16:19:06,16,card,ANON-0000-0000-1218,21.06,Espresso,Afternoon,Mon,Feb,1,2
2025-02-17,2025-02-17 16:22:42,16,card,ANON-0000-0000-1170,25.96,Americano,Afternoon,Mon,Feb,1,2
2025-02-17,2025-02-17 17:31:14,17,card,ANON-0000-0000-1222,30.86,Americano with Milk,Night,Mon,Feb,1,2
2025-02-17,2025-02-17 18:23:53,18,card,ANON-0000-0000-1206,25.96,Americano,Night,Mon,Feb,1,2
2025-02-17,2025-02-17 19:13:52,19,card,ANON-0000-0000-1223,25.96,Americano,Night,Mon,Feb,1,2
2025-02-17,2025-02-17 19:15:01,19,card,ANON-0000-0000-1223,25.96,Americano,Night,Mon,Feb,1,2
2025-02-17,2025-02-17 20:18:17,20,card,ANON-0000-0000-1192,35.76,Latte,Night,Mon,Feb,1,2
2025-02-18,2025-02-18 08:53:09,8,card,ANON-0000-0000-1163,25.96,Americano,Morning,Tue,Feb,2,2
2025-02-18,2025-02-18 08:54:14,8,card,ANON-0000-0000-1163,25.96,Americano,Morning,Tue,Feb,2,2
2025-02-18,2025-02-18 11:07:35,11,card,ANON-0000-0000-1110,25.96,Americano,Morning,Tue,Feb,2,2
2025-02-18,2025-02-18 11:30:06,11,card,ANON-0000-0000-1198,25.96,Americano,Morning,Tue,Feb,2,2
2025-02-18,2025-02-18 11:38:24,11,card,ANON-0000-0000-1203,30.86,Americano with Milk,Morning,Tue,Feb,2,2
2025-02-18,2025-02-18 12:15:27,12,card,ANON-0000-0000-1218,30.86,Americano with Milk,Afternoon,Tue,Feb,2,2
2025-02-18,2025-02-18 13:04:27,13,card,ANON-0000-0000-1224,35.76,Cocoa,Afternoon,Tue,Feb,2,2
2025-02-18,2025-02-18 13:25:45,13,card,ANON-0000-0000-1215,25.96,Americano,Afternoon,Tue,Feb,2,2
2025-02-18,2025-02-18 13:27:05,13,card,ANON-0000-0000-1222,30.86,Americano with Milk,Afternoon,Tue,Feb,2,2
2025-02-18,2025-02-18 17:05:28,17,card,ANON-0000-0000-1210,35.76,Hot Chocolate,Night,Tue,Feb,2,2
2025-02-18,2025-02-18 17:08:19,17,card,ANON-0000-0000-1225,30.86,Americano with Milk,Night,Tue,Feb,2,2
2025-02-18,2025-02-18 17:09:17,17,card,ANON-0000-0000-1225,21.06,Espresso,Night,Tue,Feb,2,2
2025-02-18,2025-02-18 17:10:23,17,card,ANON-0000-0000-1225,35.76,Cocoa,Night,Tue,Feb,2,2
2025-02-18,2025-02-18 17:11:36,17,card,ANON-0000-0000-1225,35.76,Cocoa,Night,Tue,Feb,2,2
2025-02-18,2025-02-18 19:36:27,19,card,ANON-0000-0000-1226,35.76,Cocoa,Night,Tue,Feb,2,2
2025-02-18,2025-02-18 20:06:56,20,card,ANON-0000-0000-1185,35.76,Cocoa,Night,Tue,Feb,2,2
2025-02-18,2025-02-18 20:58:13,20,card,ANON-0000-0000-1212,35.76,Hot Chocolate,Night,Tue,Feb,2,2
2025-02-18,2025-02-18 21:02:00,21,card,ANON-0000-0000-1222,30.86,Americano with Milk,Night,Tue,Feb,2,2
2025-02-19,2025-02-19 08:08:53,8,card,ANON-0000-0000-1161,35.76,Cappuccino,Morning,Wed,Feb,3,2
2025-02-19,2025-02-19 08:09:54,8,card,ANON-0000-0000-1152,25.96,Americano,Morning,Wed,Feb,3,2
2025-02-19,2025-02-19 08:47:33,8,card,ANON-0000-0000-1170,25.96,Americano,Morning,Wed,Feb,3,2
2025-02-19,2025-02-19 09:24:32,9,card,ANON-0000-0000-1220,35.76,Cappuccino,Morning,Wed,Feb,3,2
2025-02-19,2025-02-19 10:09:51,10,card,ANON-0000-0000-1167,25.96,Americano,Morning,Wed,Feb,3,2
2025-02-19,2025-02-19 10:19:01,10,card,ANON-0000-0000-1227,35.76,Hot Chocolate,Morning,Wed,Feb,3,2
2025-02-19,2025-02-19 10:40:52,10,card,ANON-0000-0000-1207,30.86,Americano with Milk,Morning,Wed,Feb,3,2
2025-02-19,2025-02-19 12:45:06,12,card,ANON-0000-0000-1198,25.96,Americano,Afternoon,Wed,Feb,3,2
2025-02-19,2025-02-19 12:46:04,12,card,ANON-0000-0000-1168,35.76,Cocoa,Afternoon,Wed,Feb,3,2
2025-02-19,2025-02-19 13:06:54,13,card,ANON-0000-0000-1171,25.96,Americano,Afternoon,Wed,Feb,3,2
2025-02-19,2025-02-19 15:50:43,15,card,ANON-0000-0000-1158,35.76,Cappuccino,Afternoon,Wed,Feb,3,2
2025-02-19,2025-02-19 17:04:00,17,card,ANON-0000-0000-1110,25.96,Americano,Night,Wed,Feb,3,2
2025-02-19,2025-02-19 17:34:49,17,card,ANON-0000-0000-1158,35.76,Cappuccino,Night,Wed,Feb,3,2
2025-02-19,2025-02-19 17:57:52,17,card,ANON-0000-0000-1217,30.86,Americano with Milk,Night,Wed,Feb,3,2
2025-02-19,2025-02-19 18:35:39,18,card,ANON-0000-0000-1228,35.76,Cappuccino,Night,Wed,Feb,3,2
2025-02-19,2025-02-19 19:01:33,19,card,ANON-0000-0000-1229,35.76,Latte,Night,Wed,Feb,3,2
2025-02-19,2025-02-19 19:11:50,19,card,ANON-0000-0000-1179,35.76,Cocoa,Night,Wed,Feb,3,2
2025-02-19,2025-02-19 19:12:43,19,card,ANON-0000-0000-1179,35.76,Hot Chocolate,Night,Wed,Feb,3,2
2025-02-19,2025-02-19 19:26:23,19,card,ANON-0000-0000-1191,35.76,Latte,Night,Wed,Feb,3,2
2025-02-19,2025-02-19 20:05:28,20,card,ANON-0000-0000-1182,35.76,Cocoa,Night,Wed,Feb,3,2
2025-02-20,2025-02-20 07:56:25,7,card,ANON-0000-0000-1161,35.76,Cappuccino,Morning,Thu,Feb,4,2
2025-02-20,2025-02-20 09:17:53,9,card,ANON-0000-0000-1167,25.96,Americano,Morning,Thu,Feb,4,2
2025-02-20,2025-02-20 10:16:40,10,card,ANON-0000-0000-1163,35.76,Cappuccino,Morning,Thu,Feb,4,2
2025-02-20,2025-02-20 10:17:39,10,card,ANON-0000-0000-1163,25.96,Americano,Morning,Thu,Feb,4,2
2025-02-20,2025-02-20 10:20:25,10,card,ANON-0000-0000-1167,25.96,Americano,Morning,Thu,Feb,4,2
2025-02-20,2025-02-20 10:24:24,10,card,ANON-0000-0000-1198,25.96,Americano,Morning,Thu,Feb,4,2
2025-02-20,2025-02-20 13:02:20,13,card,ANON-0000-0000-1203,30.86,Americano with Milk,Afternoon,Thu,Feb,4,2
2025-02-20,2025-02-20 14:20:33,14,card,ANON-0000-0000-1196,35.76,Latte,Afternoon,Thu,Feb,4,2
2025-02-20,2025-02-20 14:38:00,14,card,ANON-0000-0000-1163,25.96,Americano,Afternoon,Thu,Feb,4,2
2025-02-20,2025-02-20 14:38:49,14,card,ANON-0000-0000-1163,25.96,Americano,Afternoon,Thu,Feb,4,2
2025-02-20,2025-02-20 15:19:46,15,card,ANON-0000-0000-1230,21.06,Espresso,Afternoon,Thu,Feb,4,2
2025-02-20,2025-02-20 16:05:50,16,card,ANON-0000-0000-1156,35.76,Cappuccino,Afternoon,Thu,Feb,4,2
2025-02-20,2025-02-20 16:59:07,16,card,ANON-0000-0000-1231,35.76,Cappuccino,Afternoon,Thu,Feb,4,2
2025-02-20,2025-02-20 17:00:37,17,card,ANON-0000-0000-1231,35.76,Hot Chocolate,Night,Thu,Feb,4,2
2025-02-20,2025-02-20 17:07:28,17,card,ANON-0000-0000-1163,25.96,Americano,Night,Thu,Feb,4,2
2025-02-20,2025-02-20 18:57:35,18,card,ANON-0000-0000-1232,25.96,Americano,Night,Thu,Feb,4,2
2025-02-20,2025-02-20 19:01:51,19,card,ANON-0000-0000-1233,35.76,Hot Chocolate,Night,Thu,Feb,4,2
2025-02-20,2025-02-20 19:07:26,19,card,ANON-0000-0000-1234,35.76,Cocoa,Night,Thu,Feb,4,2
2025-02-20,2025-02-20 20:07:04,20,card,ANON-0000-0000-1169,35.76,Latte,Night,Thu,Feb,4,2
2025-02-21,2025-02-21 06:59:08,6,card,ANON-0000-0000-1163,25.96,Americano,Morning,Fri,Feb,5,2
2025-02-21,2025-02-21 09:41:30,9,card,ANON-0000-0000-1235,35.76,Latte,Morning,Fri,Feb,5,2
2025-02-21,2025-02-21 09:49:21,9,card,ANON-0000-0000-1236,35.76,Cappuccino,Morning,Fri,Feb,5,2
2025-02-21,2025-02-21 09:51:13,9,card,ANON-0000-0000-1237,21.06,Espresso,Morning,Fri,Feb,5,2
2025-02-21,2025-02-21 10:18:11,10,card,ANON-0000-0000-1232,25.96,Americano,Morning,Fri,Feb,5,2
2025-02-21,2025-02-21 11:10:08,11,card,ANON-0000-0000-1163,30.86,Americano with Milk,Morning,Fri,Feb,5,2
2025-02-21,2025-02-21 12:04:49,12,card,ANON-0000-0000-1110,25.96,Americano,Afternoon,Fri,Feb,5,2
2025-02-21,2025-02-21 12:07:43,12,card,ANON-0000-0000-1238,25.96,Americano,Afternoon,Fri,Feb,5,2
2025-02-21,2025-02-21 12:56:18,12,card,ANON-0000-0000-1198,25.96,Americano,Afternoon,Fri,Feb,5,2
2025-02-21,2025-02-21 12:57:03,12,card,ANON-0000-0000-1167,25.96,Americano,Afternoon,Fri,Feb,5,2
2025-02-21,2025-02-21 13:06:43,13,card,ANON-0000-0000-1203,25.96,Americano,Afternoon,Fri,Feb,5,2
2025-02-21,2025-02-21 14:17:55,14,card,ANON-0000-0000-1203,25.96,Americano,Afternoon,Fri,Feb,5,2
2025-02-21,2025-02-21 15:18:31,15,card,ANON-0000-0000-1161,35.76,Cappuccino,Afternoon,Fri,Feb,5,2
2025-02-21,2025-02-21 15:45:54,15,card,ANON-0000-0000-1163,25.96,Americano,Afternoon,Fri,Feb,5,2
2025-02-21,2025-02-21 15:46:48,15,card,ANON-0000-0000-1163,25.96,Americano,Afternoon,Fri,Feb,5,2
2025-02-21,2025-02-21 15:52:48,15,card,ANON-0000-0000-1203,25.96,Americano,Afternoon,Fri,Feb,5,2
2025-02-21,2025-02-21 16:10:06,16,card,ANON-0000-0000-1239,35.76,Cocoa,Afternoon,Fri,Feb,5,2
2025-02-21,2025-02-21 16:46:59,16,card,ANON-0000-0000-1191,35.76,Latte,Afternoon,Fri,Feb,5,2
2025-02-21,2025-02-21 16:48:59,16,card,ANON-0000-0000-1165,35.76,Hot Chocolate,Afternoon,Fri,Feb,5,2
2025-02-21,2025-02-21 16:50:13,16,card,ANON-0000-0000-1165,35.76,Latte,Afternoon,Fri,Feb,5,2
2025-02-21,2025-02-21 19:08:19,19,card,ANON-0000-0000-1178,35.76,Cocoa,Night,Fri,Feb,5,2
2025-02-21,2025-02-21 19:09:10,19,card,ANON-0000-0000-1178,35.76,Cocoa,Night,Fri,Feb,5,2
2025-02-21,2025-02-21 19:59:24,19,card,ANON-0000-0000-1184,35.76,Cappuccino,Night,Fri,Feb,5,2
2025-02-22,2025-02-22 10:52:19,10,card,ANON-0000-0000-1240,35.76,Hot Chocolate,Morning,Sat,Feb,6,2
2025-02-22,2025-02-22 11:28:30,11,card,ANON-0000-0000-1241,25.96,Americano,Morning,Sat,Feb,6,2
2025-02-22,2025-02-22 11:41:13,11,card,ANON-0000-0000-1190,25.96,Americano,Morning,Sat,Feb,6,2
2025-02-22,2025-02-22 12:59:42,12,card,ANON-0000-0000-0095,21.06,Espresso,Afternoon,Sat,Feb,6,2
2025-02-22,2025-02-22 15:03:03,15,card,ANON-0000-0000-1162,30.86,Americano with Milk,Afternoon,Sat,Feb,6,2
2025-02-23,2025-02-23 10:33:12,10,card,ANON-0000-0000-1156,30.86,Americano with Milk,Morning,Sun,Feb,7,2
2025-02-23,2025-02-23 12:52:26,12,card,ANON-0000-0000-1163,30.86,Americano with Milk,Afternoon,Sun,Feb,7,2
2025-02-23,2025-02-23 12:54:06,12,card,ANON-0000-0000-1163,30.86,Americano with Milk,Afternoon,Sun,Feb,7,2
2025-02-23,2025-02-23 13:50:22,13,card,ANON-0000-0000-1242,35.76,Cappuccino,Afternoon,Sun,Feb,7,2
2025-02-23,2025-02-23 14:02:03,14,card,ANON-0000-0000-1156,35.76,Cocoa,Afternoon,Sun,Feb,7,2
2025-02-23,2025-02-23 17:27:45,17,card,ANON-0000-0000-1243,25.96,Americano,Night,Sun,Feb,7,2
2025-02-24,2025-02-24 09:14:54,9,card,ANON-0000-0000-1220,30.86,Americano with Milk,Morning,Mon,Feb,1,2
2025-02-24,2025-02-24 09:45:11,9,card,ANON-0000-0000-1244,35.76,Latte,Morning,Mon,Feb,1,2
2025-02-24,2025-02-24 10:02:49,10,card,ANON-0000-0000-1163,25.96,Americano,Morning,Mon,Feb,1,2
2025-02-24,2025-02-24 10:09:12,10,card,ANON-0000-0000-1245,30.86,Americano with Milk,Morning,Mon,Feb,1,2
2025-02-24,2025-02-24 10:10:22,10,card,ANON-0000-0000-1245,30.86,Americano with Milk,Morning,Mon,Feb,1,2
2025-02-24,2025-02-24 10:47:48,10,card,ANON-0000-0000-1244,35.76,Cocoa,Morning,Mon,Feb,1,2
2025-02-24,2025-02-24 12:58:41,12,card,ANON-0000-0000-1191,35.76,Latte,Afternoon,Mon,Feb,1,2
2025-02-24,2025-02-24 13:00:01,13,card,ANON-0000-0000-1191,35.76,Cocoa,Afternoon,Mon,Feb,1,2
2025-02-24,2025-02-24 15:40:02,15,card,ANON-0000-0000-1163,30.86,Americano with Milk,Afternoon,Mon,Feb,1,2
2025-02-24,2025-02-24 16:00:06,16,card,ANON-0000-0000-1246,35.76,Cocoa,Afternoon,Mon,Feb,1,2
2025-02-24,2025-02-24 16:10:24,16,card,ANON-0000-0000-1184,35.76,Cappuccino,Afternoon,Mon,Feb,1,2
2025-02-24,2025-02-24 16:28:52,16,card,ANON-0000-0000-1177,35.76,Latte,Afternoon,Mon,Feb,1,2
2025-02-24,2025-02-24 16:59:39,16,card,ANON-0000-0000-1170,25.96,Americano,Afternoon,Mon,Feb,1,2
2025-02-24,2025-02-24 17:00:45,17,card,ANON-0000-0000-1170,25.96,Americano,Night,Mon,Feb,1,2
2025-02-24,2025-02-24 17:37:39,17,card,ANON-0000-0000-1222,30.86,Americano with Milk,Night,Mon,Feb,1,2
2025-02-24,2025-02-24 18:07:02,18,card,ANON-0000-0000-1162,30.86,Americano with Milk,Night,Mon,Feb,1,2
2025-02-24,2025-02-24 18:21:57,18,card,ANON-0000-0000-1191,35.76,Latte,Night,Mon,Feb,1,2
2025-02-24,2025-02-24 19:04:34,19,card,ANON-0000-0000-0878,30.86,Americano with Milk,Night,Mon,Feb,1,2
2025-02-24,2025-02-24 19:24:11,19,card,ANON-0000-0000-1179,35.76,Hot Chocolate,Night,Mon,Feb,1,2
2025-02-24,2025-02-24 19:24:54,19,card,ANON-0000-0000-1247,35.76,Latte,Night,Mon,Feb,1,2
2025-02-24,2025-02-24 19:26:15,19,card,ANON-0000-0000-1179,35.76,Cocoa,Night,Mon,Feb,1,2
2025-02-24,2025-02-24 20:14:51,20,card,ANON-0000-0000-1156,35.76,Cocoa,Night,Mon,Feb,1,2
2025-02-25,2025-02-25 08:00:39,8,card,ANON-0000-0000-1153,30.86,Americano with Milk,Morning,Tue,Feb,2,2
2025-02-25,2025-02-25 08:49:21,8,card,ANON-0000-0000-1152,25.96,Americano,Morning,Tue,Feb,2,2
2025-02-25,2025-02-25 08:50:14,8,card,ANON-0000-0000-1152,30.86,Americano with Milk,Morning,Tue,Feb,2,2
2025-02-25,2025-02-25 10:02:45,10,card,ANON-0000-0000-1237,21.06,Espresso,Morning,Tue,Feb,2,2
2025-02-25,2025-02-25 11:03:34,11,card,ANON-0000-0000-1170,25.96,Americano,Morning,Tue,Feb,2,2
2025-02-25,2025-02-25 11:04:27,11,card,ANON-0000-0000-1152,25.96,Americano,Morning,Tue,Feb,2,2
2025-02-25,2025-02-25 12:20:42,12,card,ANON-0000-0000-1184,35.76,Cappuccino,Afternoon,Tue,Feb,2,2
2025-02-25,2025-02-25 14:14:19,14,card,ANON-0000-0000-1161,35.76,Cappuccino,Afternoon,Tue,Feb,2,2
2025-02-25,2025-02-25 16:49:37,16,card,ANON-0000-0000-0019,25.96,Americano,Afternoon,Tue,Feb,2,2
2025-02-25,2025-02-25 16:50:36,16,card,ANON-0000-0000-0019,25.96,Americano,Afternoon,Tue,Feb,2,2
2025-02-25,2025-02-25 18:19:09,18,card,ANON-0000-0000-1234,35.76,Cocoa,Night,Tue,Feb,2,2
2025-02-25,2025-02-25 19:32:40,19,card,ANON-0000-0000-1152,35.76,Cappuccino,Night,Tue,Feb,2,2
2025-02-26,2025-02-26 08:57:37,8,card,ANON-0000-0000-1170,25.96,Americano,Morning,Wed,Feb,3,2
2025-02-26,2025-02-26 10:11:27,10,card,ANON-0000-0000-1248,30.86,Americano with Milk,Morning,Wed,Feb,3,2
2025-02-26,2025-02-26 10:12:26,10,card,ANON-0000-0000-1248,30.86,Americano with Milk,Morning,Wed,Feb,3,2
2025-02-26,2025-02-26 10:16:57,10,card,ANON-0000-0000-1155,35.76,Hot Chocolate,Morning,Wed,Feb,3,2
2025-02-26,2025-02-26 13:13:27,13,card,ANON-0000-0000-1168,35.76,Cocoa,Afternoon,Wed,Feb,3,2
2025-02-26,2025-02-26 13:31:24,13,card,ANON-0000-0000-1191,35.76,Latte,Afternoon,Wed,Feb,3,2
2025-02-26,2025-02-26 15:01:59,15,card,ANON-0000-0000-1110,25.96,Americano,Afternoon,Wed,Feb,3,2
2025-02-26,2025-02-26 15:14:48,15,card,ANON-0000-0000-1249,25.96,Americano,Afternoon,Wed,Feb,3,2
2025-02-26,2025-02-26 15:17:25,15,card,ANON-0000-0000-1247,25.96,Cortado,Afternoon,Wed,Feb,3,2
2025-02-26,2025-02-26 15:20:03,15,card,ANON-0000-0000-1250,35.76,Hot Chocolate,Afternoon,Wed,Feb,3,2
2025-02-26,2025-02-26 15:20:49,15,card,ANON-0000-0000-1250,25.96,Americano,Afternoon,Wed,Feb,3,2
2025-02-26,2025-02-26 15:28:45,15,card,ANON-0000-0000-1190,25.96,Americano,Afternoon,Wed,Feb,3,2
2025-02-26,2025-02-26 16:20:47,16,card,ANON-0000-0000-1164,35.76,Latte,Afternoon,Wed,Feb,3,2
2025-02-26,2025-02-26 16:55:14,16,card,ANON-0000-0000-1165,35.76,Hot Chocolate,Afternoon,Wed,Feb,3,2
2025-02-26,2025-02-26 16:56:00,16,card,ANON-0000-0000-1191,35.76,Latte,Afternoon,Wed,Feb,3,2
2025-02-26,2025-02-26 17:22:45,17,card,ANON-0000-0000-1166,30.86,Americano with Milk,Night,Wed,Feb,3,2
2025-02-26,2025-02-26 18:11:24,18,card,ANON-0000-0000-1163,35.76,Latte,Night,Wed,Feb,3,2
2025-02-26,2025-02-26 18:13:50,18,card,ANON-0000-0000-1163,35.76,Cappuccino,Night,Wed,Feb,3,2
2025-02-27,2025-02-27 07:19:00,7,card,ANON-0000-0000-1163,35.76,Cappuccino,Morning,Thu,Feb,4,2
2025-02-27,2025-02-27 07:21:01,7,card,ANON-0000-0000-1161,35.76,Cappuccino,Morning,Thu,Feb,4,2
2025-02-27,2025-02-27 10:52:29,10,card,ANON-0000-0000-1237,21.06,Espresso,Morning,Thu,Feb,4,2
2025-02-27,2025-02-27 11:08:17,11,card,ANON-0000-0000-1168,35.76,Cocoa,Morning,Thu,Feb,4,2
2025-02-27,2025-02-27 12:48:16,12,card,ANON-0000-0000-1251,35.76,Cocoa,Afternoon,Thu,Feb,4,2
2025-02-27,2025-02-27 13:29:48,13,card,ANON-0000-0000-1252,30.86,Americano with Milk,Afternoon,Thu,Feb,4,2
2025-02-27,2025-02-27 14:23:16,14,card,ANON-0000-0000-1163,25.96,Americano,Afternoon,Thu,Feb,4,2
2025-02-27,2025-02-27 14:43:19,14,card,ANON-0000-0000-1253,35.76,Latte,Afternoon,Thu,Feb,4,2
2025-02-27,2025-02-27 15:47:51,15,card,ANON-0000-0000-1170,25.96,Americano,Afternoon,Thu,Feb,4,2
2025-02-27,2025-02-27 16:28:28,16,card,ANON-0000-0000-1170,25.96,Americano,Afternoon,Thu,Feb,4,2
2025-02-27,2025-02-27 17:12:56,17,card,ANON-0000-0000-1190,25.96,Americano,Night,Thu,Feb,4,2
2025-02-27,2025-02-27 17:23:10,17,card,ANON-0000-0000-1170,25.96,Americano,Night,Thu,Feb,4,2
2025-02-27,2025-02-27 17:53:13,17,card,ANON-0000-0000-1254,35.76,Latte,Night,Thu,Feb,4,2
2025-02-27,2025-02-27 18:17:29,18,card,ANON-0000-0000-1208,35.76,Latte,Night,Thu,Feb,4,2
2025-02-27,2025-02-27 18:38:41,18,card,ANON-0000-0000-1184,35.76,Cappuccino,Night,Thu,Feb,4,2
2025-02-27,2025-02-27 18:40:02,18,card,ANON-0000-0000-1179,35.76,Cocoa,Night,Thu,Feb,4,2
2025-02-27,2025-02-27 18:40:52,18,card,ANON-0000-0000-1179,35.76,Cocoa,Night,Thu,Feb,4,2
2025-02-27,2025-02-27 19:14:16,19,card,ANON-0000-0000-1215,35.76,Latte,Night,Thu,Feb,4,2
2025-02-27,2025-02-27 20:02:07,20,card,ANON-0000-0000-0046,35.76,Cappuccino,Night,Thu,Feb,4,2
2025-02-28,2025-02-28 06:52:46,6,card,ANON-0000-0000-1163,30.86,Americano with Milk,Morning,Fri,Feb,5,2
2025-02-28,2025-02-28 06:55:00,6,card,ANON-0000-0000-1163,30.86,Americano with Milk,Morning,Fri,Feb,5,2
2025-02-28,2025-02-28 07:18:37,7,card,ANON-0000-0000-1161,35.76,Cappuccino,Morning,Fri,Feb,5,2
2025-02-28,2025-02-28 08:09:58,8,card,ANON-0000-0000-1255,21.06,Espresso,Morning,Fri,Feb,5,2
2025-02-28,2025-02-28 09:02:38,9,card,ANON-0000-0000-1162,30.86,Americano with Milk,Morning,Fri,Feb,5,2
2025-02-28,2025-02-28 14:44:28,14,card,ANON-0000-0000-1110,25.96,Americano,Afternoon,Fri,Feb,5,2
2025-02-28,2025-02-28 14:45:22,14,card,ANON-0000-0000-1110,25.96,Americano,Afternoon,Fri,Feb,5,2
2025-02-28,2025-02-28 14:47:52,14,card,ANON-0000-0000-1163,25.96,Americano,Afternoon,Fri,Feb,5,2
2025-02-28,2025-02-28 14:52:02,14,card,ANON-0000-0000-1191,35.76,Latte,Afternoon,Fri,Feb,5,2
2025-02-28,2025-02-28 15:19:19,15,card,ANON-0000-0000-1110,25.96,Americano,Afternoon,Fri,Feb,5,2
2025-02-28,2025-02-28 16:22:27,16,card,ANON-0000-0000-1156,35.76,Cocoa,Afternoon,Fri,Feb,5,2
2025-02-28,2025-02-28 16:30:07,16,card,ANON-0000-0000-1170,25.96,Americano,Afternoon,Fri,Feb,5,2
2025-02-28,2025-02-28 17:21:01,17,card,ANON-0000-0000-1191,35.76,Latte,Night,Fri,Feb,5,2
2025-02-28,2025-02-28 17:31:04,17,card,ANON-0000-0000-1256,30.86,Americano with Milk,Night,Fri,Feb,5,2
2025-02-28,2025-02-28 17:32:17,17,card,ANON-0000-0000-1170,25.96,Americano,Night,Fri,Feb,5,2
2025-02-28,2025-02-28 17:33:49,17,card,ANON-0000-0000-1190,25.96,Americano,Night,Fri,Feb,5,2
2025-02-28,2025-02-28 18:53:49,18,card,ANON-0000-0000-1257,35.76,Latte,Night,Fri,Feb,5,2
2025-03-01,2025-03-01 10:31:46,10,card,ANON-0000-0000-1184,35.76,Cappuccino,Morning,Sat,Mar,6,3
2025-03-01,2025-03-01 11:24:05,11,card,ANON-0000-0000-1190,25.96,Americano,Morning,Sat,Mar,6,3
2025-03-01,2025-03-01 11:27:58,11,card,ANON-0000-0000-1198,25.96,Americano,Morning,Sat,Mar,6,3
2025-03-01,2025-03-01 14:43:24,14,card,ANON-0000-0000-1254,35.76,Latte,Afternoon,Sat,Mar,6,3
2025-03-01,2025-03-01 15:02:31,15,card,ANON-0000-0000-1152,25.96,Americano,Afternoon,Sat,Mar,6,3
2025-03-01,2025-03-01 15:08:20,15,card,ANON-0000-0000-1157,30.86,Americano with Milk,Afternoon,Sat,Mar,6,3
2025-03-01,2025-03-01 16:42:13,16,card,ANON-0000-0000-1184,35.76,Cappuccino,Afternoon,Sat,Mar,6,3
2025-03-01,2025-03-01 17:08:34,17,card,ANON-0000-0000-1258,25.96,Americano,Night,Sat,Mar,6,3
2025-03-02,2025-03-02 09:58:15,9,card,ANON-0000-0000-1163,35.76,Cocoa,Morning,Sun,Mar,7,3
2025-03-02,2025-03-02 12:17:36,12,card,ANON-0000-0000-1189,35.76,Latte,Afternoon,Sun,Mar,7,3
2025-03-02,2025-03-02 13:36:20,13,card,ANON-0000-0000-1217,30.86,Americano with Milk,Afternoon,Sun,Mar,7,3
2025-03-02,2025-03-02 15:22:17,15,card,ANON-0000-0000-1152,30.86,Americano with Milk,Afternoon,Sun,Mar,7,3
2025-03-02,2025-03-02 15:23:16,15,card,ANON-0000-0000-1152,25.96,Americano,Afternoon,Sun,Mar,7,3
2025-03-02,2025-03-02 15:24:45,15,card,ANON-0000-0000-1190,25.96,Americano,Afternoon,Sun,Mar,7,3
2025-03-03,2025-03-03 08:24:02,8,card,ANON-0000-0000-1161,35.76,Cappuccino,Morning,Mon,Mar,1,3
2025-03-03,2025-03-03 09:46:52,9,card,ANON-0000-0000-1244,35.76,Cocoa,Morning,Mon,Mar,1,3
2025-03-03,2025-03-03 09:48:39,9,card,ANON-0000-0000-1244,35.76,Latte,Morning,Mon,Mar,1,3
2025-03-03,2025-03-03 10:21:25,10,card,ANON-0000-0000-1227,35.76,Hot Chocolate,Morning,Mon,Mar,1,3
2025-03-03,2025-03-03 10:24:47,10,card,ANON-0000-0000-1259,35.76,Hot Chocolate,Morning,Mon,Mar,1,3
2025-03-03,2025-03-03 12:58:08,12,card,ANON-0000-0000-1184,35.76,Cappuccino,Afternoon,Mon,Mar,1,3
2025-03-03,2025-03-03 15:11:01,15,card,ANON-0000-0000-1191,35.76,Latte,Afternoon,Mon,Mar,1,3
2025-03-03,2025-03-03 15:47:59,15,card,ANON-0000-0000-1167,25.96,Americano,Afternoon,Mon,Mar,1,3
2025-03-03,2025-03-03 16:14:50,16,card,ANON-0000-0000-1196,35.76,Cocoa,Afternoon,Mon,Mar,1,3
2025-03-03,2025-03-03 16:16:35,16,card,ANON-0000-0000-1191,35.76,Latte,Afternoon,Mon,Mar,1,3
2025-03-03,2025-03-03 16:18:27,16,card,ANON-0000-0000-1164,35.76,Latte,Afternoon,Mon,Mar,1,3
2025-03-03,2025-03-03 16:40:29,16,card,ANON-0000-0000-1158,35.76,Cappuccino,Afternoon,Mon,Mar,1,3
2025-03-03,2025-03-03 16:42:23,16,card,ANON-0000-0000-1158,35.76,Cappuccino,Afternoon,Mon,Mar,1,3
2025-03-03,2025-03-03 16:52:12,16,card,ANON-0000-0000-1170,25.96,Americano,Afternoon,Mon,Mar,1,3
2025-03-03,2025-03-03 17:28:43,17,card,ANON-0000-0000-1256,30.86,Americano with Milk,Night,Mon,Mar,1,3
2025-03-03,2025-03-03 17:31:22,17,card,ANON-0000-0000-1198,25.96,Americano,Night,Mon,Mar,1,3
2025-03-03,2025-03-03 17:32:18,17,card,ANON-0000-0000-1198,35.76,Hot Chocolate,Night,Mon,Mar,1,3
2025-03-03,2025-03-03 17:32:59,17,card,ANON-0000-0000-1198,25.96,Americano,Night,Mon,Mar,1,3
2025-03-03,2025-03-03 17:57:33,17,card,ANON-0000-0000-1179,35.76,Hot Chocolate,Night,Mon,Mar,1,3
2025-03-03,2025-03-03 17:58:27,17,card,ANON-0000-0000-1178,35.76,Hot Chocolate,Night,Mon,Mar,1,3
2025-03-03,2025-03-03 18:03:05,18,card,ANON-0000-0000-1162,30.86,Americano with Milk,Night,Mon,Mar,1,3
2025-03-03,2025-03-03 18:46:53,18,card,ANON-0000-0000-1257,35.76,Latte,Night,Mon,Mar,1,3
2025-03-04,2025-03-04 07:19:22,7,card,ANON-0000-0000-1161,35.76,Cappuccino,Morning,Tue,Mar,2,3
2025-03-04,2025-03-04 07:31:55,7,card,ANON-0000-0000-1163,25.96,Americano,Morning,Tue,Mar,2,3
2025-03-04,2025-03-04 08:51:45,8,card,ANON-0000-0000-1187,30.86,Americano with Milk,Morning,Tue,Mar,2,3
2025-03-04,2025-03-04 09:09:32,9,card,ANON-0000-0000-1163,25.96,Americano,Morning,Tue,Mar,2,3
2025-03-04,2025-03-04 09:10:22,9,card,ANON-0000-0000-1163,25.96,Americano,Morning,Tue,Mar,2,3
2025-03-04,2025-03-04 09:58:37,9,card,ANON-0000-0000-1260,25.96,Americano,Morning,Tue,Mar,2,3
2025-03-04,2025-03-04 11:04:02,11,card,ANON-0000-0000-1222,30.86,Americano with Milk,Morning,Tue,Mar,2,3
2025-03-04,2025-03-04 11:05:07,11,card,ANON-0000-0000-1176,25.96,Americano,Morning,Tue,Mar,2,3
2025-03-04,2025-03-04 11:46:41,11,card,ANON-0000-0000-1167,25.96,Americano,Morning,Tue,Mar,2,3
2025-03-04,2025-03-04 11:47:25,11,card,ANON-0000-0000-1167,25.96,Americano,Morning,Tue,Mar,2,3
2025-03-04,2025-03-04 11:51:35,11,card,ANON-0000-0000-1110,25.96,Americano,Morning,Tue,Mar,2,3
2025-03-04,2025-03-04 12:25:59,12,card,ANON-0000-0000-1189,35.76,Cocoa,Afternoon,Tue,Mar,2,3
2025-03-04,2025-03-04 16:48:58,16,card,ANON-0000-0000-1167,25.96,Americano,Afternoon,Tue,Mar,2,3
2025-03-04,2025-03-04 18:43:22,18,card,ANON-0000-0000-1234,35.76,Cocoa,Night,Tue,Mar,2,3
2025-03-04,2025-03-04 19:10:09,19,card,ANON-0000-0000-1174,35.76,Latte,Night,Tue,Mar,2,3
2025-03-04,2025-03-04 20:09:01,20,card,ANON-0000-0000-1246,35.76,Latte,Night,Tue,Mar,2,3
2025-03-05,2025-03-05 08:39:52,8,card,ANON-0000-0000-1163,30.86,Americano with Milk,Morning,Wed,Mar,3,3
2025-03-05,2025-03-05 09:38:24,9,card,ANON-0000-0000-1167,25.96,Americano,Morning,Wed,Mar,3,3
2025-03-05,2025-03-05 10:01:14,10,card,ANON-0000-0000-1198,25.96,Americano,Morning,Wed,Mar,3,3
2025-03-05,2025-03-05 10:02:04,10,card,ANON-0000-0000-1198,25.96,Americano,Morning,Wed,Mar,3,3
2025-03-05,2025-03-05 10:10:51,10,card,ANON-0000-0000-1261,35.76,Cappuccino,Morning,Wed,Mar,3,3
2025-03-05,2025-03-05 10:40:35,10,card,ANON-0000-0000-1248,30.86,Americano with Milk,Morning,Wed,Mar,3,3
2025-03-05,2025-03-05 11:08:32,11,card,ANON-0000-0000-1184,35.76,Cappuccino,Morning,Wed,Mar,3,3
2025-03-05,2025-03-05 11:10:54,11,card,ANON-0000-0000-1262,35.76,Cocoa,Morning,Wed,Mar,3,3
2025-03-05,2025-03-05 11:38:51,11,card,ANON-0000-0000-1198,25.96,Americano,Morning,Wed,Mar,3,3
2025-03-05,2025-03-05 11:41:22,11,card,ANON-0000-0000-1167,25.96,Americano,Morning,Wed,Mar,3,3
2025-03-05,2025-03-05 12:12:56,12,card,ANON-0000-0000-1110,25.96,Americano,Afternoon,Wed,Mar,3,3
2025-03-05,2025-03-05 15:07:51,15,card,ANON-0000-0000-1191,35.76,Latte,Afternoon,Wed,Mar,3,3
2025-03-05,2025-03-05 15:21:36,15,card,ANON-0000-0000-1164,35.76,Latte,Afternoon,Wed,Mar,3,3
2025-03-05,2025-03-05 15:25:11,15,card,ANON-0000-0000-1165,35.76,Hot Chocolate,Afternoon,Wed,Mar,3,3
2025-03-05,2025-03-05 17:09:57,17,card,ANON-0000-0000-1222,30.86,Americano with Milk,Night,Wed,Mar,3,3
2025-03-05,2025-03-05 17:16:24,17,card,ANON-0000-0000-1263,21.06,Espresso,Night,Wed,Mar,3,3
2025-03-05,2025-03-05 17:31:41,17,card,ANON-0000-0000-1191,35.76,Latte,Night,Wed,Mar,3,3
2025-03-05,2025-03-05 18:13:27,18,card,ANON-0000-0000-1158,35.76,Cappuccino,Night,Wed,Mar,3,3
2025-03-05,2025-03-05 19:02:57,19,card,ANON-0000-0000-1264,35.76,Cocoa,Night,Wed,Mar,3,3
2025-03-06,2025-03-06 09:33:39,9,card,ANON-0000-0000-1210,35.76,Hot Chocolate,Morning,Thu,Mar,4,3
2025-03-06,2025-03-06 09:35:53,9,card,ANON-0000-0000-1207,21.06,Espresso,Morning,Thu,Mar,4,3
2025-03-06,2025-03-06 10:48:05,10,card,ANON-0000-0000-1207,30.86,Americano with Milk,Morning,Thu,Mar,4,3
2025-03-06,2025-03-06 10:56:47,10,card,ANON-0000-0000-1163,25.96,Americano,Morning,Thu,Mar,4,3
2025-03-06,2025-03-06 10:57:35,10,card,ANON-0000-0000-1163,25.96,Americano,Morning,Thu,Mar,4,3
2025-03-06,2025-03-06 11:05:44,11,card,ANON-0000-0000-1198,25.96,Americano,Morning,Thu,Mar,4,3
2025-03-06,2025-03-06 11:17:38,11,card,ANON-0000-0000-1265,35.76,Cappuccino,Morning,Thu,Mar,4,3
2025-03-06,2025-03-06 13:51:33,13,card,ANON-0000-0000-1215,35.76,Latte,Afternoon,Thu,Mar,4,3
2025-03-06,2025-03-06 16:06:47,16,card,ANON-0000-0000-1216,30.86,Americano with Milk,Afternoon,Thu,Mar,4,3
2025-03-06,2025-03-06 17:49:11,17,card,ANON-0000-0000-1163,35.76,Cocoa,Night,Thu,Mar,4,3
2025-03-06,2025-03-06 18:27:12,18,card,ANON-0000-0000-1158,35.76,Cappuccino,Night,Thu,Mar,4,3
2025-03-06,2025-03-06 19:22:11,19,card,ANON-0000-0000-1153,30.86,Americano with Milk,Night,Thu,Mar,4,3
2025-03-07,2025-03-07 07:05:42,7,card,ANON-0000-0000-1161,35.76,Cappuccino,Morning,Fri,Mar,5,3
2025-03-07,2025-03-07 08:45:11,8,card,ANON-0000-0000-1110,25.96,Americano,Morning,Fri,Mar,5,3
2025-03-07,2025-03-07 08:46:04,8,card,ANON-0000-0000-1110,25.96,Americano,Morning,Fri,Mar,5,3
2025-03-07,2025-03-07 09:02:41,9,card,ANON-0000-0000-1163,25.96,Americano,Morning,Fri,Mar,5,3
2025-03-07,2025-03-07 10:09:58,10,card,ANON-0000-0000-1155,35.76,Hot Chocolate,Morning,Fri,Mar,5,3
2025-03-07,2025-03-07 10:26:35,10,card,ANON-0000-0000-1266,30.86,Americano with Milk,Morning,Fri,Mar,5,3
2025-03-07,2025-03-07 10:27:33,10,card,ANON-0000-0000-1266,30.86,Americano with Milk,Morning,Fri,Mar,5,3
2025-03-07,2025-03-07 10:41:46,10,card,ANON-0000-0000-1262,35.76,Cocoa,Morning,Fri,Mar,5,3
2025-03-07,2025-03-07 11:50:59,11,card,ANON-0000-0000-1189,35.76,Cocoa,Morning,Fri,Mar,5,3
2025-03-07,2025-03-07 12:03:46,12,card,ANON-0000-0000-1157,30.86,Americano with Milk,Afternoon,Fri,Mar,5,3
2025-03-07,2025-03-07 13:43:48,13,card,ANON-0000-0000-1210,35.76,Hot Chocolate,Afternoon,Fri,Mar,5,3
2025-03-07,2025-03-07 13:55:32,13,card,ANON-0000-0000-1260,25.96,Americano,Afternoon,Fri,Mar,5,3
2025-03-07,2025-03-07 14:53:30,14,card,ANON-0000-0000-1184,35.76,Cappuccino,Afternoon,Fri,Mar,5,3
2025-03-07,2025-03-07 15:09:04,15,card,ANON-0000-0000-1191,35.76,Latte,Afternoon,Fri,Mar,5,3
2025-03-07,2025-03-07 15:52:53,15,card,ANON-0000-0000-1164,35.76,Latte,Afternoon,Fri,Mar,5,3
2025-03-07,2025-03-07 17:10:29,17,card,ANON-0000-0000-1191,35.76,Latte,Night,Fri,Mar,5,3
2025-03-07,2025-03-07 17:12:24,17,card,ANON-0000-0000-1165,35.76,Hot Chocolate,Night,Fri,Mar,5,3
2025-03-08,2025-03-08 09:23:45,9,card,ANON-0000-0000-1207,30.86,Americano with Milk,Morning,Sat,Mar,6,3
2025-03-08,2025-03-08 09:41:53,9,card,ANON-0000-0000-1162,30.86,Americano with Milk,Morning,Sat,Mar,6,3
2025-03-08,2025-03-08 10:54:14,10,card,ANON-0000-0000-1163,25.96,Americano,Morning,Sat,Mar,6,3
2025-03-08,2025-03-08 11:19:46,11,card,ANON-0000-0000-1190,25.96,Americano,Morning,Sat,Mar,6,3
2025-03-08,2025-03-08 11:20:32,11,card,ANON-0000-0000-1190,25.96,Americano,Morning,Sat,Mar,6,3
2025-03-08,2025-03-08 12:41:20,12,card,ANON-0000-0000-1267,30.86,Americano with Milk,Afternoon,Sat,Mar,6,3
2025-03-08,2025-03-08 12:45:05,12,card,ANON-0000-0000-1110,25.96,Americano,Afternoon,Sat,Mar,6,3
2025-03-08,2025-03-08 13:40:06,13,card,ANON-0000-0000-1162,35.76,Cappuccino,Afternoon,Sat,Mar,6,3
2025-03-09,2025-03-09 09:42:04,9,card,ANON-0000-0000-1268,21.06,Espresso,Morning,Sun,Mar,7,3
2025-03-09,2025-03-09 11:25:53,11,card,ANON-0000-0000-1269,30.86,Americano with Milk,Morning,Sun,Mar,7,3
2025-03-09,2025-03-09 13:51:56,13,card,ANON-0000-0000-1184,35.76,Cappuccino,Afternoon,Sun,Mar,7,3
2025-03-09,2025-03-09 14:18:30,14,card,ANON-0000-0000-1163,25.96,Americano,Afternoon,Sun,Mar,7,3
2025-03-09,2025-03-09 15:12:41,15,card,ANON-0000-0000-1153,35.76,Cappuccino,Afternoon,Sun,Mar,7,3
2025-03-09,2025-03-09 15:39:07,15,card,ANON-0000-0000-1110,25.96,Americano,Afternoon,Sun,Mar,7,3
2025-03-09,2025-03-09 15:52:39,15,card,ANON-0000-0000-1217,30.86,Americano with Milk,Afternoon,Sun,Mar,7,3
2025-03-09,2025-03-09 15:53:40,15,card,ANON-0000-0000-1270,35.76,Cocoa,Afternoon,Sun,Mar,7,3
2025-03-10,2025-03-10 08:34:43,8,card,ANON-0000-0000-1271,25.96,Americano,Morning,Mon,Mar,1,3
2025-03-10,2025-03-10 08:35:40,8,card,ANON-0000-0000-1271,35.76,Latte,Morning,Mon,Mar,1,3
2025-03-10,2025-03-10 09:06:28,9,card,ANON-0000-0000-1153,30.86,Americano with Milk,Morning,Mon,Mar,1,3
2025-03-10,2025-03-10 09:19:29,9,card,ANON-0000-0000-1210,35.76,Hot Chocolate,Morning,Mon,Mar,1,3
2025-03-10,2025-03-10 09:50:54,9,card,ANON-0000-0000-1272,35.76,Cocoa,Morning,Mon,Mar,1,3
2025-03-10,2025-03-10 10:18:57,10,card,ANON-0000-0000-1273,35.76,Hot Chocolate,Morning,Mon,Mar,1,3
2025-03-10,2025-03-10 12:36:15,12,card,ANON-0000-0000-1171,25.96,Americano,Afternoon,Mon,Mar,1,3
2025-03-10,2025-03-10 15:32:09,15,card,ANON-0000-0000-1170,25.96,Americano,Afternoon,Mon,Mar,1,3
2025-03-10,2025-03-10 15:41:58,15,card,ANON-0000-0000-1212,35.76,Hot Chocolate,Afternoon,Mon,Mar,1,3
2025-03-10,2025-03-10 16:18:01,16,card,ANON-0000-0000-1191,35.76,Latte,Afternoon,Mon,Mar,1,3
2025-03-10,2025-03-10 16:18:54,16,card,ANON-0000-0000-1165,35.76,Latte,Afternoon,Mon,Mar,1,3
2025-03-10,2025-03-10 16:24:25,16,card,ANON-0000-0000-1274,35.76,Cappuccino,Afternoon,Mon,Mar,1,3
2025-03-10,2025-03-10 16:25:32,16,card,ANON-0000-0000-1274,30.86,Americano with Milk,Afternoon,Mon,Mar,1,3
2025-03-10,2025-03-10 18:15:54,18,card,ANON-0000-0000-1170,25.96,Americano,Night,Mon,Mar,1,3
2025-03-10,2025-03-10 18:48:30,18,card,ANON-0000-0000-1257,35.76,Latte,Night,Mon,Mar,1,3
2025-03-10,2025-03-10 18:49:22,18,card,ANON-0000-0000-1257,35.76,Latte,Night,Mon,Mar,1,3
2025-03-10,2025-03-10 19:26:43,19,card,ANON-0000-0000-1157,30.86,Americano with Milk,Night,Mon,Mar,1,3
2025-03-11,2025-03-11 08:46:26,8,card,ANON-0000-0000-1170,25.96,Americano,Morning,Tue,Mar,2,3
2025-03-11,2025-03-11 09:12:28,9,card,ANON-0000-0000-1163,35.76,Cappuccino,Morning,Tue,Mar,2,3
2025-03-11,2025-03-11 09:27:04,9,card,ANON-0000-0000-1275,35.76,Latte,Morning,Tue,Mar,2,3
2025-03-11,2025-03-11 10:26:58,10,card,ANON-0000-0000-1170,25.96,Americano,Morning,Tue,Mar,2,3
2025-03-11,2025-03-11 12:33:20,12,card,ANON-0000-0000-1170,25.96,Americano,Afternoon,Tue,Mar,2,3
2025-03-11,2025-03-11 13:16:55,13,card,ANON-0000-0000-1171,25.96,Americano,Afternoon,Tue,Mar,2,3
2025-03-11,2025-03-11 16:29:31,16,card,ANON-0000-0000-1276,35.76,Hot Chocolate,Afternoon,Tue,Mar,2,3
2025-03-11,2025-03-11 16:30:16,16,card,ANON-0000-0000-1276,35.76,Cocoa,Afternoon,Tue,Mar,2,3
2025-03-11,2025-03-11 16:49:41,16,card,ANON-0000-0000-1210,35.76,Hot Chocolate,Afternoon,Tue,Mar,2,3
2025-03-11,2025-03-11 17:46:50,17,card,ANON-0000-0000-1184,35.76,Cappuccino,Night,Tue,Mar,2,3
2025-03-11,2025-03-11 18:56:52,18,card,ANON-0000-0000-1157,30.86,Americano with Milk,Night,Tue,Mar,2,3
2025-03-11,2025-03-11 19:07:14,19,card,ANON-0000-0000-1209,35.76,Latte,Night,Tue,Mar,2,3
2025-03-11,2025-03-11 20:08:56,20,card,ANON-0000-0000-1185,35.76,Cocoa,Night,Tue,Mar,2,3
2025-03-12,2025-03-12 11:11:39,11,card,ANON-0000-0000-1277,35.76,Cocoa,Morning,Wed,Mar,3,3
2025-03-12,2025-03-12 11:47:34,11,card,ANON-0000-0000-1161,30.86,Americano with Milk,Morning,Wed,Mar,3,3
2025-03-12,2025-03-12 11:50:15,11,card,ANON-0000-0000-1161,35.76,Cappuccino,Morning,Wed,Mar,3,3
2025-03-12,2025-03-12 11:55:56,11,card,ANON-0000-0000-1163,25.96,Americano,Morning,Wed,Mar,3,3
2025-03-12,2025-03-12 11:56:49,11,card,ANON-0000-0000-1163,25.96,Americano,Morning,Wed,Mar,3,3
2025-03-12,2025-03-12 12:06:11,12,card,ANON-0000-0000-1278,25.96,Americano,Afternoon,Wed,Mar,3,3
2025-03-12,2025-03-12 12:55:38,12,card,ANON-0000-0000-1279,35.76,Hot Chocolate,Afternoon,Wed,Mar,3,3
2025-03-12,2025-03-12 13:01:49,13,card,ANON-0000-0000-1280,35.76,Latte,Afternoon,Wed,Mar,3,3
2025-03-12,2025-03-12 13:56:24,13,card,ANON-0000-0000-1199,35.76,Latte,Afternoon,Wed,Mar,3,3
2025-03-12,2025-03-12 16:27:37,16,card,ANON-0000-0000-1281,35.76,Cappuccino,Afternoon,Wed,Mar,3,3
2025-03-12,2025-03-12 16:35:04,16,card,ANON-0000-0000-1191,35.76,Latte,Afternoon,Wed,Mar,3,3
2025-03-12,2025-03-12 16:36:01,16,card,ANON-0000-0000-1165,35.76,Latte,Afternoon,Wed,Mar,3,3
2025-03-12,2025-03-12 18:10:34,18,card,ANON-0000-0000-1170,25.96,Americano,Night,Wed,Mar,3,3
2025-03-12,2025-03-12 18:17:18,18,card,ANON-0000-0000-1264,35.76,Cocoa,Night,Wed,Mar,3,3
2025-03-12,2025-03-12 18:24:40,18,card,ANON-0000-0000-1282,25.96,Americano,Night,Wed,Mar,3,3
2025-03-12,2025-03-12 18:38:57,18,card,ANON-0000-0000-1158,35.76,Cappuccino,Night,Wed,Mar,3,3
2025-03-12,2025-03-12 18:42:14,18,card,ANON-0000-0000-1170,25.96,Americano,Night,Wed,Mar,3,3
2025-03-13,2025-03-13 07:01:36,7,card,ANON-0000-0000-1161,35.76,Cappuccino,Morning,Thu,Mar,4,3
2025-03-13,2025-03-13 08:23:17,8,card,ANON-0000-0000-1153,30.86,Americano with Milk,Morning,Thu,Mar,4,3
2025-03-13,2025-03-13 09:04:47,9,card,ANON-0000-0000-1163,30.86,Americano with Milk,Morning,Thu,Mar,4,3
2025-03-13,2025-03-13 09:20:09,9,card,ANON-0000-0000-1168,35.76,Latte,Morning,Thu,Mar,4,3
2025-03-13,2025-03-13 09:22:05,9,card,ANON-0000-0000-1207,21.06,Espresso,Morning,Thu,Mar,4,3
2025-03-13,2025-03-13 09:38:20,9,card,ANON-0000-0000-1283,25.96,Americano,Morning,Thu,Mar,4,3
2025-03-13,2025-03-13 09:39:15,9,card,ANON-0000-0000-1284,30.86,Americano with Milk,Morning,Thu,Mar,4,3
2025-03-13,2025-03-13 11:18:02,11,card,ANON-0000-0000-1167,25.96,Americano,Morning,Thu,Mar,4,3
2025-03-13,2025-03-13 12:13:37,12,card,ANON-0000-0000-1191,35.76,Latte,Afternoon,Thu,Mar,4,3
2025-03-13,2025-03-13 14:53:50,14,card,ANON-0000-0000-1285,30.86,Americano with Milk,Afternoon,Thu,Mar,4,3
2025-03-13,2025-03-13 14:55:32,14,card,ANON-0000-0000-1194,25.96,Americano,Afternoon,Thu,Mar,4,3
2025-03-13,2025-03-13 18:47:44,18,card,ANON-0000-0000-1158,35.76,Cappuccino,Night,Thu,Mar,4,3
2025-03-14,2025-03-14 07:55:06,7,card,ANON-0000-0000-1170,25.96,Americano,Morning,Fri,Mar,5,3
2025-03-14,2025-03-14 08:13:40,8,card,ANON-0000-0000-1286,30.86,Americano with Milk,Morning,Fri,Mar,5,3
2025-03-14,2025-03-14 08:59:27,8,card,ANON-0000-0000-1271,25.96,Americano,Morning,Fri,Mar,5,3
2025-03-14,2025-03-14 09:00:30,9,card,ANON-0000-0000-1287,35.76,Latte,Morning,Fri,Mar,5,3
2025-03-14,2025-03-14 09:26:08,9,card,ANON-0000-0000-1207,21.06,Espresso,Morning,Fri,Mar,5,3
2025-03-14,2025-03-14 09:28:37,9,card,ANON-0000-0000-1170,25.96,Americano,Morning,Fri,Mar,5,3
2025-03-14,2025-03-14 10:20:51,10,card,ANON-0000-0000-1110,25.96,Americano,Morning,Fri,Mar,5,3
2025-03-14,2025-03-14 10:48:23,10,card,ANON-0000-0000-1288,35.76,Latte,Morning,Fri,Mar,5,3
2025-03-14,2025-03-14 10:49:28,10,card,ANON-0000-0000-1288,35.76,Cappuccino,Morning,Fri,Mar,5,3
2025-03-14,2025-03-14 14:35:17,14,card,ANON-0000-0000-1170,25.96,Americano,Afternoon,Fri,Mar,5,3
2025-03-14,2025-03-14 14:36:22,14,card,ANON-0000-0000-1165,35.76,Latte,Afternoon,Fri,Mar,5,3
2025-03-14,2025-03-14 15:54:21,15,card,ANON-0000-0000-1191,35.76,Latte,Afternoon,Fri,Mar,5,3
2025-03-14,2025-03-14 15:55:41,15,card,ANON-0000-0000-1165,35.76,Latte,Afternoon,Fri,Mar,5,3
2025-03-14,2025-03-14 16:27:04,16,card,ANON-0000-0000-1170,25.96,Americano,Afternoon,Fri,Mar,5,3
2025-03-14,2025-03-14 16:31:00,16,card,ANON-0000-0000-1276,35.76,Cocoa,Afternoon,Fri,Mar,5,3
2025-03-14,2025-03-14 16:31:55,16,card,ANON-0000-0000-1289,35.76,Cocoa,Afternoon,Fri,Mar,5,3
2025-03-14,2025-03-14 16:32:40,16,card,ANON-0000-0000-1289,35.76,Cocoa,Afternoon,Fri,Mar,5,3
2025-03-14,2025-03-14 17:05:24,17,card,ANON-0000-0000-1290,25.96,Americano,Night,Fri,Mar,5,3
2025-03-14,2025-03-14 17:22:15,17,card,ANON-0000-0000-1167,25.96,Americano,Night,Fri,Mar,5,3
2025-03-14,2025-03-14 17:27:15,17,card,ANON-0000-0000-1191,35.76,Latte,Night,Fri,Mar,5,3
2025-03-14,2025-03-14 17:28:38,17,card,ANON-0000-0000-1165,35.76,Latte,Night,Fri,Mar,5,3
2025-03-14,2025-03-14 20:20:22,20,card,ANON-0000-0000-1291,25.96,Americano,Night,Fri,Mar,5,3
2025-03-14,2025-03-14 21:40:44,21,card,ANON-0000-0000-1214,25.96,Americano,Night,Fri,Mar,5,3
2025-03-15,2025-03-15 09:53:22,9,card,ANON-0000-0000-1163,30.86,Americano with Milk,Morning,Sat,Mar,6,3
2025-03-15,2025-03-15 10:03:23,10,card,ANON-0000-0000-1158,35.76,Cappuccino,Morning,Sat,Mar,6,3
2025-03-15,2025-03-15 13:55:42,13,card,ANON-0000-0000-1167,25.96,Americano,Afternoon,Sat,Mar,6,3
2025-03-15,2025-03-15 17:10:23,17,card,ANON-0000-0000-0046,35.76,Cappuccino,Night,Sat,Mar,6,3
2025-03-15,2025-03-15 17:12:08,17,card,ANON-0000-0000-1152,30.86,Americano with Milk,Night,Sat,Mar,6,3
2025-03-15,2025-03-15 19:30:37,19,card,ANON-0000-0000-1217,30.86,Americano with Milk,Night,Sat,Mar,6,3
2025-03-15,2025-03-15 19:51:27,19,card,ANON-0000-0000-1292,35.76,Cappuccino,Night,Sat,Mar,6,3
2025-03-16,2025-03-16 09:32:17,9,card,ANON-0000-0000-1161,35.76,Cappuccino,Morning,Sun,Mar,7,3
2025-03-16,2025-03-16 09:36:23,9,card,ANON-0000-0000-1293,30.86,Americano with Milk,Morning,Sun,Mar,7,3
2025-03-16,2025-03-16 10:50:09,10,card,ANON-0000-0000-1294,35.76,Latte,Morning,Sun,Mar,7,3
2025-03-16,2025-03-16 12:00:47,12,card,ANON-0000-0000-1294,35.76,Hot Chocolate,Afternoon,Sun,Mar,7,3
2025-03-16,2025-03-16 14:22:43,14,card,ANON-0000-0000-1170,25.96,Americano,Afternoon,Sun,Mar,7,3
2025-03-17,2025-03-17 06:54:41,6,card,ANON-0000-0000-1163,25.96,Americano,Morning,Mon,Mar,1,3
2025-03-17,2025-03-17 08:09:50,8,card,ANON-0000-0000-1110,25.96,Americano,Morning,Mon,Mar,1,3
2025-03-17,2025-03-17 08:18:03,8,card,ANON-0000-0000-1110,25.96,Americano,Morning,Mon,Mar,1,3
2025-03-17,2025-03-17 09:02:59,9,card,ANON-0000-0000-1153,30.86,Americano with Milk,Morning,Mon,Mar,1,3
2025-03-17,2025-03-17 10:32:40,10,card,ANON-0000-0000-1163,25.96,Americano,Morning,Mon,Mar,1,3
2025-03-17,2025-03-17 13:59:01,13,card,ANON-0000-0000-1203,25.96,Americano,Afternoon,Mon,Mar,1,3
2025-03-17,2025-03-17 14:21:25,14,card,ANON-0000-0000-1276,35.76,Cocoa,Afternoon,Mon,Mar,1,3
2025-03-17,2025-03-17 14:22:20,14,card,ANON-0000-0000-1276,35.76,Cocoa,Afternoon,Mon,Mar,1,3
2025-03-17,2025-03-17 14:48:04,14,card,ANON-0000-0000-1295,35.76,Latte,Afternoon,Mon,Mar,1,3
2025-03-17,2025-03-17 15:11:17,15,card,ANON-0000-0000-1158,35.76,Cappuccino,Afternoon,Mon,Mar,1,3
2025-03-17,2025-03-17 15:47:16,15,card,ANON-0000-0000-1165,35.76,Latte,Afternoon,Mon,Mar,1,3
2025-03-17,2025-03-17 15:48:58,15,card,ANON-0000-0000-1191,35.76,Latte,Afternoon,Mon,Mar,1,3
2025-03-17,2025-03-17 16:46:45,16,card,ANON-0000-0000-1167,25.96,Americano,Afternoon,Mon,Mar,1,3
2025-03-18,2025-03-18 08:23:11,8,card,ANON-0000-0000-1296,30.86,Americano with Milk,Morning,Tue,Mar,2,3
2025-03-18,2025-03-18 08:33:50,8,card,ANON-0000-0000-1168,35.76,Latte,Morning,Tue,Mar,2,3
2025-03-18,2025-03-18 10:49:51,10,card,ANON-0000-0000-1215,35.76,Latte,Morning,Tue,Mar,2,3
2025-03-18,2025-03-18 10:51:18,10,card,ANON-0000-0000-1215,25.96,Americano,Morning,Tue,Mar,2,3
2025-03-18,2025-03-18 11:47:20,11,card,ANON-0000-0000-1297,35.76,Hot Chocolate,Morning,Tue,Mar,2,3
2025-03-18,2025-03-18 11:48:56,11,card,ANON-0000-0000-1297,35.76,Hot Chocolate,Morning,Tue,Mar,2,3
2025-03-18,2025-03-18 14:43:35,14,card,ANON-0000-0000-1293,30.86,Americano with Milk,Afternoon,Tue,Mar,2,3
2025-03-18,2025-03-18 15:03:53,15,card,ANON-0000-0000-1110,25.96,Americano,Afternoon,Tue,Mar,2,3
2025-03-18,2025-03-18 15:11:07,15,card,ANON-0000-0000-1166,30.86,Americano with Milk,Afternoon,Tue,Mar,2,3
2025-03-18,2025-03-18 16:09:08,16,card,ANON-0000-0000-1203,25.96,Americano,Afternoon,Tue,Mar,2,3
2025-03-18,2025-03-18 16:11:45,16,card,ANON-0000-0000-1165,35.76,Latte,Afternoon,Tue,Mar,2,3
2025-03-18,2025-03-18 16:23:21,16,card,ANON-0000-0000-1203,21.06,Espresso,Afternoon,Tue,Mar,2,3
2025-03-18,2025-03-18 18:42:31,18,card,ANON-0000-0000-1163,35.76,Cocoa,Night,Tue,Mar,2,3
2025-03-18,2025-03-18 18:43:17,18,card,ANON-0000-0000-1163,35.76,Cocoa,Night,Tue,Mar,2,3
2025-03-18,2025-03-18 20:00:35,20,card,ANON-0000-0000-1276,35.76,Cocoa,Night,Tue,Mar,2,3
2025-03-18,2025-03-18 20:01:38,20,card,ANON-0000-0000-1276,35.76,Cocoa,Night,Tue,Mar,2,3
2025-03-18,2025-03-18 21:20:40,21,card,ANON-0000-0000-1298,35.76,Latte,Night,Tue,Mar,2,3
2025-03-19,2025-03-19 07:03:07,7,card,ANON-0000-0000-1152,25.96,Americano,Morning,Wed,Mar,3,3
2025-03-19,2025-03-19 07:04:09,7,card,ANON-0000-0000-0261,25.96,Americano,Morning,Wed,Mar,3,3
2025-03-19,2025-03-19 07:06:35,7,card,ANON-0000-0000-1161,35.76,Cappuccino,Morning,Wed,Mar,3,3
2025-03-19,2025-03-19 08:03:18,8,card,ANON-0000-0000-0019,25.96,Americano,Morning,Wed,Mar,3,3
2025-03-19,2025-03-19 10:18:39,10,card,ANON-0000-0000-1227,35.76,Hot Chocolate,Morning,Wed,Mar,3,3
2025-03-19,2025-03-19 11:55:40,11,card,ANON-0000-0000-1110,25.96,Americano,Morning,Wed,Mar,3,3
2025-03-19,2025-03-19 12:58:27,12,card,ANON-0000-0000-1299,25.96,Americano,Afternoon,Wed,Mar,3,3
2025-03-19,2025-03-19 15:12:53,15,card,ANON-0000-0000-1295,35.76,Latte,Afternoon,Wed,Mar,3,3
2025-03-19,2025-03-19 15:14:23,15,card,ANON-0000-0000-1300,35.76,Latte,Afternoon,Wed,Mar,3,3
2025-03-19,2025-03-19 16:19:34,16,card,ANON-0000-0000-1191,35.76,Latte,Afternoon,Wed,Mar,3,3
2025-03-19,2025-03-19 16:29:56,16,card,ANON-0000-0000-1167,25.96,Americano,Afternoon,Wed,Mar,3,3
2025-03-19,2025-03-19 16:40:34,16,card,ANON-0000-0000-1158,35.76,Cappuccino,Afternoon,Wed,Mar,3,3
2025-03-19,2025-03-19 16:42:16,16,card,ANON-0000-0000-1158,35.76,Cappuccino,Afternoon,Wed,Mar,3,3
2025-03-19,2025-03-19 16:51:35,16,card,ANON-0000-0000-1152,25.96,Americano,Afternoon,Wed,Mar,3,3
2025-03-19,2025-03-19 16:52:30,16,card,ANON-0000-0000-1110,25.96,Americano,Afternoon,Wed,Mar,3,3
2025-03-19,2025-03-19 17:00:00,17,card,ANON-0000-0000-1275,35.76,Cocoa,Night,Wed,Mar,3,3
2025-03-19,2025-03-19 17:09:55,17,card,ANON-0000-0000-1219,30.86,Americano with Milk,Night,Wed,Mar,3,3
2025-03-19,2025-03-19 17:27:40,17,card,ANON-0000-0000-1222,30.86,Americano with Milk,Night,Wed,Mar,3,3
2025-03-19,2025-03-19 18:29:50,18,card,ANON-0000-0000-1301,25.96,Cortado,Night,Wed,Mar,3,3
2025-03-19,2025-03-19 18:30:44,18,card,ANON-0000-0000-1302,21.06,Espresso,Night,Wed,Mar,3,3
2025-03-19,2025-03-19 18:31:26,18,card,ANON-0000-0000-1303,21.06,Espresso,Night,Wed,Mar,3,3
2025-03-20,2025-03-20 08:13:16,8,card,ANON-0000-0000-1304,30.86,Americano with Milk,Morning,Thu,Mar,4,3
2025-03-20,2025-03-20 09:52:05,9,card,ANON-0000-0000-1152,30.86,Americano with Milk,Morning,Thu,Mar,4,3
2025-03-20,2025-03-20 10:06:44,10,card,ANON-0000-0000-1293,30.86,Americano with Milk,Morning,Thu,Mar,4,3
2025-03-20,2025-03-20 10:45:44,10,card,ANON-0000-0000-1305,25.96,Americano,Morning,Thu,Mar,4,3
2025-03-20,2025-03-20 10:55:17,10,card,ANON-0000-0000-1110,25.96,Americano,Morning,Thu,Mar,4,3
2025-03-20,2025-03-20 12:48:24,12,card,ANON-0000-0000-1306,25.96,Americano,Afternoon,Thu,Mar,4,3
2025-03-20,2025-03-20 14:04:44,14,card,ANON-0000-0000-1152,25.96,Americano,Afternoon,Thu,Mar,4,3
2025-03-20,2025-03-20 14:20:38,14,card,ANON-0000-0000-1290,25.96,Americano,Afternoon,Thu,Mar,4,3
2025-03-20,2025-03-20 14:21:42,14,card,ANON-0000-0000-1290,21.06,Espresso,Afternoon,Thu,Mar,4,3
2025-03-20,2025-03-20 14:25:05,14,card,ANON-0000-0000-1307,25.96,Cortado,Afternoon,Thu,Mar,4,3
2025-03-20,2025-03-20 14:26:47,14,card,ANON-0000-0000-1308,35.76,Cappuccino,Afternoon,Thu,Mar,4,3
2025-03-20,2025-03-20 14:59:47,14,card,ANON-0000-0000-1161,35.76,Cappuccino,Afternoon,Thu,Mar,4,3
2025-03-20,2025-03-20 15:05:22,15,card,ANON-0000-0000-1170,25.96,Americano,Afternoon,Thu,Mar,4,3
2025-03-20,2025-03-20 15:21:52,15,card,ANON-0000-0000-1276,25.96,Americano,Afternoon,Thu,Mar,4,3
2025-03-20,2025-03-20 16:45:45,16,card,ANON-0000-0000-1158,35.76,Cappuccino,Afternoon,Thu,Mar,4,3
2025-03-20,2025-03-20 17:23:51,17,card,ANON-0000-0000-1309,25.96,Americano,Night,Thu,Mar,4,3
2025-03-20,2025-03-20 18:55:59,18,card,ANON-0000-0000-1233,35.76,Hot Chocolate,Night,Thu,Mar,4,3
2025-03-20,2025-03-20 19:36:42,19,card,ANON-0000-0000-1310,35.76,Cocoa,Night,Thu,Mar,4,3
2025-03-20,2025-03-20 19:57:48,19,card,ANON-0000-0000-1158,35.76,Cappuccino,Night,Thu,Mar,4,3
2025-03-20,2025-03-20 21:50:16,21,card,ANON-0000-0000-1298,35.76,Latte,Night,Thu,Mar,4,3
2025-03-21,2025-03-21 07:06:12,7,card,ANON-0000-0000-1163,30.86,Americano with Milk,Morning,Fri,Mar,5,3
2025-03-21,2025-03-21 07:09:08,7,card,ANON-0000-0000-1163,30.86,Americano with Milk,Morning,Fri,Mar,5,3
2025-03-21,2025-03-21 08:16:44,8,card,ANON-0000-0000-1306,25.96,Americano,Morning,Fri,Mar,5,3
2025-03-21,2025-03-21 08:28:37,8,card,ANON-0000-0000-1110,25.96,Americano,Morning,Fri,Mar,5,3
2025-03-21,2025-03-21 08:29:21,8,card,ANON-0000-0000-1110,25.96,Americano,Morning,Fri,Mar,5,3
2025-03-21,2025-03-21 08:35:19,8,card,ANON-0000-0000-1311,35.76,Cappuccino,Morning,Fri,Mar,5,3
2025-03-21,2025-03-21 11:50:09,11,card,ANON-0000-0000-1163,25.96,Americano,Morning,Fri,Mar,5,3
2025-03-21,2025-03-21 11:51:08,11,card,ANON-0000-0000-0019,35.76,Latte,Morning,Fri,Mar,5,3
2025-03-21,2025-03-21 13:02:48,13,card,ANON-0000-0000-1306,25.96,Americano,Afternoon,Fri,Mar,5,3
2025-03-21,2025-03-21 13:23:57,13,card,ANON-0000-0000-1275,35.76,Latte,Afternoon,Fri,Mar,5,3
2025-03-21,2025-03-21 14:11:44,14,card,ANON-0000-0000-1158,35.76,Cappuccino,Afternoon,Fri,Mar,5,3
2025-03-21,2025-03-21 15:09:03,15,card,ANON-0000-0000-1312,35.76,Cappuccino,Afternoon,Fri,Mar,5,3
2025-03-21,2025-03-21 15:24:43,15,card,ANON-0000-0000-1170,25.96,Americano,Afternoon,Fri,Mar,5,3
2025-03-21,2025-03-21 15:28:20,15,card,ANON-0000-0000-1110,35.76,Latte,Afternoon,Fri,Mar,5,3
2025-03-21,2025-03-21 15:29:32,15,card,ANON-0000-0000-1163,35.76,Cappuccino,Afternoon,Fri,Mar,5,3
2025-03-21,2025-03-21 17:01:29,17,card,ANON-0000-0000-1259,35.76,Hot Chocolate,Night,Fri,Mar,5,3
2025-03-21,2025-03-21 17:21:17,17,card,ANON-0000-0000-1165,35.76,Latte,Night,Fri,Mar,5,3
2025-03-21,2025-03-21 17:22:50,17,card,ANON-0000-0000-1191,35.76,Latte,Night,Fri,Mar,5,3
2025-03-21,2025-03-21 18:52:13,18,card,ANON-0000-0000-0507,35.76,Latte,Night,Fri,Mar,5,3
2025-03-21,2025-03-21 18:59:24,18,card,ANON-0000-0000-1170,25.96,Americano,Night,Fri,Mar,5,3
2025-03-22,2025-03-22 09:05:13,9,card,ANON-0000-0000-1274,30.86,Americano with Milk,Morning,Sat,Mar,6,3
2025-03-22,2025-03-22 10:30:09,10,card,ANON-0000-0000-1152,30.86,Americano with Milk,Morning,Sat,Mar,6,3
2025-03-22,2025-03-22 11:14:06,11,card,ANON-0000-0000-1259,35.76,Hot Chocolate,Morning,Sat,Mar,6,3
2025-03-22,2025-03-22 11:41:21,11,card,ANON-0000-0000-1279,35.76,Cocoa,Morning,Sat,Mar,6,3
2025-03-22,2025-03-22 12:18:27,12,card,ANON-0000-0000-1313,30.86,Americano with Milk,Afternoon,Sat,Mar,6,3
2025-03-22,2025-03-22 12:26:00,12,card,ANON-0000-0000-1306,25.96,Americano,Afternoon,Sat,Mar,6,3
2025-03-22,2025-03-22 13:06:22,13,card,ANON-0000-0000-1309,25.96,Americano,Afternoon,Sat,Mar,6,3
2025-03-22,2025-03-22 13:23:18,13,card,ANON-0000-0000-1267,30.86,Americano with Milk,Afternoon,Sat,Mar,6,3
2025-03-22,2025-03-22 15:57:58,15,card,ANON-0000-0000-1302,21.06,Espresso,Afternoon,Sat,Mar,6,3
2025-03-22,2025-03-22 16:27:00,16,card,ANON-0000-0000-1274,35.76,Latte,Afternoon,Sat,Mar,6,3
2025-03-22,2025-03-22 17:53:36,17,card,ANON-0000-0000-1274,30.86,Americano with Milk,Night,Sat,Mar,6,3
2025-03-22,2025-03-22 19:16:53,19,card,ANON-0000-0000-1314,30.86,Americano with Milk,Night,Sat,Mar,6,3
2025-03-23,2025-03-23 10:07:11,10,card,ANON-0000-0000-1196,35.76,Latte,Morning,Sun,Mar,7,3
2025-03-23,2025-03-23 10:34:55,10,card,ANON-0000-0000-1158,35.76,Cappuccino,Morning,Sun,Mar,7,3
2025-03-23,2025-03-23 14:43:37,14,card,ANON-0000-0000-1315,35.76,Cocoa,Afternoon,Sun,Mar,7,3
2025-03-23,2025-03-23 14:44:17,14,card,ANON-0000-0000-1315,35.76,Cocoa,Afternoon,Sun,Mar,7,3
2025-03-23,2025-03-23 15:47:29,15,card,ANON-0000-0000-1316,25.96,Americano,Afternoon,Sun,Mar,7,3
2025-03-23,2025-03-23 18:11:39,18,card,ANON-0000-0000-1275,35.76,Latte,Night,Sun,Mar,7,3
